Item Title,Publication Title,Book Series Title,Journal Volume,Journal Issue,Item DOI,Authors,Publication Year,URL,Content Type
Modeling flow information of loops using compositional condition of controls,The Journal of Supercomputing,,,,10.1007/s11227-014-1308-5,Saeed ParsaMehdi Sakhaei-nia,2014,https://link.springer.com/article/10.1007/s11227-014-1308-5,Article
Formal Verification of Loop Bound Estimation for WCET Analysis,"Verified Software: Theories, Tools, Experiments",,,,10.1007/978-3-642-54108-7_15,Sandrine BlazyAndré MaronezeDavid Pichardie,2014,https://link.springer.com/chapter/10.1007/978-3-642-54108-7_15,Conference paper
Extracting finite state representation of Java programs,Software & Systems Modeling,,,,10.1007/s10270-014-0415-3,Tamal SenRajib Mall,2014,https://link.springer.com/article/10.1007/s10270-014-0415-3,Article
Integrating deductive verification and symbolic execution for abstract object creation in dynamic logic,Software & Systems Modeling,,,,10.1007/s10270-014-0446-9,Stijn de GouwFrank de BoerWolfgang AhrendtRichard Bubel,2014,https://link.springer.com/article/10.1007/s10270-014-0446-9,Article
Liveness-Based Garbage Collection,Compiler Construction,,,,10.1007/978-3-642-54807-9_5,Rahul AsatiAmitabha SanyalAmey KarkareAlan Mycroft,2014,https://link.springer.com/chapter/10.1007/978-3-642-54807-9_5,Conference paper
Charting the API minefield using software telemetry data,Empirical Software Engineering,,,,10.1007/s10664-014-9343-7,Maria KechagiaDimitris MitropoulosDiomidis Spinellis,2014,https://link.springer.com/article/10.1007/s10664-014-9343-7,Article
A large study on the effect of code obfuscation on the quality of java code,Empirical Software Engineering,,,,10.1007/s10664-014-9321-0,Mariano CeccatoAndrea CapiluppiPaolo FalcarinCornelia Boldyreff,2014,https://link.springer.com/article/10.1007/s10664-014-9321-0,Article
Formal modeling and analysis of resource management for cloud architectures: an industrial case study using Real-Time ABS,Service Oriented Computing and Applications,,,,10.1007/s11761-013-0148-0,Elvira AlbertFrank S. de BoerReiner HähnleEinar Broch JohnsenRudolf SchlatteS. Lizeth Tapia TarifaPeter Y. H. Wong,2013,https://link.springer.com/article/10.1007/s11761-013-0148-0,Article
Formal Architecture Specification for Time Analysis,Architecture of Computing Systems – ARCS 2014,,,,10.1007/978-3-319-04891-8_9,Hajer HerbegueMamoun FilaliHugues Cassé,2014,https://link.springer.com/chapter/10.1007/978-3-319-04891-8_9,Conference paper
Practical verification of decision-making in agent-based autonomous systems,Automated Software Engineering,,,,10.1007/s10515-014-0168-9,Louise A. DennisMichael FisherNicholas K. LincolnAlexei LisitsaSandor M. Veres,2014,https://link.springer.com/article/10.1007/s10515-014-0168-9,Article
Real-Time Maude and Its Applications,Rewriting Logic and Its Applications,,,,10.1007/978-3-319-12904-4_3,Peter Csaba Ölveczky,2014,https://link.springer.com/chapter/10.1007/978-3-319-12904-4_3,Conference paper
Software Quality Assurance by Static Program Analysis,Software Quality. Model-Based Approaches for Advanced Software and Systems Engineering,,,,10.1007/978-3-319-03602-1_1,Reinhard Wilhelm,2014,https://link.springer.com/chapter/10.1007/978-3-319-03602-1_1,Conference paper
The KeY Platform for Verification and Analysis of Java Programs,"Verified Software: Theories, Tools and Experiments",,,,10.1007/978-3-319-12154-3_4,Wolfgang AhrendtBernhard BeckertDaniel BrunsRichard BubelChristoph GladischSarah GrebingReiner HähnleMartin HentschelMihai HerdaVladimir KlebanovWojciech MostowskiChristoph SchebenPeter H. SchmittMattias Ulbrich,2014,https://link.springer.com/chapter/10.1007/978-3-319-12154-3_4,Conference paper
"T3, a Combinator-Based Random Testing Tool for Java: Benchmarking",Future Internet Testing,,,,10.1007/978-3-319-07785-7_7,I. S. Wishnu B. Prasetya,2014,https://link.springer.com/chapter/10.1007/978-3-319-07785-7_7,Conference paper
Towards a Runtime Verification Framework for the Ada Programming Language,Reliable Software Technologies – Ada-Europe 2014,,,,10.1007/978-3-319-08311-7_6,André de Matos PedroDavid PereiraLuís Miguel PinhoJorge Sousa Pinto,2014,https://link.springer.com/chapter/10.1007/978-3-319-08311-7_6,Conference paper
Finding Best and Worst Case Execution Times of Systems Using Difference-Bound Matrices,Formal Modeling and Analysis of Timed Systems,,,,10.1007/978-3-319-10512-3_4,Omar Al-BatainehMark ReynoldsTim French,2014,https://link.springer.com/chapter/10.1007/978-3-319-10512-3_4,Conference paper
Certified Complexity (CerCo),Foundational and Practical Aspects of Resource Analysis,,,,10.1007/978-3-319-12466-7_1,Roberto M. AmadioNicolas AyacheFrancois BobotJaap P. BoenderBrian CampbellIlias GarnierAntoine MadetJames McKinnaDominic P. MulliganMauro PiccoloRandy PollackYann Régis-GianasClaudio Sacerdoti CoenIan StarkPaolo Tranquilli,2014,https://link.springer.com/chapter/10.1007/978-3-319-12466-7_1,Conference paper
Formal Semantics and Analysis of Timed Rebeca in Real-Time Maude,Formal Techniques for Safety-Critical Systems,,,,10.1007/978-3-319-05416-2_12,Zeynab Sabahi-KavianiRamtin KhosraviMarjan SirjaniPeter Csaba ÖlveczkyEhsan Khamespanah,2014,https://link.springer.com/chapter/10.1007/978-3-319-05416-2_12,Conference paper
Thoughtful brute-force attack of the RERS 2012 and 2013 Challenges,International Journal on Software Tools for Technology Transfer,,,,10.1007/s10009-014-0324-3,Jaco van de PolTheo C. RuysSteven te Brinke,2014,https://link.springer.com/article/10.1007/s10009-014-0324-3,Article
SCJ: Memory-Safety Checking without Annotations,FM 2014: Formal Methods,,,,10.1007/978-3-319-06410-9_32,Chris MarriottAna Cavalcanti,2014,https://link.springer.com/chapter/10.1007/978-3-319-06410-9_32,Conference paper
RV-Monitor: Efficient Parametric Runtime Verification with Simultaneous Properties,Runtime Verification,,,,10.1007/978-3-319-11164-3_24,Qingzhou LuoYi ZhangChoonghwan LeeDongyun JinPatrick O’Neil MeredithTraian Florin ŞerbănuţăGrigore Roşu,2014,https://link.springer.com/chapter/10.1007/978-3-319-11164-3_24,Conference paper
A toolset for conformance testing against UML sequence diagrams based on event-driven colored Petri nets,International Journal on Software Tools for Technology Transfer,,,,10.1007/s10009-014-0354-x,João Pascoal FariaAna C. R. Paiva,2014,https://link.springer.com/article/10.1007/s10009-014-0354-x,Article
Abstraction and Verification of Properties of a Real-Time Java,"ICT in Education, Research, and Industrial Applications",,,,10.1007/978-3-642-35737-4_1,Nadezhda BaklanovaMartin Strecker,2013,https://link.springer.com/chapter/10.1007/978-3-642-35737-4_1,Conference paper
Alternating Runtime and Size Complexity Analysis of Integer Programs,Tools and Algorithms for the Construction and Analysis of Systems,,,,10.1007/978-3-642-54862-8_10,Marc BrockschmidtFabian EmmesStephan FalkeCarsten FuhsJürgen Giesl,2014,https://link.springer.com/chapter/10.1007/978-3-642-54862-8_10,Conference paper
An overview of model checking practices on verification of PLC software,Software & Systems Modeling,,,,10.1007/s10270-014-0448-7,Tolga OvatmanAtakan AralDavut PolatAli Osman Ünver,2014,https://link.springer.com/article/10.1007/s10270-014-0448-7,Article
Evolution of the UniTESK test development technology,Programming and Computer Software,,,,10.1134/S0361768814050065,V. V. KulyaminA. K. Petrenko,2014,https://link.springer.com/article/10.1134/S0361768814050065,Article
Visualizing Unbounded Symbolic Execution,Tests and Proofs,,,,10.1007/978-3-319-09099-3_7,Martin HentschelReiner HähnleRichard Bubel,2014,https://link.springer.com/chapter/10.1007/978-3-319-09099-3_7,Conference paper
Towards harnessing theories through tool support for hard real-time Java programming,Innovations in Systems and Software Engineering,,,,10.1007/s11334-012-0185-4,Thomas BøgholmChristian FrostRené Rydhof HansenCasper Svenning JensenKasper Søe LuckowAnders P. RavnHans SøndergaardBent Thomsen,2012,https://link.springer.com/article/10.1007/s11334-012-0185-4,Article
Suppl: A Flexible Language for Policies,Programming Languages and Systems,,,,10.1007/978-3-319-12736-1_10,Robert DockinsAndrew Tolmach,2014,https://link.springer.com/chapter/10.1007/978-3-319-12736-1_10,Conference paper
Learning Fragments of the TCP Network Protocol,Formal Methods for Industrial Critical Systems,,,,10.1007/978-3-319-10702-8_6,Paul Fiterău-BroşteanRamon JanssenFrits Vaandrager,2014,https://link.springer.com/chapter/10.1007/978-3-319-10702-8_6,Conference paper
Characterising REGEX Languages by Regular Languages Equipped with Factor-Referencing,Developments in Language Theory,,,,10.1007/978-3-319-09698-8_13,Markus L. Schmid,2014,https://link.springer.com/chapter/10.1007/978-3-319-09698-8_13,Conference paper
Formalizing and Implementing Types in MSVL,Structured Object-Oriented Formal Language and Method,,,,10.1007/978-3-319-04915-1_5,Xiaobing WangZhenhua DuanLiang Zhao,2014,https://link.springer.com/chapter/10.1007/978-3-319-04915-1_5,Conference paper
Verified Compilation of Floating-Point Computations,Journal of Automated Reasoning,,,,10.1007/s10817-014-9317-x,Sylvie BoldoJacques-Henri JourdanXavier LeroyGuillaume Melquiond,2014,https://link.springer.com/article/10.1007/s10817-014-9317-x,Article
Observer/Interpreter P Systems,Membrane Computing,,,,10.1007/978-3-642-36751-9_25,Dragoş Sburlan,2013,https://link.springer.com/chapter/10.1007/978-3-642-36751-9_25,Conference paper
Formalizing Semantics with an Automatic Program Verifier,"Verified Software: Theories, Tools and Experiments",,,,10.1007/978-3-319-12154-3_3,Martin ClochardJean-Christophe FilliâtreClaude MarchéAndrei Paskevich,2014,https://link.springer.com/chapter/10.1007/978-3-319-12154-3_3,Conference paper
Copilot: monitoring embedded systems,Innovations in Systems and Software Engineering,,,,10.1007/s11334-013-0223-x,Lee PikeNis WegmannSebastian NillerAlwyn Goodloe,2013,https://link.springer.com/article/10.1007/s11334-013-0223-x,Article
Information Flow in Object-Oriented Software,Logic-Based Program Synthesis and Transformation,,,,10.1007/978-3-319-14125-1_2,Bernhard BeckertDaniel BrunsVladimir KlebanovChristoph SchebenPeter H. SchmittMattias Ulbrich,2014,https://link.springer.com/chapter/10.1007/978-3-319-14125-1_2,Conference paper
Runtime verification: the application perspective,International Journal on Software Tools for Technology Transfer,,,,10.1007/s10009-014-0360-z,Yliès FalconeLenore D. Zuck,2014,https://link.springer.com/article/10.1007/s10009-014-0360-z,Article
BDD-based software verification,International Journal on Software Tools for Technology Transfer,,,,10.1007/s10009-014-0334-1,Dirk BeyerAndreas Stahlbauer,2014,https://link.springer.com/article/10.1007/s10009-014-0334-1,Article
(Stochastic) Model Checking in GreatSPN,Application and Theory of Petri Nets and Concurrency,,,,10.1007/978-3-319-07734-5_19,Elvio Gilberto AmparoreMarco BeccutiSusanna Donatelli,2014,https://link.springer.com/chapter/10.1007/978-3-319-07734-5_19,Conference paper
Controlled execution with explicit model,Programming and Computer Software,,,,10.1134/S0361768814060127,V. B. BetelinV. A. GalatenkoK. A. Kostyukhin,2014,https://link.springer.com/article/10.1134/S0361768814060127,Article
A Survey on Domain-Specific Languages in Robotics,"Simulation, Modeling, and Programming for Autonomous Robots",,,,10.1007/978-3-319-11900-7_17,Arne NordmannNico HochgeschwenderSebastian Wrede,2014,https://link.springer.com/chapter/10.1007/978-3-319-11900-7_17,Conference paper
Analyzing program behavior through active automata learning,International Journal on Software Tools for Technology Transfer,,,,10.1007/s10009-014-0333-2,Oliver BauerMaren GeskeMalte Isberner,2014,https://link.springer.com/article/10.1007/s10009-014-0333-2,Article
Eve: A Parallel Event-Driven Programming Language,Euro-Par 2014: Parallel Processing Workshops,,,,10.1007/978-3-319-14313-2_15,Alcides FonsecaJoão RafaelBruno Cabral,2014,https://link.springer.com/chapter/10.1007/978-3-319-14313-2_15,Conference paper
Environment modeling and simulation for automated testing of soft real-time embedded software,Software & Systems Modeling,,,,10.1007/s10270-013-0328-6,Muhammad Zohaib IqbalAndrea ArcuriLionel Briand,2013,https://link.springer.com/article/10.1007/s10270-013-0328-6,Article
KIV: overview and VerifyThis competition,International Journal on Software Tools for Technology Transfer,,,,10.1007/s10009-014-0308-3,Gidon ErnstJörg PfählerGerhard SchellhornDominik HanebergWolfgang Reif,2014,https://link.springer.com/article/10.1007/s10009-014-0308-3,Article
On Programming and Policing Autonomic Computing Systems,"Leveraging Applications of Formal Methods, Verification and Validation. Technologies for Mastering Change",,,,10.1007/978-3-662-45234-9_12,Michele LoretiAndrea MargheriRosario PuglieseFrancesco Tiezzi,2014,https://link.springer.com/chapter/10.1007/978-3-662-45234-9_12,Conference paper
A Logical Encoding of Timed $$\pi $$ -Calculus,Logic-Based Program Synthesis and Transformation,,,,10.1007/978-3-319-14125-1_10,Neda Saeedloei,2014,https://link.springer.com/chapter/10.1007/978-3-319-14125-1_10,Conference paper
Test-Data Generation for Xtext,Software Language Engineering,,,,10.1007/978-3-319-11245-9_19,Johannes HärtelLukas HärtelRalf Lämmel,2014,https://link.springer.com/chapter/10.1007/978-3-319-11245-9_19,Conference paper
Unit Testing Tool Competitions – Lessons Learned,Future Internet Testing,,,,10.1007/978-3-319-07785-7_5,Sebastian BauersfeldTanja E. J. VosKiran Lakhotia,2014,https://link.springer.com/chapter/10.1007/978-3-319-07785-7_5,Conference paper
Computer-aided discovery of formal specification behavioral requirements and requirement to implementation mappings,Innovations in Systems and Software Engineering,,,,10.1007/s11334-014-0235-1,Doron Drusinsky,2014,https://link.springer.com/article/10.1007/s11334-014-0235-1,Article
First International Competition on Software for Runtime Verification,Runtime Verification,,,,10.1007/978-3-319-11164-3_1,Ezio BartocciBorzoo BonakdarpourYliès Falcone,2014,https://link.springer.com/chapter/10.1007/978-3-319-11164-3_1,Conference paper
iscasMc: A Web-Based Probabilistic Model Checker,FM 2014: Formal Methods,,,,10.1007/978-3-319-06410-9_22,Ernst Moritz HahnYi LiSven ScheweAndrea TurriniLijun Zhang,2014,https://link.springer.com/chapter/10.1007/978-3-319-06410-9_22,Conference paper
Property-driven benchmark generation: synthesizing programs of realistic structure,International Journal on Software Tools for Technology Transfer,,,,10.1007/s10009-014-0336-z,Bernhard SteffenMalte IsbernerStefan NaujokatTiziana MargariaMaren Geske,2014,https://link.springer.com/article/10.1007/s10009-014-0336-z,Article
Finding fault with fault injection: an empirical exploration of distortion in fault injection experiments,Software Quality Journal,,,,10.1007/s11219-014-9261-3,Erik van der KouweCristiano GiuffridaAndrew S. Tanenbaum,2014,https://link.springer.com/article/10.1007/s11219-014-9261-3,Article
Real-Time Runtime Verification on Chip,Runtime Verification,,,,10.1007/978-3-642-35632-2_13,Thomas ReinbacherMatthias FüggerJörg Brauer,2013,https://link.springer.com/chapter/10.1007/978-3-642-35632-2_13,Conference paper
Formal Proofs of Code Generation and Verification Tools,Software Engineering and Formal Methods,,,,10.1007/978-3-319-10431-7_1,Xavier Leroy,2014,https://link.springer.com/chapter/10.1007/978-3-319-10431-7_1,Conference paper
A logic of intention and action for regular BDI agents based on bisimulation of agent programs,Autonomous Agents and Multi-Agent Systems,,,,10.1007/s10458-014-9263-3,Wayne Wobcke,2014,https://link.springer.com/article/10.1007/s10458-014-9263-3,Article
Generating Specialized Interpreters for Modular Structural Operational Semantics,Logic-Based Program Synthesis and Transformation,,,,10.1007/978-3-319-14125-1_13,Casper Bach PoulsenPeter D. Mosses,2014,https://link.springer.com/chapter/10.1007/978-3-319-14125-1_13,Conference paper
Combining Stochastic Grammars and Genetic Programming for Coverage Testing at the System Level,Search-Based Software Engineering,,,,10.1007/978-3-319-09940-8_10,Fitsum Meshesha KifetewRoberto TiellaPaolo Tonella,2014,https://link.springer.com/chapter/10.1007/978-3-319-09940-8_10,Conference paper
Checking Linearizability of Encapsulated Extended Operations,Programming Languages and Systems,,,,10.1007/978-3-642-54833-8_17,Oren ZomerGuy Golan-GuetaG. RamalingamMooly Sagiv,2014,https://link.springer.com/chapter/10.1007/978-3-642-54833-8_17,Conference paper
On Code Coverage of Extended FSM Based Test Suites: An Initial Assessment,Testing Software and Systems,,,,10.1007/978-3-662-44857-1_16,Khaled El-FakihTariq SalamehNina Yevtushenko,2014,https://link.springer.com/chapter/10.1007/978-3-662-44857-1_16,Conference paper
Portable Runtime Verification with Smartphones and Optical Codes,Runtime Verification,,,,10.1007/978-3-319-11164-3_7,Kim LavoieCorentin LeplongeonSimon VarvaressosSébastien GabourySylvain Hallé,2014,https://link.springer.com/chapter/10.1007/978-3-319-11164-3_7,Conference paper
Extensible environment for test program generation for microprocessors,Programming and Computer Software,,,,10.1134/S0361768814010046,A. S. KamkinT. I. SergeevaS. A. SmolovA. D. TatarnikovM. M. Chupilko,2014,https://link.springer.com/article/10.1134/S0361768814010046,Article
Verified Efficient Implementation of Gabow’s Strongly Connected Component Algorithm,Interactive Theorem Proving,,,,10.1007/978-3-319-08970-6_21,Peter Lammich,2014,https://link.springer.com/chapter/10.1007/978-3-319-08970-6_21,Conference paper
Automatic Atomicity Verification for Clients of Concurrent Data Structures,Computer Aided Verification,,,,10.1007/978-3-319-08867-9_37,Mohsen LesaniTodd MillsteinJens Palsberg,2014,https://link.springer.com/chapter/10.1007/978-3-319-08867-9_37,Conference paper
Risk-based testing via active continuous quality control,International Journal on Software Tools for Technology Transfer,,,,10.1007/s10009-014-0321-6,Johannes NeubauerStephan WindmüllerBernhard Steffen,2014,https://link.springer.com/article/10.1007/s10009-014-0321-6,Article
uBuild: Automated Testing and Performance Evaluation of Embedded Linux Systems,Architecture of Computing Systems – ARCS 2014,,,,10.1007/978-3-319-04891-8_11,Fabio ErculianiLuca AbeniLuigi Palopoli,2014,https://link.springer.com/chapter/10.1007/978-3-319-04891-8_11,Conference paper
The Scribble Protocol Language,Trustworthy Global Computing,,,,10.1007/978-3-319-05119-2_3,Nobuko YoshidaRaymond HuRumyana NeykovaNicholas Ng,2014,https://link.springer.com/chapter/10.1007/978-3-319-05119-2_3,Conference paper
Lazy Symbolic Execution for Enhanced Learning,Runtime Verification,,,,10.1007/978-3-319-11164-3_27,Duc-Hiep ChuJoxan JaffarVijayaraghavan Murali,2014,https://link.springer.com/chapter/10.1007/978-3-319-11164-3_27,Conference paper
Complexity of Extended vs. Classic LR Parsers,Descriptional Complexity of Formal Systems,,,,10.1007/978-3-319-09704-6_8,Angelo BorsottiLuca BreveglieriStefano Crespi ReghizziAngelo Morzenti,2014,https://link.springer.com/chapter/10.1007/978-3-319-09704-6_8,Conference paper
A Declarative Compositional Timing Analysis for Multicores Using the Latency-Rate Abstraction,Practical Aspects of Declarative Languages,,,,10.1007/978-3-642-45284-0_4,Vítor RodriguesBenny AkessonSimão Melo de SousaMário Florido,2013,https://link.springer.com/chapter/10.1007/978-3-642-45284-0_4,Conference paper
Cooperative Software Testing and Analysis: Advances and Challenges,Journal of Computer Science and Technology,,,,10.1007/s11390-014-1461-6,Tao XieLu ZhangXusheng XiaoYing-Fei XiongDan Hao,2014,https://link.springer.com/article/10.1007/s11390-014-1461-6,Article
fUML-Driven Design and Performance Analysis of Software Agents for Wireless Sensor Network,Software Architecture,,,,10.1007/978-3-319-09970-5_28,Luca BerardinelliAntinisca Di MarcoStefano Pace,2014,https://link.springer.com/chapter/10.1007/978-3-319-09970-5_28,Conference paper
An executable formal semantics for UML-RT,Software & Systems Modeling,,,,10.1007/s10270-014-0399-z,Ernesto PosseJuergen Dingel,2014,https://link.springer.com/article/10.1007/s10270-014-0399-z,Article
Hybrid Debugging of Java Programs,Software and Data Technologies,,,,10.1007/978-3-642-36177-7_6,Christian HermannsHerbert Kuchen,2013,https://link.springer.com/chapter/10.1007/978-3-642-36177-7_6,Conference paper
Automated test generation using model checking: an industrial evaluation,International Journal on Software Tools for Technology Transfer,,,,10.1007/s10009-014-0355-9,Eduard P. EnoiuAdnan ČauševićThomas J. OstrandElaine J. WeyukerDaniel SundmarkPaul Pettersson,2014,https://link.springer.com/article/10.1007/s10009-014-0355-9,Article
A Simulated Fault Injection Framework for Time-Triggered Safety-Critical Embedded Systems,"Computer Safety, Reliability, and Security",,,,10.1007/978-3-319-10506-2_1,Iban AyestaranCarlos F. NicolasJon PerezAsier LarruceaPeter Puschner,2014,https://link.springer.com/chapter/10.1007/978-3-319-10506-2_1,Conference paper
Formal verification of QVT transformations for code generation,Software & Systems Modeling,,,,10.1007/s10270-013-0351-7,Kurt StenzelNina MoebiusWolfgang Reif,2013,https://link.springer.com/article/10.1007/s10270-013-0351-7,Article
The Gradual Verifier,NASA Formal Methods,,,,10.1007/978-3-319-06200-6_27,Stephan ArltCindy Rubio-GonzálezPhilipp RümmerMartin SchäfNatarajan Shankar,2014,https://link.springer.com/chapter/10.1007/978-3-319-06200-6_27,Conference paper
All-Path Reachability Logic,Rewriting and Typed Lambda Calculi,,,,10.1007/978-3-319-08918-8_29,Andrei ŞtefănescuŞtefan CiobâcăRadu MereutaBrandon M. MooreTraian Florin ŞerbănutăGrigore Roşu,2014,https://link.springer.com/chapter/10.1007/978-3-319-08918-8_29,Conference paper
Safely Composable Type-Specific Languages,ECOOP 2014 – Object-Oriented Programming,,,,10.1007/978-3-662-44202-9_5,Cyrus OmarDarya KurilovaLigia NistorBenjamin ChungAlex PotaninJonathan Aldrich,2014,https://link.springer.com/chapter/10.1007/978-3-662-44202-9_5,Conference paper
A Two-Phase Static Analysis for Reliable Adaptation,Software Engineering and Formal Methods,,,,10.1007/978-3-319-10431-7_28,Pierpaolo DeganoGian-Luigi FerrariLetterio Galletta,2014,https://link.springer.com/chapter/10.1007/978-3-319-10431-7_28,Conference paper
Extending MSVL with Function Calls,Formal Methods and Software Engineering,,,,10.1007/978-3-319-11737-9_29,Nan ZhangZhenhua DuanCong Tian,2014,https://link.springer.com/chapter/10.1007/978-3-319-11737-9_29,Conference paper
Applying symbolic bounded model checking to the 2012 RERS greybox challenge,International Journal on Software Tools for Technology Transfer,,,,10.1007/s10009-014-0335-0,Jeremy MorseLucas CordeiroDenis NicoleBernd Fischer,2014,https://link.springer.com/article/10.1007/s10009-014-0335-0,Article
Modelling and Analysis of Parallel/Distributed Time-dependent Systems: An Approach Based on JADE,Internet and Distributed Computing Systems,,,,10.1007/978-3-319-11692-1_18,Franco CicirelliLibero Nigro,2014,https://link.springer.com/chapter/10.1007/978-3-319-11692-1_18,Conference paper
Synchronization of Models of Rich Languages with Triple Graph Grammars: An Experience Report,Theory and Practice of Model Transformations,,,,10.1007/978-3-319-08789-4_8,Dominique BlouinAlain PlantecPierre DissauxFrank SinghoffJean-Philippe Diguet,2014,https://link.springer.com/chapter/10.1007/978-3-319-08789-4_8,Conference paper
A Functional Verification of a Web Voting System,Computational Science and Its Applications – ICCSA 2014,,,,10.1007/978-3-319-09144-0_44,Maximiliano CristiáClaudia Frydman,2014,https://link.springer.com/chapter/10.1007/978-3-319-09144-0_44,Conference paper
Towards Erlang Verification by Term Rewriting,Logic-Based Program Synthesis and Transformation,,,,10.1007/978-3-319-14125-1_7,Germán Vidal,2014,https://link.springer.com/chapter/10.1007/978-3-319-14125-1_7,Conference paper
Eco: A Language Composition Editor,Software Language Engineering,,,,10.1007/978-3-319-11245-9_5,Lukas DiekmannLaurence Tratt,2014,https://link.springer.com/chapter/10.1007/978-3-319-11245-9_5,Conference paper
Cost-Effective Testing for Critical Off-the-Shelf Services,"Computer Safety, Reliability, and Security",,,,10.1007/978-3-319-10557-4_26,Fabio DuchiNuno AntunesAndrea CeccarelliGiuseppe VellaFrancesco RossiAndrea Bondavalli,2014,https://link.springer.com/chapter/10.1007/978-3-319-10557-4_26,Conference paper
Maintaining the health of software monitors,Innovations in Systems and Software Engineering,,,,10.1007/s11334-013-0213-z,Suzette PersonNeha Rungta,2013,https://link.springer.com/article/10.1007/s11334-013-0213-z,Article
The F# Computation Expression Zoo,Practical Aspects of Declarative Languages,,,,10.1007/978-3-319-04132-2_3,Tomas PetricekDon Syme,2014,https://link.springer.com/chapter/10.1007/978-3-319-04132-2_3,Conference paper
Online Testing of LTL Properties for Java Code,Hardware and Software: Verification and Testing,,,,10.1007/978-3-319-03077-7_7,Paolo ArcainiAngelo GargantiniElvinia Riccobene,2013,https://link.springer.com/chapter/10.1007/978-3-319-03077-7_7,Conference paper
Graph-based communication in Eden,Higher-Order and Symbolic Computation,,,,10.1007/s10990-014-9101-y,Thomas HorstmeyerRita Loogen,2013,https://link.springer.com/article/10.1007/s10990-014-9101-y,Article
Tutorial: Automata Learning in Practice,"Leveraging Applications of Formal Methods, Verification and Validation. Technologies for Mastering Change",,,,10.1007/978-3-662-45234-9_34,Falk HowarMalte IsbernerBernhard Steffen,2014,https://link.springer.com/chapter/10.1007/978-3-662-45234-9_34,Conference paper
HermiT: An OWL 2 Reasoner,Journal of Automated Reasoning,,,,10.1007/s10817-014-9305-1,Birte GlimmIan HorrocksBoris MotikGiorgos StoilosZhe Wang,2014,https://link.springer.com/article/10.1007/s10817-014-9305-1,Article
Proof Pearl: The KeY to Correct and Stable Sorting,Journal of Automated Reasoning,,,,10.1007/s10817-013-9300-y,Stijn de GouwFrank de BoerJurriaan Rot,2014,https://link.springer.com/article/10.1007/s10817-013-9300-y,Article
A BSP algorithm for on-the-fly checking CTL* formulas on security protocols,The Journal of Supercomputing,,,,10.1007/s11227-014-1099-8,Frédéric GavaFranck PommereauMichaël Guedj,2014,https://link.springer.com/article/10.1007/s11227-014-1099-8,Article
Timed Multiparty Session Types,CONCUR 2014 – Concurrency Theory,,,,10.1007/978-3-662-44584-6_29,Laura BocchiWeizhen YangNobuko Yoshida,2014,https://link.springer.com/chapter/10.1007/978-3-662-44584-6_29,Conference paper
40 Years of Formal Methods,FM 2014: Formal Methods,,,,10.1007/978-3-319-06410-9_4,Dines BjørnerKlaus Havelund,2014,https://link.springer.com/chapter/10.1007/978-3-319-06410-9_4,Conference paper
Model-Checking for Android Malware Detection,Programming Languages and Systems,,,,10.1007/978-3-319-12736-1_12,Fu SongTayssir Touili,2014,https://link.springer.com/chapter/10.1007/978-3-319-12736-1_12,Conference paper
A Flexible and Efficient ML Lexer Tool Based on Extended Regular Expression Submatching,Compiler Construction,,,,10.1007/978-3-642-54807-9_10,Martin SulzmannPippijn van Steenhoven,2014,https://link.springer.com/chapter/10.1007/978-3-642-54807-9_10,Conference paper
Testing abstract behavioral specifications,International Journal on Software Tools for Technology Transfer,,,,10.1007/s10009-014-0301-x,Peter Y. H. WongRichard BubelFrank S. de BoerMiguel Gómez-ZamalloaStijn de GouwReiner HähnleKarl MeinkeMuddassar Azam Sindhu,2014,https://link.springer.com/article/10.1007/s10009-014-0301-x,Article
Compiling a Functional Logic Language: The Fair Scheme,Logic-Based Program Synthesis and Transformation,,,,10.1007/978-3-319-14125-1_12,Sergio AntoyAndy Jost,2014,https://link.springer.com/chapter/10.1007/978-3-319-14125-1_12,Conference paper
Verification and validation meet planning and scheduling,International Journal on Software Tools for Technology Transfer,,,,10.1007/s10009-013-0294-x,Saddek BensalemKlaus HavelundAndrea Orlandini,2013,https://link.springer.com/article/10.1007/s10009-013-0294-x,Article
Instrumenting Android and Java Applications as Easy as abc,Runtime Verification,,,,10.1007/978-3-642-40787-1_26,Steven ArztSiegfried RasthoferEric Bodden,2013,https://link.springer.com/chapter/10.1007/978-3-642-40787-1_26,Conference paper
Selected dynamic issues in software model checking,International Journal on Software Tools for Technology Transfer,,,,10.1007/s10009-012-0261-y,Viet Yen NguyenTheo C. Ruys,2012,https://link.springer.com/article/10.1007/s10009-012-0261-y,Article
Dynamic Test Generation with Static Fields and Initializers,Runtime Verification,,,,10.1007/978-3-319-11164-3_23,Maria ChristakisPatrick EmmisbergerPeter Müller,2014,https://link.springer.com/chapter/10.1007/978-3-319-11164-3_23,Conference paper
Semantics of (Resilient) X10,ECOOP 2014 – Object-Oriented Programming,,,,10.1007/978-3-662-44202-9_27,Silvia CrafaDavid CunninghamVijay SaraswatAvraham ShinnarOlivier Tardieu,2014,https://link.springer.com/chapter/10.1007/978-3-662-44202-9_27,Conference paper
Environment-Model Based Testing of Control Systems: Case Studies,Tools and Algorithms for the Construction and Analysis of Systems,,,,10.1007/978-3-642-54862-8_55,Erwan JahierSimplice Djoko-DjokoChaouki MaizaEric Lafont,2014,https://link.springer.com/chapter/10.1007/978-3-642-54862-8_55,Conference paper
A Formal Semantics of the OSEK/VDX Standard in $${\mathbb {K}}$$ Framework and Its Applications,Rewriting Logic and Its Applications,,,,10.1007/978-3-319-12904-4_16,Min ZhangYunja ChoiKazuhiro Ogata,2014,https://link.springer.com/chapter/10.1007/978-3-319-12904-4_16,Conference paper
Symbolic Execution Proofs for Higher Order Store Programs,Journal of Automated Reasoning,,,,10.1007/s10817-014-9319-8,Bernhard ReusNathaniel CharltonBen Horsfall,2014,https://link.springer.com/article/10.1007/s10817-014-9319-8,Article
Combining Verification and MDE Illustrated by a Formal Java Development,"ICT in Education, Research, and Industrial Applications",,,,10.1007/978-3-642-35737-4_8,Selma DjeddaiMohamed MezghicheMartin Strecker,2013,https://link.springer.com/chapter/10.1007/978-3-642-35737-4_8,Conference paper
Grounding Synchronous Deterministic Concurrency in Sequential Programming,Programming Languages and Systems,,,,10.1007/978-3-642-54833-8_13,Joaquín AguadoMichael MendlerReinhard von HanxledenInsa Fuhrmann,2014,https://link.springer.com/chapter/10.1007/978-3-642-54833-8_13,Conference paper
Verification of GUI Applications: A Black-Box Approach,"Leveraging Applications of Formal Methods, Verification and Validation. Technologies for Mastering Change",,,,10.1007/978-3-662-45234-9_17,Stephan ArltEvren ErmisSergio Feo-ArenisAndreas Podelski,2014,https://link.springer.com/chapter/10.1007/978-3-662-45234-9_17,Conference paper
Efficient Representation of Timed UML&#xa0;2 Interactions,System Analysis and Modeling: Models and Reusability,,,,10.1007/978-3-319-11743-0_8,Alexander KnappHarald Störrle,2014,https://link.springer.com/chapter/10.1007/978-3-319-11743-0_8,Conference paper
Using Lightweight Theorem Proving in an Asynchronous Systems Context,NASA Formal Methods,,,,10.1007/978-3-319-06200-6_12,Matthew DanishHongwei Xi,2014,https://link.springer.com/chapter/10.1007/978-3-319-06200-6_12,Conference paper
Improved State Space Reductions for LTL Model Checking of C and C++ Programs,NASA Formal Methods,,,,10.1007/978-3-642-38088-4_1,Petr RočkaiJiří BarnatLuboš Brim,2013,https://link.springer.com/chapter/10.1007/978-3-642-38088-4_1,Conference paper
Automatic Testing of Real-Time Graphics Systems,Tools and Algorithms for the Construction and Analysis of Systems,,,,10.1007/978-3-642-36742-7_32,Robert NagyGerardo SchneiderAram Timofeitchik,2013,https://link.springer.com/chapter/10.1007/978-3-642-36742-7_32,Conference paper
Declarative Specification of Robot Perception Architectures,"Simulation, Modeling, and Programming for Autonomous Robots",,,,10.1007/978-3-319-11900-7_25,Nico HochgeschwenderSven SchneiderHolger VoosGerhard K. Kraetzschmar,2014,https://link.springer.com/chapter/10.1007/978-3-319-11900-7_25,Conference paper
Rabinizer 3: Safraless Translation of LTL to Small Deterministic Automata,Automated Technology for Verification and Analysis,,,,10.1007/978-3-319-11936-6_17,Zuzana KomárkováJan Křetínský,2014,https://link.springer.com/chapter/10.1007/978-3-319-11936-6_17,Conference paper
Monitoring Modulo Theories,Tools and Algorithms for the Construction and Analysis of Systems,,,,10.1007/978-3-642-54862-8_23,Normann DeckerMartin LeuckerDaniel Thoma,2014,https://link.springer.com/chapter/10.1007/978-3-642-54862-8_23,Conference paper
Using CP in Automatic Test Generation for ABB Robotics’ Paint Control System,Principles and Practice of Constraint Programming,,,,10.1007/978-3-319-10428-7_6,Morten MossigeArnaud GotliebHein Meling,2014,https://link.springer.com/chapter/10.1007/978-3-319-10428-7_6,Conference paper
Can We Efficiently Check Concurrent Programs Under Relaxed Memory Models in Maude?,Rewriting Logic and Its Applications,,,,10.1007/978-3-319-12904-4_2,Yehia Abd AlrahmanMarina AndricAlessandro BeggiatoAlberto Lluch Lafuente,2014,https://link.springer.com/chapter/10.1007/978-3-319-12904-4_2,Conference paper
Timed Pattern Matching,Formal Modeling and Analysis of Timed Systems,,,,10.1007/978-3-319-10512-3_16,Dogan UlusThomas FerrèreEugene AsarinOded Maler,2014,https://link.springer.com/chapter/10.1007/978-3-319-10512-3_16,Conference paper
FMEBP: A Formal Modeling Environment of Business Process,Information and Software Technologies,,,,10.1007/978-3-319-11958-8_17,Imed Eddine ChamaNabil BelalaDjamel-Eddine Saidouni,2014,https://link.springer.com/chapter/10.1007/978-3-319-11958-8_17,Conference paper
A Precise and Abstract Memory Model for C Using Symbolic Values,Programming Languages and Systems,,,,10.1007/978-3-319-12736-1_24,Frédéric BessonSandrine BlazyPierre Wilke,2014,https://link.springer.com/chapter/10.1007/978-3-319-12736-1_24,Conference paper
A Case Study in Formal Verification Using Multiple Explicit Heaps,Formal Techniques for Distributed Systems,,,,10.1007/978-3-642-38592-6_3,Wojciech Mostowski,2013,https://link.springer.com/chapter/10.1007/978-3-642-38592-6_3,Conference paper
"History, status, and recent trends of the testing and test control notation version 3 (TTCN-3)",International Journal on Software Tools for Technology Transfer,,,,10.1007/s10009-014-0302-9,Jens GrabowskiIna SchieferdeckerAndreas Ulrich,2014,https://link.springer.com/article/10.1007/s10009-014-0302-9,Article
Prototyping SDL Extensions,System Analysis and Modeling: Models and Reusability,,,,10.1007/978-3-319-11743-0_21,Andreas BlunkJoachim Fischer,2014,https://link.springer.com/chapter/10.1007/978-3-319-11743-0_21,Conference paper
Formalizing Execution Semantics of UML Profiles with fUML Models,Model-Driven Engineering Languages and Systems,,,,10.1007/978-3-319-11653-2_9,Jérémie TatibouëtArnaud CuccuruSébastien GérardFrançois Terrier,2014,https://link.springer.com/chapter/10.1007/978-3-319-11653-2_9,Conference paper
A Graph-Based Transformation Reduction to Reach UPPAAL States Faster,FM 2014: Formal Methods,,,,10.1007/978-3-319-06410-9_37,Jonas RinastSibylle SchuppDieter Gollmann,2014,https://link.springer.com/chapter/10.1007/978-3-319-06410-9_37,Conference paper
Model-checking fair dense-time systems with propositions and events,International Journal on Software Tools for Technology Transfer,,,,10.1007/s10009-014-0312-7,Farn Wang,2014,https://link.springer.com/article/10.1007/s10009-014-0312-7,Article
Coordination of ECA Rules by Verification and Control,Coordination Models and Languages,,,,10.1007/978-3-662-43376-8_3,Julio CanoGwenaël DelavalEric Rutten,2014,https://link.springer.com/chapter/10.1007/978-3-662-43376-8_3,Conference paper
A systematic review of state-based test tools,International Journal on Software Tools for Technology Transfer,,,,10.1007/s10009-013-0291-0,Muhammad ShafiqueYvan Labiche,2013,https://link.springer.com/article/10.1007/s10009-013-0291-0,Article
ACUOS: A System for Modular ACU Generalization with Subtyping and Inheritance,Logics in Artificial Intelligence,,,,10.1007/978-3-319-11558-0_40,María AlpuenteSantiago EscobarJavier EspertJosé Meseguer,2014,https://link.springer.com/chapter/10.1007/978-3-319-11558-0_40,Conference paper
Belief Caching in 2APL,Engineering Multi-Agent Systems,,,,10.1007/978-3-642-45343-4_7,Mehdi DastaniMarc van Zee,2013,https://link.springer.com/chapter/10.1007/978-3-642-45343-4_7,Conference paper
Enabling service-level agreement renegotiation through extending WS-Agreement specification,Service Oriented Computing and Applications,,,,10.1007/s11761-014-0159-5,S. SharafK. Djemame,2014,https://link.springer.com/article/10.1007/s11761-014-0159-5,Article
Programming and Verifying Component Ensembles,From Programs to Systems. The Systems perspective in Computing,,,,10.1007/978-3-642-54848-2_5,Rocco De NicolaAlberto Lluch LafuenteMichele LoretiAndrea MorichettaRosario PuglieseValerio SenniFrancesco Tiezzi,2014,https://link.springer.com/chapter/10.1007/978-3-642-54848-2_5,Conference paper
Are test smells really harmful? An empirical study,Empirical Software Engineering,,,,10.1007/s10664-014-9313-0,Gabriele BavotaAbdallah QusefRocco OlivetoAndrea De LuciaDave Binkley,2014,https://link.springer.com/article/10.1007/s10664-014-9313-0,Article
Test data generation for path coverage of message-passing parallel programs based on co-evolutionary genetic algorithms,Automated Software Engineering,,,,10.1007/s10515-014-0173-z,Tian TianDunwei Gong,2014,https://link.springer.com/article/10.1007/s10515-014-0173-z,Article
Practical Floating-Point Tests with Integer Code,"Verification, Model Checking, and Abstract Interpretation",,,,10.1007/978-3-642-54013-4_19,Anthony Romano,2014,https://link.springer.com/chapter/10.1007/978-3-642-54013-4_19,Conference paper
Verification of Concurrent Quantum Protocols by Equivalence Checking,Tools and Algorithms for the Construction and Analysis of Systems,,,,10.1007/978-3-642-54862-8_42,Ebrahim Ardeshir-LarijaniSimon J. GayRajagopal Nagarajan,2014,https://link.springer.com/chapter/10.1007/978-3-642-54862-8_42,Conference paper
Precise Analysis of Value-Dependent Synchronization in Priority Scheduled Programs,"Verification, Model Checking, and Abstract Interpretation",,,,10.1007/978-3-642-54013-4_2,Martin D. SchwarzHelmut SeidlVesal VojdaniKalmer Apinis,2014,https://link.springer.com/chapter/10.1007/978-3-642-54013-4_2,Conference paper
Procedure-modular specification and verification of temporal safety properties,Software & Systems Modeling,,,,10.1007/s10270-013-0321-0,Siavash SoleimanifardDilian GurovMarieke Huisman,2013,https://link.springer.com/article/10.1007/s10270-013-0321-0,Article
"APSET, an Android aPplication SEcurity Testing tool for detecting intent-based vulnerabilities",International Journal on Software Tools for Technology Transfer,,,,10.1007/s10009-014-0303-8,Sébastien SalvaStassia R. Zafimiharisoa,2014,https://link.springer.com/article/10.1007/s10009-014-0303-8,Article
Execution and Verification of UML State Machines with Erlang,Software Engineering and Formal Methods,,,,10.1007/978-3-319-10431-7_22,Ricardo J. RodríguezLars-Åke FredlundÁngel HerranzJulio Mariño,2014,https://link.springer.com/chapter/10.1007/978-3-319-10431-7_22,Conference paper
Mining the Categorized Software Repositories to Improve the Analysis of Security Vulnerabilities,Fundamental Approaches to Software Engineering,,,,10.1007/978-3-642-54804-8_11,Alireza SadeghiNaeem EsfahaniSam Malek,2014,https://link.springer.com/chapter/10.1007/978-3-642-54804-8_11,Conference paper
Generating EAST-ADL Event Chains from Scenario-Based Requirements Specifications,Software Architecture,,,,10.1007/978-3-319-09970-5_14,Thorsten KochJörg HoltmannJulien DeAntoni,2014,https://link.springer.com/chapter/10.1007/978-3-319-09970-5_14,Conference paper
Runtime Verification Based on Register Automata,Tools and Algorithms for the Construction and Analysis of Systems,,,,10.1007/978-3-642-36742-7_19,Radu GrigoreDino DistefanoRasmus Lerchedahl PetersenNikos Tzevelekos,2013,https://link.springer.com/chapter/10.1007/978-3-642-36742-7_19,Conference paper
Linguistic Mechanisms for Context-Aware Security,Theoretical Aspects of Computing – ICTAC 2014,,,,10.1007/978-3-319-10882-7_5,Chiara BodeiPierpaolo DeganoLetterio GallettaFrancesco Salvatori,2014,https://link.springer.com/chapter/10.1007/978-3-319-10882-7_5,Conference paper
FlowPools: A Lock-Free Deterministic Concurrent Dataflow Abstraction,Languages and Compilers for Parallel Computing,,,,10.1007/978-3-642-37658-0_11,Aleksandar ProkopecHeather MillerTobias SchlatterPhilipp HallerMartin Odersky,2013,https://link.springer.com/chapter/10.1007/978-3-642-37658-0_11,Conference paper
Model-Based Mutation Testing of an Industrial Measurement Device,Tests and Proofs,,,,10.1007/978-3-319-09099-3_1,Bernhard K. AichernigJakob AuerElisabeth JöbstlRobert KorošecWillibald KrennRupert SchlickBirgit Vera Schmidt,2014,https://link.springer.com/chapter/10.1007/978-3-319-09099-3_1,Conference paper
Testing Robotized Paint System Using Constraint Programming: An Industrial Case Study,Testing Software and Systems,,,,10.1007/978-3-662-44857-1_10,Morten MossigeArnaud GotliebHein Meling,2014,https://link.springer.com/chapter/10.1007/978-3-662-44857-1_10,Conference paper
Extending UPPAAL for the Modeling and Verification of Dynamic Real-Time Systems,Fundamentals of Software Engineering,,,,10.1007/978-3-642-40213-5_8,Abdeldjalil BoudjadarFrits VaandragerJean-Paul BodeveixMamoun Filali,2013,https://link.springer.com/chapter/10.1007/978-3-642-40213-5_8,Conference paper
On the Usage of TGGs for Automated Model Transformation Testing,Theory and Practice of Model Transformations,,,,10.1007/978-3-319-08789-4_1,Martin WieberAnthony AnjorinAndy Schürr,2014,https://link.springer.com/chapter/10.1007/978-3-319-08789-4_1,Conference paper
Erlang-Style Error Recovery for Concurrent Objects with Cooperative Scheduling,"Leveraging Applications of Formal Methods, Verification and Validation. Specialized Techniques and Applications",,,,10.1007/978-3-662-45231-8_2,Georg GöriEinar Broch JohnsenRudolf SchlatteVolker Stolz,2014,https://link.springer.com/chapter/10.1007/978-3-662-45231-8_2,Conference paper
Interactive Simplifier Tracing and Debugging in Isabelle,Intelligent Computer Mathematics,,,,10.1007/978-3-319-08434-3_24,Lars Hupel,2014,https://link.springer.com/chapter/10.1007/978-3-319-08434-3_24,Conference paper
"GOAL for Games, Omega-Automata, and Logics",Computer Aided Verification,,,,10.1007/978-3-642-39799-8_62,Ming-Hsien TsaiYih-Kuen TsayYu-Shiang Hwang,2013,https://link.springer.com/chapter/10.1007/978-3-642-39799-8_62,Conference paper
Converting Ptolemy II Models to SpaceEx for Applied Verification,Algorithms and Architectures for Parallel Processing,,,,10.1007/978-3-319-11197-1_52,Shiwei RanJinzhi LinYing WuJianzhong ZhangYuwei Xu,2014,https://link.springer.com/chapter/10.1007/978-3-319-11197-1_52,Conference paper
Contracts in CML,"Leveraging Applications of Formal Methods, Verification and Validation. Specialized Techniques and Applications",,,,10.1007/978-3-662-45231-8_5,Jim WoodcockAna CavalcantiJohn FitzgeraldSimon FosterPeter Gorm Larsen,2014,https://link.springer.com/chapter/10.1007/978-3-662-45231-8_5,Conference paper
Multi-objective Genetic Optimization for Noise-Based Testing of Concurrent Software,Search-Based Software Engineering,,,,10.1007/978-3-319-09940-8_8,Vendula HrubáBohuslav KřenaZdeněk LetkoHana PluháčkováTomáš Vojnar,2014,https://link.springer.com/chapter/10.1007/978-3-319-09940-8_8,Conference paper
Well-Defined Coverage Metrics for the Glass Box Test,Testing Software and Systems,,,,10.1007/978-3-662-44857-1_8,Rainer Schmidberger,2014,https://link.springer.com/chapter/10.1007/978-3-662-44857-1_8,Conference paper
Current challenges in automatic software repair,Software Quality Journal,,,,10.1007/s11219-013-9208-0,Claire Le GouesStephanie ForrestWestley Weimer,2013,https://link.springer.com/article/10.1007/s11219-013-9208-0,Article
Model-Based Testing from Controlled Natural Language Requirements,Formal Techniques for Safety-Critical Systems,,,,10.1007/978-3-319-05416-2_3,Gustavo CarvalhoFlávia BarrosFlorian LapschiesUwe SchulzeJan Peleska,2014,https://link.springer.com/chapter/10.1007/978-3-319-05416-2_3,Conference paper
Plan It! Automated Security Testing Based on Planning,Testing Software and Systems,,,,10.1007/978-3-662-44857-1_4,Franz WotawaJosip Bozic,2014,https://link.springer.com/chapter/10.1007/978-3-662-44857-1_4,Conference paper
Verifying Hypermedia Applications by Using an MDE Approach,System Analysis and Modeling: Models and Reusability,,,,10.1007/978-3-319-11743-0_12,Delcino Picinin JúniorCristian KoliverCelso A. S. SantosJean-Marie Farines,2014,https://link.springer.com/chapter/10.1007/978-3-319-11743-0_12,Conference paper
Synthesis and Verification of Uniform Strategies for Multi-agent Systems,Computational Logic in Multi-Agent Systems,,,,10.1007/978-3-319-09764-0_11,Jerzy PileckiMarek A. BednarczykWojciech Jamroga,2014,https://link.springer.com/chapter/10.1007/978-3-319-09764-0_11,Conference paper
Timed Automata with Action Durations – From Theory to Implementation,Information and Software Technologies,,,,10.1007/978-3-319-11958-8_8,Souad GuellatiIlham KitouniRiadh MatmatDjamel-Eddine Saidouni,2014,https://link.springer.com/chapter/10.1007/978-3-319-11958-8_8,Conference paper
SMock — A Test Platform for Monitoring Tools,Runtime Verification,,,,10.1007/978-3-642-40787-1_24,Christian ColomboRuth MizziGordon J. Pace,2013,https://link.springer.com/chapter/10.1007/978-3-642-40787-1_24,Conference paper
REAP: Reporting Errors Using Alternative Paths,Programming Languages and Systems,,,,10.1007/978-3-642-54833-8_24,João MatosJoão GarciaPaolo Romano,2014,https://link.springer.com/chapter/10.1007/978-3-642-54833-8_24,Conference paper
ProMoBox: A Framework for Generating Domain-Specific Property Languages,Software Language Engineering,,,,10.1007/978-3-319-11245-9_1,Bart MeyersRomuald DeshayesLevi LucioEugene SyrianiHans VangheluweManuel Wimmer,2014,https://link.springer.com/chapter/10.1007/978-3-319-11245-9_1,Conference paper
Classification model for code clones based on machine learning,Empirical Software Engineering,,,,10.1007/s10664-014-9316-x,Jiachen YangKeisuke HottaYoshiki HigoHiroshi IgakiShinji Kusumoto,2014,https://link.springer.com/article/10.1007/s10664-014-9316-x,Article
Proving Nontermination via Safety,Tools and Algorithms for the Construction and Analysis of Systems,,,,10.1007/978-3-642-54862-8_11,Hong-Yi ChenByron CookCarsten FuhsKaustubh NimkarPeter O’Hearn,2014,https://link.springer.com/chapter/10.1007/978-3-642-54862-8_11,Conference paper
Runtime Verification and Enforcement for Android Applications with RV-Droid,Runtime Verification,,,,10.1007/978-3-642-35632-2_11,Yliès FalconeSebastian CurreaMohamad Jaber,2013,https://link.springer.com/chapter/10.1007/978-3-642-35632-2_11,Conference paper
Engineering UToPiA,FM 2014: Formal Methods,,,,10.1007/978-3-319-06410-9_3,Jim Woodcock,2014,https://link.springer.com/chapter/10.1007/978-3-319-06410-9_3,Conference paper
Using Agent JPF to Build Models for Other Model Checkers,Computational Logic in Multi-Agent Systems,,,,10.1007/978-3-642-40624-9_17,Louise A. DennisMichael FisherMatt Webster,2013,https://link.springer.com/chapter/10.1007/978-3-642-40624-9_17,Conference paper
The FITTEST Tool Suite for Testing Future Internet Applications,Future Internet Testing,,,,10.1007/978-3-319-07785-7_1,Tanja E. J. VosPaolo TonellaI. S. Wishnu B. PrasetyaPeter M. KruseOnn ShehoryAlessandra BagnatoMark Harman,2014,https://link.springer.com/chapter/10.1007/978-3-319-07785-7_1,Conference paper
xMOF: Executable DSMLs Based on fUML,Software Language Engineering,,,,10.1007/978-3-319-02654-1_4,Tanja MayerhoferPhilip LangerManuel WimmerGerti Kappel,2013,https://link.springer.com/chapter/10.1007/978-3-319-02654-1_4,Conference paper
Debugging with Timed Automata Mutations,"Computer Safety, Reliability, and Security",,,,10.1007/978-3-319-10506-2_4,Bernhard K. AichernigKlaus HörmaierFlorian Lorber,2014,https://link.springer.com/chapter/10.1007/978-3-319-10506-2_4,Conference paper
2D Dependency Pairs for Proving Operational Termination of CTRSs,Rewriting Logic and Its Applications,,,,10.1007/978-3-319-12904-4_11,Salvador LucasJosé Meseguer,2014,https://link.springer.com/chapter/10.1007/978-3-319-12904-4_11,Conference paper
Separation Kernel Verification: The Xtratum Case Study,"Verified Software: Theories, Tools and Experiments",,,,10.1007/978-3-319-12154-3_9,David SanánAndrew ButterfieldMike Hinchey,2014,https://link.springer.com/chapter/10.1007/978-3-319-12154-3_9,Conference paper
Mutation Testing for Jason Agents,Engineering Multi-Agent Systems,,,,10.1007/978-3-319-14484-9_16,Zhan HuangRob AlexanderJohn Clark,2014,https://link.springer.com/chapter/10.1007/978-3-319-14484-9_16,Conference paper
Timed Automata Verification via IC3 with Zones,Formal Methods and Software Engineering,,,,10.1007/978-3-319-11737-9_14,Tobias IsenbergHeike Wehrheim,2014,https://link.springer.com/chapter/10.1007/978-3-319-11737-9_14,Conference paper
Formal Specification of Button-Related Fault-Tolerance Micropatterns,Rewriting Logic and Its Applications,,,,10.1007/978-3-319-12904-4_15,Mu SunJosé Meseguer,2014,https://link.springer.com/chapter/10.1007/978-3-319-12904-4_15,Conference paper
Least-change bidirectional model transformation with QVT-R and ATL,Software & Systems Modeling,,,,10.1007/s10270-014-0437-x,Nuno MacedoAlcino Cunha,2014,https://link.springer.com/article/10.1007/s10270-014-0437-x,Article
Online Algorithms to Generate Slices for Regular Temporal Logic Predicates,Distributed Computing and Networking,,,,10.1007/978-3-642-45249-9_11,Aravind NatarajanNeeraj MittalVijay K. Garg,2014,https://link.springer.com/chapter/10.1007/978-3-642-45249-9_11,Conference paper
Discovering Math APIs by Mining Unit Tests,Fundamental Approaches to Software Engineering,,,,10.1007/978-3-642-37057-1_24,Anirudh SanthiarOmesh PanditaAditya Kanade,2013,https://link.springer.com/chapter/10.1007/978-3-642-37057-1_24,Conference paper
Regular Strategies in Pushdown Reachability Games,Reachability Problems,,,,10.1007/978-3-319-11439-2_5,A. CarayolM. Hague,2014,https://link.springer.com/chapter/10.1007/978-3-319-11439-2_5,Conference paper
Strong and Weak Operational Termination of Order-Sorted Rewrite Theories,Rewriting Logic and Its Applications,,,,10.1007/978-3-319-12904-4_10,Salvador LucasJosé Meseguer,2014,https://link.springer.com/chapter/10.1007/978-3-319-12904-4_10,Conference paper
Monadic Decomposition,Computer Aided Verification,,,,10.1007/978-3-319-08867-9_42,Margus VeanesNikolaj BjørnerLev NachmansonSergey Bereg,2014,https://link.springer.com/chapter/10.1007/978-3-319-08867-9_42,Conference paper
Ahead of time static analysis for automatic generation of debugging interfaces to the Linux kernel,Automated Software Engineering,,,,10.1007/s10515-014-0152-4,Tegawendé F. BissyandéLaurent RéveillèreJulia L. LawallGilles Muller,2014,https://link.springer.com/article/10.1007/s10515-014-0152-4,Article
A Systematic Approach to Automatically Derive Test Cases from Use Cases Specified in Restricted Natural Languages,System Analysis and Modeling: Models and Reusability,,,,10.1007/978-3-319-11743-0_10,Man ZhangTao YueShaukat AliHuihui ZhangJi Wu,2014,https://link.springer.com/chapter/10.1007/978-3-319-11743-0_10,Conference paper
The Incredible ELK,Journal of Automated Reasoning,,,,10.1007/s10817-013-9296-3,Yevgeny KazakovMarkus KrötzschFrantišek Simančík,2013,https://link.springer.com/article/10.1007/s10817-013-9296-3,Article
On-the-fly Fast Mean-Field Model-Checking,Trustworthy Global Computing,,,,10.1007/978-3-319-05119-2_17,Diego LatellaMichele LoretiMieke Massink,2014,https://link.springer.com/chapter/10.1007/978-3-319-05119-2_17,Conference paper
Monitoring Systems with Extended Live Sequence Charts,Runtime Verification,,,,10.1007/978-3-319-11164-3_5,Ming ChaiBernd-Holger Schlingloff,2014,https://link.springer.com/chapter/10.1007/978-3-319-11164-3_5,Conference paper
A SAT-Based Debugging Tool for State Machines and Sequence Diagrams,Software Language Engineering,,,,10.1007/978-3-319-11245-9_2,Petra KaufmannMartin KroneggerAndreas PfandlerMartina SeidlMagdalena Widl,2014,https://link.springer.com/chapter/10.1007/978-3-319-11245-9_2,Conference paper
MU-CSeq: Sequentialization of C Programs by Shared Memory Unwindings,Tools and Algorithms for the Construction and Analysis of Systems,,,,10.1007/978-3-642-54862-8_30,Ermenegildo TomascoOmar InversoBernd FischerSalvatore La TorreGennaro Parlato,2014,https://link.springer.com/chapter/10.1007/978-3-642-54862-8_30,Conference paper
Loop Untangling,Principles and Practice of Constraint Programming,,,,10.1007/978-3-319-10428-7_26,Kathryn FrancisPeter J. Stuckey,2014,https://link.springer.com/chapter/10.1007/978-3-319-10428-7_26,Conference paper
A Comparative Study of Incremental Constraint Solving Approaches in Symbolic Execution,Hardware and Software: Verification and Testing,,,,10.1007/978-3-319-13338-6_21,Tianhai LiuMateus AraújoMarcelo d’AmorimMana Taghdiri,2014,https://link.springer.com/chapter/10.1007/978-3-319-13338-6_21,Conference paper
On hypothesis testing for statistical model checking,International Journal on Software Tools for Technology Transfer,,,,10.1007/s10009-014-0350-1,Daniël ReijsbergenPieter-Tjerk de BoerWerner ScheinhardtBoudewijn Haverkort,2014,https://link.springer.com/article/10.1007/s10009-014-0350-1,Article
Conditional Confluence (System Description),Rewriting and Typed Lambda Calculi,,,,10.1007/978-3-319-08918-8_31,Thomas SternagelAart Middeldorp,2014,https://link.springer.com/chapter/10.1007/978-3-319-08918-8_31,Conference paper
Towards an Extensible Modeling and Validation Framework for SDL-UML,System Analysis and Modeling: Models and Reusability,,,,10.1007/978-3-319-11743-0_18,Alexander Kraas,2014,https://link.springer.com/chapter/10.1007/978-3-319-11743-0_18,Conference paper
On expanding protocol conformance checking to exception handling,Service Oriented Computing and Applications,,,,10.1007/s11761-013-0146-2,Christian HeikeWolf ZimmermannAndreas Both,2013,https://link.springer.com/article/10.1007/s11761-013-0146-2,Article
Compositional Invariant Generation for Timed Systems,Tools and Algorithms for the Construction and Analysis of Systems,,,,10.1007/978-3-642-54862-8_18,Lacramioara AştefănoaeiSouha Ben RayanaSaddek BensalemMarius BozgaJacques Combaz,2014,https://link.springer.com/chapter/10.1007/978-3-642-54862-8_18,Conference paper
Proving Termination and Memory Safety for Programs with Pointer Arithmetic,Automated Reasoning,,,,10.1007/978-3-319-08587-6_15,Thomas StröderJürgen GieslMarc BrockschmidtFlorian FrohnCarsten FuhsJera HenselPeter Schneider-Kamp,2014,https://link.springer.com/chapter/10.1007/978-3-319-08587-6_15,Conference paper
A Resource-Based Logic for Termination and Non-termination Proofs,Formal Methods and Software Engineering,,,,10.1007/978-3-319-11737-9_18,Ton Chanh LeCristian GherghinaAquinas HoborWei-Ngan Chin,2014,https://link.springer.com/chapter/10.1007/978-3-319-11737-9_18,Conference paper
Compositional Reachability in Petri Nets,Reachability Problems,,,,10.1007/978-3-319-11439-2_18,Julian RathkePaweł SobocińskiOwen Stephens,2014,https://link.springer.com/chapter/10.1007/978-3-319-11439-2_18,Conference paper
Specification and Verification of Graph-Based Model Transformation Properties,Graph Transformation,,,,10.1007/978-3-319-09108-2_8,Gehan M. K. SelimLevi LúcioJames R. CordyJuergen DingelBentley J. Oakes,2014,https://link.springer.com/chapter/10.1007/978-3-319-09108-2_8,Conference paper
Constructive Polychronous Systems,Logical Foundations of Computer Science,,,,10.1007/978-3-642-35722-0_24,Jean-Pierre TalpinJens BrandtMike GemündeKlaus SchneiderSandeep Shukla,2013,https://link.springer.com/chapter/10.1007/978-3-642-35722-0_24,Conference paper
Model Checking Database Applications,Tools and Algorithms for the Construction and Analysis of Systems,,,,10.1007/978-3-642-36742-7_40,Milos GligoricRupak Majumdar,2013,https://link.springer.com/chapter/10.1007/978-3-642-36742-7_40,Conference paper
Secure Compilation of Object-Oriented Components to Protected Module Architectures,Programming Languages and Systems,,,,10.1007/978-3-319-03542-0_13,Marco PatrignaniDave ClarkeFrank Piessens,2013,https://link.springer.com/chapter/10.1007/978-3-319-03542-0_13,Conference paper
Certifying Execution Time,Foundational and Practical Aspects of Resource Analysis,,,,10.1007/978-3-642-32495-6_7,Vítor RodriguesJoão Pedro PedrosoMário FloridoSimão Melo de Sousa,2012,https://link.springer.com/chapter/10.1007/978-3-642-32495-6_7,Conference paper
Formal C Semantics: CompCert and the C Standard,Interactive Theorem Proving,,,,10.1007/978-3-319-08970-6_36,Robbert KrebbersXavier LeroyFreek Wiedijk,2014,https://link.springer.com/chapter/10.1007/978-3-319-08970-6_36,Conference paper
Polyglot: Systematic Analysis for Multiple Statechart Formalisms,Tools and Algorithms for the Construction and Analysis of Systems,,,,10.1007/978-3-642-36742-7_36,Daniel BalasubramanianCorina S. PăsăreanuGábor KarsaiMichael R. Lowry,2013,https://link.springer.com/chapter/10.1007/978-3-642-36742-7_36,Conference paper
Dynamic Measurement and Protected Execution: Model and Analysis,Trustworthy Global Computing,,,,10.1007/978-3-319-05119-2_4,Shiwei XuIan BattenMark Ryan,2014,https://link.springer.com/chapter/10.1007/978-3-319-05119-2_4,Conference paper
Towards Verification of Ensemble-Based Component Systems,Formal Aspects of Component Software,,,,10.1007/978-3-319-07602-7_5,Jiří BarnatNikola BenešTomáš BurešIvana ČernáJaroslav KezniklFrantišek Plášil,2014,https://link.springer.com/chapter/10.1007/978-3-319-07602-7_5,Conference paper
Trace Checking of Metric Temporal Logic with Aggregating Modalities Using MapReduce,Software Engineering and Formal Methods,,,,10.1007/978-3-319-10431-7_11,Domenico BianculliCarlo GhezziSrđan Krstić,2014,https://link.springer.com/chapter/10.1007/978-3-319-10431-7_11,Conference paper
Formal Modeling and Verification of CloudProxy,"Verified Software: Theories, Tools and Experiments",,,,10.1007/978-3-319-12154-3_6,Wei Yang TanRohit SinhaJohn L. ManferdelliSanjit A. Seshia,2014,https://link.springer.com/chapter/10.1007/978-3-319-12154-3_6,Conference paper
Formal verification and validation of embedded systems: the UML-based MADES approach,Software & Systems Modeling,,,,10.1007/s10270-013-0330-z,Luciano BaresiGundula BlohmDimitrios S. KolovosNicholas MatragkasAlfredo MottaRichard F. PaigeAlek RadjenovicMatteo Rossi,2013,https://link.springer.com/article/10.1007/s10270-013-0330-z,Article
Testing-Based Compiler Validation for Synchronous Languages,NASA Formal Methods,,,,10.1007/978-3-319-06200-6_19,Pierre-Loïc GarocheFalk HowarTemesghen KahsaiXavier Thirioux,2014,https://link.springer.com/chapter/10.1007/978-3-319-06200-6_19,Conference paper
A DPLL(T) Theory Solver for a Theory of Strings and Regular Expressions,Computer Aided Verification,,,,10.1007/978-3-319-08867-9_43,Tianyi LiangAndrew ReynoldsCesare TinelliClark BarrettMorgan Deters,2014,https://link.springer.com/chapter/10.1007/978-3-319-08867-9_43,Conference paper
Quantitative and qualitative analysis of SysML activity diagrams,International Journal on Software Tools for Technology Transfer,,,,10.1007/s10009-014-0305-6,Yosr JarrayaMourad Debbabi,2014,https://link.springer.com/article/10.1007/s10009-014-0305-6,Article
Reifying Concurrency for Executable Metamodeling,Software Language Engineering,,,,10.1007/978-3-319-02654-1_20,Benoît CombemaleJulien De AntoniMatias Vara LarsenFrédéric MalletOlivier BaraisBenoit BaudryRobert B. France,2013,https://link.springer.com/chapter/10.1007/978-3-319-02654-1_20,Conference paper
"Validation of Railway Interlocking Systems by Formal Verification, A Case Study",Software Engineering and Formal Methods,,,,10.1007/978-3-319-05032-4_18,Andrea BonacchiAlessandro FantechiStefano BacheriniMatteo TempestiniLeonardo Cipriani,2014,https://link.springer.com/chapter/10.1007/978-3-319-05032-4_18,Conference paper
An Expressive Semantics of Mocking,Fundamental Approaches to Software Engineering,,,,10.1007/978-3-642-54804-8_27,Josef SvenningssonHans SvenssonNicholas SmallboneThomas ArtsUlf NorellJohn Hughes,2014,https://link.springer.com/chapter/10.1007/978-3-642-54804-8_27,Conference paper
Towards Fine-Grained Verification of Application Mobility,Web Information Systems Engineering – WISE 2013 Workshops,,,,10.1007/978-3-642-54370-8_7,Yu ZhouYankai HuangJidong GeJun Hu,2014,https://link.springer.com/chapter/10.1007/978-3-642-54370-8_7,Conference paper
Comprehension of Spacecraft Telemetry Using Hierarchical Specifications of Behavior,Formal Methods and Software Engineering,,,,10.1007/978-3-319-11737-9_13,Klaus HavelundRajeev Joshi,2014,https://link.springer.com/chapter/10.1007/978-3-319-11737-9_13,Conference paper
Program Transformation Based on Symbolic Execution and Deduction,Software Engineering and Formal Methods,,,,10.1007/978-3-642-40561-7_20,Ran JiReiner HähnleRichard Bubel,2013,https://link.springer.com/chapter/10.1007/978-3-642-40561-7_20,Conference paper
Using Semantic Technology for Automatic Verification of Road Signs,Web Information Systems Engineering – WISE 2013 Workshops,,,,10.1007/978-3-642-54370-8_36,Dan XuQinghua LiuZhisheng HuangDiming ZhangJiangli ZhangNing Li,2014,https://link.springer.com/chapter/10.1007/978-3-642-54370-8_36,Conference paper
Model Checking of CTL-Extended OCL Specifications,Software Language Engineering,,,,10.1007/978-3-319-11245-9_13,Robert BillSebastian GabmeyerPetra KaufmannMartina Seidl,2014,https://link.springer.com/chapter/10.1007/978-3-319-11245-9_13,Conference paper
Practical Interruptible Conversations,Runtime Verification,,,,10.1007/978-3-642-40787-1_8,Raymond HuRumyana NeykovaNobuko YoshidaRomain DemangeonKohei Honda,2013,https://link.springer.com/chapter/10.1007/978-3-642-40787-1_8,Conference paper
Specialization with Constrained Generalization for Software Model Checking,Logic-Based Program Synthesis and Transformation,,,,10.1007/978-3-642-38197-3_5,Emanuele De AngelisFabio FioravantiAlberto PettorossiMaurizio Proietti,2013,https://link.springer.com/chapter/10.1007/978-3-642-38197-3_5,Conference paper
LTL Model Checking of LLVM Bitcode with Symbolic Data,Mathematical and Engineering Methods in Computer Science,,,,10.1007/978-3-319-14896-0_5,Petr BauchVojtěch HavelJiří Barnat,2014,https://link.springer.com/chapter/10.1007/978-3-319-14896-0_5,Conference paper
Cascade 2.0,"Verification, Model Checking, and Abstract Interpretation",,,,10.1007/978-3-642-54013-4_9,Wei WangClark BarrettThomas Wies,2014,https://link.springer.com/chapter/10.1007/978-3-642-54013-4_9,Conference paper
Model checking LTL properties over ANSI-C programs with bounded traces,Software & Systems Modeling,,,,10.1007/s10270-013-0366-0,Jeremy MorseLucas CordeiroDenis NicoleBernd Fischer,2013,https://link.springer.com/article/10.1007/s10270-013-0366-0,Article
Pre-automata and Complex Event Processing,"Information and Communication Technologies in Education, Research, and Industrial Applications",,,,10.1007/978-3-319-13206-8_5,Grygoriy ZholtkevychBoris NovikovVolodymyr Dorozhinsky,2014,https://link.springer.com/chapter/10.1007/978-3-319-13206-8_5,Conference paper
A Completion Algorithm for Lattice Tree Automata,Implementation and Application of Automata,,,,10.1007/978-3-642-39274-0_13,Thomas GenetTristan Le GallAxel LegayValérie Murat,2013,https://link.springer.com/chapter/10.1007/978-3-642-39274-0_13,Conference paper
Formalizing and verifying stochastic system architectures using Monterey Phoenix,Software & Systems Modeling,,,,10.1007/s10270-014-0411-7,Songzheng SongJiexin ZhangYang LiuMikhail AugustonJun SunJin Song DongTieming Chen,2014,https://link.springer.com/article/10.1007/s10270-014-0411-7,Article
Regression Test Selection for Distributed Software Histories,Computer Aided Verification,,,,10.1007/978-3-319-08867-9_19,Milos GligoricRupak MajumdarRohan SharmaLamyaa EloussiDarko Marinov,2014,https://link.springer.com/chapter/10.1007/978-3-319-08867-9_19,Conference paper
Automatic Grammar-Based Test Generation,Testing Software and Systems,,,,10.1007/978-3-642-41707-8_2,Hai-Feng GuoZongyan Qiu,2013,https://link.springer.com/chapter/10.1007/978-3-642-41707-8_2,Conference paper
Using aspects for testing of embedded software: experiences from two industrial case studies,Software Quality Journal,,,,10.1007/s11219-012-9193-8,Jani MetsäShahar MaozMika KataraTommi Mikkonen,2013,https://link.springer.com/article/10.1007/s11219-012-9193-8,Article
An Automatic Encoding from VeriFast Predicates into Implicit Dynamic Frames,"Verified Software: Theories, Tools, Experiments",,,,10.1007/978-3-642-54108-7_11,Daniel JostAlexander J. Summers,2014,https://link.springer.com/chapter/10.1007/978-3-642-54108-7_11,Conference paper
Local Reasoning for the POSIX File System,Programming Languages and Systems,,,,10.1007/978-3-642-54833-8_10,Philippa GardnerGian NtzikAdam Wright,2014,https://link.springer.com/chapter/10.1007/978-3-642-54833-8_10,Conference paper
Debugger-Based Record Replay and Dynamic Analysis for In-Vehicle Infotainment,Computational Science and Its Applications – ICCSA 2014,,,,10.1007/978-3-319-09156-3_28,Hanno EichelbergerJürgen RufThomas KropfThomas GreinerWolfgang Rosenstiel,2014,https://link.springer.com/chapter/10.1007/978-3-319-09156-3_28,Conference paper
Anonymized Reachability of Hybrid Automata Networks,Formal Modeling and Analysis of Timed Systems,,,,10.1007/978-3-319-10512-3_10,Taylor T. JohnsonSayan Mitra,2014,https://link.springer.com/chapter/10.1007/978-3-319-10512-3_10,Conference paper
"Compositional verification of real-time systems using <span>Ecdar</span>
                  ",International Journal on Software Tools for Technology Transfer,,,,10.1007/s10009-012-0237-y,Alexandre DavidKim. G. LarsenAxel LegayMikael H. MøllerUlrik NymanAnders P. RavnArne SkouAndrzej Wąsowski,2012,https://link.springer.com/article/10.1007/s10009-012-0237-y,Article
Model-Based Test Case Generation for Web Applications,Computational Science and Its Applications – ICCSA 2014,,,,10.1007/978-3-319-09153-2_19,Miguel NabucoAna C. R. Paiva,2014,https://link.springer.com/chapter/10.1007/978-3-319-09153-2_19,Conference paper
Static analysis for concurrent programs with applications to data race detection,International Journal on Software Tools for Technology Transfer,,,,10.1007/s10009-013-0274-1,Vineet KahlonSriram SankaranarayananAarti Gupta,2013,https://link.springer.com/article/10.1007/s10009-013-0274-1,Article
PE-KeY: A Partial Evaluator for Java Programs,Integrated Formal Methods,,,,10.1007/978-3-642-30729-4_20,Ran JiRichard Bubel,2012,https://link.springer.com/chapter/10.1007/978-3-642-30729-4_20,Conference paper
QUIC Graphs: Relational Invariant Generation for Containers,ECOOP 2013 – Object-Oriented Programming,,,,10.1007/978-3-642-39038-8_17,Arlen CoxBor-Yuh Evan ChangSriram Sankaranarayanan,2013,https://link.springer.com/chapter/10.1007/978-3-642-39038-8_17,Conference paper
Parallel Execution of ATL Transformation Rules,Model-Driven Engineering Languages and Systems,,,,10.1007/978-3-642-41533-3_40,Massimo TisiSalvador MartínezHassene Choura,2013,https://link.springer.com/chapter/10.1007/978-3-642-41533-3_40,Conference paper
Bounded Model Checking of Multi-threaded C Programs via Lazy Sequentialization,Computer Aided Verification,,,,10.1007/978-3-319-08867-9_39,Omar InversoErmenegildo TomascoBernd FischerSalvatore La TorreGennaro Parlato,2014,https://link.springer.com/chapter/10.1007/978-3-319-08867-9_39,Conference paper
A Visual DSL for the Certification of Open Source Software,Computational Science and Its Applications – ICCSA 2014,,,,10.1007/978-3-319-09156-3_42,Tiago CarçãoPedro Martins,2014,https://link.springer.com/chapter/10.1007/978-3-319-09156-3_42,Conference paper
Scaling symbolic execution using staged analysis,Innovations in Systems and Software Engineering,,,,10.1007/s11334-013-0196-9,Junaid Haroon SiddiquiSarfraz Khurshid,2013,https://link.springer.com/article/10.1007/s11334-013-0196-9,Article
Flexible Invariants through Semantic Collaboration,FM 2014: Formal Methods,,,,10.1007/978-3-319-06410-9_35,Nadia PolikarpovaJulian TschannenCarlo A. FuriaBertrand Meyer,2014,https://link.springer.com/chapter/10.1007/978-3-319-06410-9_35,Conference paper
A Security Types Preserving Compiler in Haskell,Programming Languages,,,,10.1007/978-3-319-11863-5_2,Cecilia ManzinoAlberto Pardo,2014,https://link.springer.com/chapter/10.1007/978-3-319-11863-5_2,Conference paper
Efficient Verification of MASs with Projections,Engineering Multi-Agent Systems,,,,10.1007/978-3-319-14484-9_13,Davide AnconaDaniela BriolaAmal El Fallah SeghrouchniViviana MascardiPatrick Taillibert,2014,https://link.springer.com/chapter/10.1007/978-3-319-14484-9_13,Conference paper
Techniques and Toolset for Conformance Testing against UML Sequence Diagrams,Testing Software and Systems,,,,10.1007/978-3-642-41707-8_12,João Pascoal FariaAna C. R. PaivaMário Ventura de Castro,2013,https://link.springer.com/chapter/10.1007/978-3-642-41707-8_12,Conference paper
Computing Inferences for Relational Bayesian Networks Based on $$\mathcal {ALC}$$ Constructs,Uncertainty Reasoning for the Semantic Web III,,,,10.1007/978-3-319-13413-0_2,Fabio G. CozmanRodrigo B. PolastroFelipe I. TakiyamaKate C. Revoredo,2014,https://link.springer.com/chapter/10.1007/978-3-319-13413-0_2,Conference paper
A method of refinement in UML-B,Software & Systems Modeling,,,,10.1007/s10270-013-0391-z,Mar Yah SaidMichael ButlerColin Snook,2013,https://link.springer.com/article/10.1007/s10270-013-0391-z,Article
Efficient Runtime Monitoring with Metric Temporal Logic: A Case Study in the Android Operating System,FM 2014: Formal Methods,,,,10.1007/978-3-319-06410-9_21,Hendra GunadiAlwen Tiu,2014,https://link.springer.com/chapter/10.1007/978-3-319-06410-9_21,Conference paper
A Formal Design of a Tool for Static Analysis of Upper Bounds on Object Calls in Java,Formal Methods for Industrial Critical Systems,,,,10.1007/978-3-642-32469-7_13,Konrad SiekPaweł T. Wojciechowski,2012,https://link.springer.com/chapter/10.1007/978-3-642-32469-7_13,Conference paper
The TTT Algorithm: A Redundancy-Free Approach to Active Automata Learning,Runtime Verification,,,,10.1007/978-3-319-11164-3_26,Malte IsbernerFalk HowarBernhard Steffen,2014,https://link.springer.com/chapter/10.1007/978-3-319-11164-3_26,Conference paper
Bounds2: A Tool for Compositional Multi-parametrised Verification,Tools and Algorithms for the Construction and Analysis of Systems,,,,10.1007/978-3-642-54862-8_52,Antti Siirtola,2014,https://link.springer.com/chapter/10.1007/978-3-642-54862-8_52,Conference paper
Generating Constrained Random&#xa0;Data with&#xa0;Uniform&#xa0;Distribution,Functional and Logic Programming,,,,10.1007/978-3-319-07151-0_2,Koen ClaessenJonas DuregårdMichał H. Pałka,2014,https://link.springer.com/chapter/10.1007/978-3-319-07151-0_2,Conference paper
Tractable Reasoning about Group Beliefs,Engineering Multi-Agent Systems,,,,10.1007/978-3-319-14484-9_17,Barbara Dunin-KępliczAndrzej SzałasRineke Verbrugge,2014,https://link.springer.com/chapter/10.1007/978-3-319-14484-9_17,Conference paper
dkal  ⋆ : Constructing Executable Specifications of Authorization Protocols,Engineering Secure Software and Systems,,,,10.1007/978-3-642-36563-8_10,Jean-Baptiste JeanninGuido de CasoJuan ChenYuri GurevichPrasad NaldurgNikhil Swamy,2013,https://link.springer.com/chapter/10.1007/978-3-642-36563-8_10,Conference paper
Model-Checking Circus State-Rich Specifications,Integrated Formal Methods,,,,10.1007/978-3-319-10181-1_3,Marcel Vinicius Medeiros OliveiraAugusto C. A. SampaioMadiel S. Conserva Filho,2014,https://link.springer.com/chapter/10.1007/978-3-319-10181-1_3,Conference paper
"Java and the Java Memory Model — A Unified, Machine-Checked Formalisation",Programming Languages and Systems,,,,10.1007/978-3-642-28869-2_25,Andreas Lochbihler,2012,https://link.springer.com/chapter/10.1007/978-3-642-28869-2_25,Conference paper
GRL: A Specification Language for Globally Asynchronous Locally Synchronous Systems,Formal Methods and Software Engineering,,,,10.1007/978-3-319-11737-9_15,Fatma JebaliFrédéric LangRadu Mateescu,2014,https://link.springer.com/chapter/10.1007/978-3-319-11737-9_15,Conference paper
XMG: A Modular MetaGrammar Compiler,"Pristine Perspectives on Logic, Language, and Computation",,,,10.1007/978-3-662-44116-9_4,Simon Petitjean,2014,https://link.springer.com/chapter/10.1007/978-3-662-44116-9_4,Conference paper
Runtime monitoring and verification of systems with hidden information,Innovations in Systems and Software Engineering,,,,10.1007/s11334-013-0224-9,Doron Drusinsky,2013,https://link.springer.com/article/10.1007/s11334-013-0224-9,Article
Explaining Violation Traces with Finite State Natural Language Generation Models,Controlled Natural Language,,,,10.1007/978-3-319-10223-8_17,Gordon J. PaceMichael Rosner,2014,https://link.springer.com/chapter/10.1007/978-3-319-10223-8_17,Conference paper
Quantitative reactive modeling and verification,Computer Science - Research and Development,,,,10.1007/s00450-013-0251-7,Thomas A. Henzinger,2013,https://link.springer.com/article/10.1007/s00450-013-0251-7,Article
Cyclic Abduction of Inductively Defined Safety and Termination Preconditions,Static Analysis,,,,10.1007/978-3-319-10936-7_5,James BrotherstonNikos Gorogiannis,2014,https://link.springer.com/chapter/10.1007/978-3-319-10936-7_5,Conference paper
Semantics and Inference for Probabilistic Description Logics,Uncertainty Reasoning for the Semantic Web III,,,,10.1007/978-3-319-13413-0_5,Riccardo ZeseElena BellodiEvelina LammaFabrizio RiguzziFabiano Aguiari,2014,https://link.springer.com/chapter/10.1007/978-3-319-13413-0_5,Conference paper
Code Generation for Event-B,Integrated Formal Methods,,,,10.1007/978-3-319-10181-1_20,Andreas FürstThai Son HoangDavid BasinKrishnaji DesaiNaoto SatoKunihiko Miyazaki,2014,https://link.springer.com/chapter/10.1007/978-3-319-10181-1_20,Conference paper
StreamRule: A Nonmonotonic Stream Reasoning System for the Semantic Web,Web Reasoning and Rule Systems,,,,10.1007/978-3-642-39666-3_23,Alessandra MileoAhmed AbdelrahmanSean PolicarpioManfred Hauswirth,2013,https://link.springer.com/chapter/10.1007/978-3-642-39666-3_23,Conference paper
Modeling and Analyzing Using ASMs: The Landing Gear System Case Study,ABZ 2014: The Landing Gear Case Study,,,,10.1007/978-3-319-07512-9_3,Paolo ArcainiAngelo GargantiniElvinia Riccobene,2014,https://link.springer.com/chapter/10.1007/978-3-319-07512-9_3,Conference paper
Improving the Model Checking of Strategies under Partial Observability and Fairness Constraints,Formal Methods and Software Engineering,,,,10.1007/978-3-319-11737-9_3,Simon BusardCharles PecheurHongyang QuFranco Raimondi,2014,https://link.springer.com/chapter/10.1007/978-3-319-11737-9_3,Conference paper
Model-based diagnosis of spreadsheet programs: a constraint-based debugging approach,Automated Software Engineering,,,,10.1007/s10515-014-0141-7,Dietmar JannachThomas Schmitz,2014,https://link.springer.com/article/10.1007/s10515-014-0141-7,Article
JRF-E: using model checking to give advice on eliminating memory model-related bugs,Automated Software Engineering,,,,10.1007/s10515-012-0109-4,Kyung Hee KimTuba Yavuz-KahveciBeverly A. Sanders,2012,https://link.springer.com/article/10.1007/s10515-012-0109-4,Article
A Method for Scalable and Precise Bug Finding Using Program Analysis and Model Checking,Programming Languages and Systems,,,,10.1007/978-3-319-12736-1_11,Manuel ValdiviezoCristina CifuentesPadmanabhan Krishnan,2014,https://link.springer.com/chapter/10.1007/978-3-319-12736-1_11,Conference paper
Multi-agent Systems Design and Prototyping with Bigraphical Reactive Systems,Distributed Applications and Interoperable Systems,,,,10.1007/978-3-662-43352-2_16,Alessio MansuttiMarino MiculanMarco Peressotti,2014,https://link.springer.com/chapter/10.1007/978-3-662-43352-2_16,Conference paper
Survey on test data generation tools,International Journal on Software Tools for Technology Transfer,,,,10.1007/s10009-013-0272-3,Stefan J. GallerBernhard K. Aichernig,2013,https://link.springer.com/article/10.1007/s10009-013-0272-3,Article
Domain-Specific Languages for Enterprise Systems,"Leveraging Applications of Formal Methods, Verification and Validation. Technologies for Mastering Change",,,,10.1007/978-3-662-45234-9_6,Jesper AndersenPatrick BahrFritz HengleinTom Hvitved,2014,https://link.springer.com/chapter/10.1007/978-3-662-45234-9_6,Conference paper
Precise Predictive Analysis for Discovering Communication Deadlocks in MPI Programs,FM 2014: Formal Methods,,,,10.1007/978-3-319-06410-9_19,Vojtěch ForejtDaniel KroeningGanesh NarayanaswamySubodh Sharma,2014,https://link.springer.com/chapter/10.1007/978-3-319-06410-9_19,Conference paper
Effect-Polymorphic Behaviour Inference for Deadlock Checking,Software Engineering and Formal Methods,,,,10.1007/978-3-319-10431-7_5,Ka I PunMartin SteffenVolker Stolz,2014,https://link.springer.com/chapter/10.1007/978-3-319-10431-7_5,Conference paper
A Formalism for Stochastic Adaptive Systems,"Leveraging Applications of Formal Methods, Verification and Validation. Specialized Techniques and Applications",,,,10.1007/978-3-662-45231-8_12,Benoît BoyerAxel LegayLouis-Marie Traonouez,2014,https://link.springer.com/chapter/10.1007/978-3-662-45231-8_12,Conference paper
Formal Verification of a Descent Guidance Control Program of a Lunar Lander,FM 2014: Formal Methods,,,,10.1007/978-3-319-06410-9_49,Hengjun ZhaoMengfei YangNaijun ZhanBin GuLiang ZouYao Chen,2014,https://link.springer.com/chapter/10.1007/978-3-319-06410-9_49,Conference paper
A survey of approaches for verifying model transformations,Software & Systems Modeling,,,,10.1007/s10270-013-0358-0,Lukman Ab. RahimJon Whittle,2013,https://link.springer.com/article/10.1007/s10270-013-0358-0,Article
The Chemical Machine: An Interpreter for the Higher Order Chemical Language,Euro-Par 2011: Parallel Processing Workshops,,,,10.1007/978-3-642-29737-3_21,Vilmos RajcsányiZsolt Németh,2012,https://link.springer.com/chapter/10.1007/978-3-642-29737-3_21,Conference paper
Non-interference by Unfolding,Application and Theory of Petri Nets and Concurrency,,,,10.1007/978-3-319-07734-5_11,Paolo BaldanAlberto Carraro,2014,https://link.springer.com/chapter/10.1007/978-3-319-07734-5_11,Conference paper
PBCOV: a property-based coverage criterion,Software Quality Journal,,,,10.1007/s11219-014-9237-3,Kassem FawazFadi ZaraketWes MasriHamza Harkous,2014,https://link.springer.com/article/10.1007/s11219-014-9237-3,Article
Automatically Repairing Concurrency Bugs with ARC,"Multicore Software Engineering, Performance, and Tools",,,,10.1007/978-3-642-39955-8_7,David KelkKevin JalbertJeremy S. Bradbury,2013,https://link.springer.com/chapter/10.1007/978-3-642-39955-8_7,Conference paper
Incremental Refinement Checking for Test Case Generation,Tests and Proofs,,,,10.1007/978-3-642-38916-0_1,Bernhard K. AichernigElisabeth JöbstlMatthias Kegele,2013,https://link.springer.com/chapter/10.1007/978-3-642-38916-0_1,Conference paper
An Integrated Specification and Verification Technique for Highly Concurrent Data Structures,Tools and Algorithms for the Construction and Analysis of Systems,,,,10.1007/978-3-642-36742-7_23,Parosh Aziz AbdullaFrédéric HazizaLukáš HolíkBengt JonssonAhmed Rezine,2013,https://link.springer.com/chapter/10.1007/978-3-642-36742-7_23,Conference paper
Verification of a Transactional Memory Manager under Hardware Failures and Restarts,FM 2014: Formal Methods,,,,10.1007/978-3-319-06410-9_31,Ognjen MarićChristoph Sprenger,2014,https://link.springer.com/chapter/10.1007/978-3-319-06410-9_31,Conference paper
Counterexample-guided abstraction refinement for linear programs with arrays,Automated Software Engineering,,,,10.1007/s10515-013-0132-0,Alessandro ArmandoMassimo BenerecettiJacopo Mantovani,2013,https://link.springer.com/article/10.1007/s10515-013-0132-0,Article
Automatic Constrained Rewriting Induction towards Verifying Procedural Programs,Programming Languages and Systems,,,,10.1007/978-3-319-12736-1_18,Cynthia KopNaoki Nishida,2014,https://link.springer.com/chapter/10.1007/978-3-319-12736-1_18,Conference paper
N-Gram Based Test Sequence Generation from Finite State Models,Future Internet Testing,,,,10.1007/978-3-319-07785-7_4,Paolo TonellaRoberto TiellaCu D. Nguyen,2014,https://link.springer.com/chapter/10.1007/978-3-319-07785-7_4,Conference paper
Modbat: A Model-Based API Tester for Event-Driven Systems,Hardware and Software: Verification and Testing,,,,10.1007/978-3-319-03077-7_8,Cyrille Valentin ArthoArmin BiereMasami HagiyaEric PlatonMartina SeidlYoshinori TanabeMitsuharu Yamamoto,2013,https://link.springer.com/chapter/10.1007/978-3-319-03077-7_8,Conference paper
Precisely Deciding Control State Reachability in Concurrent Traces with Limited Observability,"Verification, Model Checking, and Abstract Interpretation",,,,10.1007/978-3-642-54013-4_21,Chao WangKevin Hoang,2014,https://link.springer.com/chapter/10.1007/978-3-642-54013-4_21,Conference paper
Attribute Handling for Generating Preconditions from Graph Constraints,Graph Transformation,,,,10.1007/978-3-319-09108-2_6,Frederik DeckwerthGergely Varró,2014,https://link.springer.com/chapter/10.1007/978-3-319-09108-2_6,Conference paper
Semantics for Prolog with Cut – Revisited,Functional and Logic Programming,,,,10.1007/978-3-319-07151-0_17,Jael KrienerAndy King,2014,https://link.springer.com/chapter/10.1007/978-3-319-07151-0_17,Conference paper
Abstract Execution for Event-Driven Systems – An Application from Automotive/Infotainment Development,"Leveraging Applications of Formal Methods, Verification and Validation. Applications and Case Studies",,,,10.1007/978-3-642-34032-1_18,Klaus Birken,2012,https://link.springer.com/chapter/10.1007/978-3-642-34032-1_18,Conference paper
Fine-Grained and Coarse-Grained Reactive Noninterference,Trustworthy Global Computing,,,,10.1007/978-3-319-05119-2_10,Pejman AttarIlaria Castellani,2014,https://link.springer.com/chapter/10.1007/978-3-319-05119-2_10,Conference paper
Modular Refinement for Submachines of ASMs,"Abstract State Machines, Alloy, B, TLA, VDM, and Z",,,,10.1007/978-3-662-43652-3_16,Gidon ErnstJörg PfählerGerhard SchellhornWolfgang Reif,2014,https://link.springer.com/chapter/10.1007/978-3-662-43652-3_16,Conference paper
A Modular Approach for Reusing Formalisms in Verification Tools of Concurrent Systems,Formal Methods and Software Engineering,,,,10.1007/978-3-642-41202-8_14,Étienne AndréBenoît BarbotClément DémoulinsLom Messan HillahFrancis Hulin-HubardFabrice KordonAlban LinardLaure Petrucci,2013,https://link.springer.com/chapter/10.1007/978-3-642-41202-8_14,Conference paper
Laws of Programming for References,Programming Languages and Systems,,,,10.1007/978-3-319-03542-0_9,Giovanny LuceroDavid NaumannAugusto Sampaio,2013,https://link.springer.com/chapter/10.1007/978-3-319-03542-0_9,Conference paper
POSIX Regular Expression Parsing with Derivatives,Functional and Logic Programming,,,,10.1007/978-3-319-07151-0_13,Martin SulzmannKenny Zhuo Ming Lu,2014,https://link.springer.com/chapter/10.1007/978-3-319-07151-0_13,Conference paper
"From Small-Step Semantics to Big-Step Semantics, Automatically",Integrated Formal Methods,,,,10.1007/978-3-642-38613-8_24,Ştefan Ciobâcă,2013,https://link.springer.com/chapter/10.1007/978-3-642-38613-8_24,Conference paper
Concurrent Flexible Reversibility,Programming Languages and Systems,,,,10.1007/978-3-642-37036-6_21,Ivan LaneseMichael LienhardtClaudio Antares MezzinaAlan SchmittJean-Bernard Stefani,2013,https://link.springer.com/chapter/10.1007/978-3-642-37036-6_21,Conference paper
Improving the Understandability of Formal Specifications: An Experience Report,Requirements Engineering: Foundation for Software Quality,,,,10.1007/978-3-319-05843-6_14,Felix KossakAtif MashkoorVerena GeistChrista Illibauer,2014,https://link.springer.com/chapter/10.1007/978-3-319-05843-6_14,Conference paper
Checking Internal Consistency of SOFL Specification: A Hybrid Approach,Structured Object-Oriented Formal Language and Method,,,,10.1007/978-3-319-04915-1_13,Yuting Chen,2014,https://link.springer.com/chapter/10.1007/978-3-319-04915-1_13,Conference paper
Agent Programming Languages Requirements for Programming Autonomous Robots,Programming Multi-Agent Systems,,,,10.1007/978-3-642-38700-5_3,Pouyan ZiafatiMehdi DastaniJohn-Jules MeyerLeendert van der Torre,2013,https://link.springer.com/chapter/10.1007/978-3-642-38700-5_3,Conference paper
Automatic Extraction of Behavioral Models from Distributed Systems and Services,Evaluation of Novel Approaches to Software Engineering,,,,10.1007/978-3-642-54092-9_14,Ioana ŞoraDoru-Thom Popovici,2013,https://link.springer.com/chapter/10.1007/978-3-642-54092-9_14,Conference paper
Subformula Linking as an Interaction Method,Interactive Theorem Proving,,,,10.1007/978-3-642-39634-2_28,Kaustuv Chaudhuri,2013,https://link.springer.com/chapter/10.1007/978-3-642-39634-2_28,Conference paper
Cuts in Regular Expressions,Developments in Language Theory,,,,10.1007/978-3-642-38771-5_8,Martin BerglundHenrik BjörklundFrank DrewesBrink van der MerweBruce Watson,2013,https://link.springer.com/chapter/10.1007/978-3-642-38771-5_8,Conference paper
Model-based testing of internet e-mail protocols,Programming and Computer Software,,,,10.1134/S0361768812050040,N. V. PakulinA. N. TugaenkoV. Z. Shnitman,2012,https://link.springer.com/article/10.1134/S0361768812050040,Article
Deriving Pretty-Big-Step Semantics from Small-Step Semantics,Programming Languages and Systems,,,,10.1007/978-3-642-54833-8_15,Casper Bach PoulsenPeter D. Mosses,2014,https://link.springer.com/chapter/10.1007/978-3-642-54833-8_15,Conference paper
Logical Detection of Invalid SameAs Statements in RDF Data,Knowledge Engineering and Knowledge Management,,,,10.1007/978-3-319-13704-9_29,Laura PapaleoNathalie PernelleFatiha SaïsCyril Dumont,2014,https://link.springer.com/chapter/10.1007/978-3-319-13704-9_29,Conference paper
Case Studies in Learning-Based Testing,Testing Software and Systems,,,,10.1007/978-3-642-41707-8_11,Lei FengSimon LundmarkKarl MeinkeFei NiuMuddassar A. SindhuPeter Y. H. Wong,2013,https://link.springer.com/chapter/10.1007/978-3-642-41707-8_11,Conference paper
WSSL: A Fluent Calculus-Based Language for Web Service Specifications,Advanced Information Systems Engineering,,,,10.1007/978-3-642-38709-8_17,George BaryannisDimitris Plexousakis,2013,https://link.springer.com/chapter/10.1007/978-3-642-38709-8_17,Conference paper
Monitoring Parametric Temporal Logic,"Verification, Model Checking, and Abstract Interpretation",,,,10.1007/978-3-642-54013-4_20,Peter FaymonvilleBernd FinkbeinerDoron Peled,2014,https://link.springer.com/chapter/10.1007/978-3-642-54013-4_20,Conference paper
A Supervisor Synthesis Tool for Finite Nondeterministic Automata with Data,Software Engineering and Formal Methods,,,,10.1007/978-3-319-05032-4_8,Aleksandar KirilovDarko MartinovikjKristijan MishevskiMarija PetkovskaZlatka TrajcheskaJasen Markovski,2014,https://link.springer.com/chapter/10.1007/978-3-319-05032-4_8,Conference paper
An Integrated Analysis and Testing Methodology to Support Model-Based Quality Assurance,Software Quality. Model-Based Approaches for Advanced Software and Systems Engineering,,,,10.1007/978-3-319-03602-1_9,Frank ElberzhagerAlla RosbachThomas Bauer,2014,https://link.springer.com/chapter/10.1007/978-3-319-03602-1_9,Conference paper
The Future of a Missed Deadline,Coordination Models and Languages,,,,10.1007/978-3-642-38493-6_13,Behrooz NobakhtFrank S. de BoerMohammad Mahdi Jaghoori,2013,https://link.springer.com/chapter/10.1007/978-3-642-38493-6_13,Conference paper
Absorption for ABoxes,Journal of Automated Reasoning,,,,10.1007/s10817-014-9304-2,Jiewen WuAlexander HudekDavid TomanGrant Weddell,2014,https://link.springer.com/article/10.1007/s10817-014-9304-2,Article
Left is Better than Right for Reducing Nondeterminism of NFAs,Implementation and Application of Automata,,,,10.1007/978-3-319-08846-4_18,Sang-Ki KoYo-Sub Han,2014,https://link.springer.com/chapter/10.1007/978-3-319-08846-4_18,Conference paper
DFA with a Bounded Activity Level,Language and Automata Theory and Applications,,,,10.1007/978-3-319-04921-2_39,Marius KonitzerHans Ulrich Simon,2014,https://link.springer.com/chapter/10.1007/978-3-319-04921-2_39,Conference paper
"Formal process algebraic modeling, verification, and analysis of an abstract Fuzzy Inference Cloud Service",The Journal of Supercomputing,,,,10.1007/s11227-013-1005-9,Ali RezaeeAmir Masoud RahmaniAli MovagharMohammad Teshnehlab,2013,https://link.springer.com/article/10.1007/s11227-013-1005-9,Article
Context-Assisted Test Cases Reduction for Cloud Validation,Modeling and Using Context,,,,10.1007/978-3-642-40972-1_22,Feras A. BatarsehAvelino J. GonzalezRainer Knauf,2013,https://link.springer.com/chapter/10.1007/978-3-642-40972-1_22,Conference paper
Assessing the Impact of Firewalls and Database Proxies on SQL Injection Testing,Future Internet Testing,,,,10.1007/978-3-319-07785-7_2,Dennis AppeltNadia AlshahwanLionel Briand,2014,https://link.springer.com/chapter/10.1007/978-3-319-07785-7_2,Conference paper
Precise Detection of Atomicity Violations,Hardware and Software: Verification and Testing,,,,10.1007/978-3-642-39611-3_8,Ricardo J. DiasVasco PessanhaJoão M. Lourenço,2013,https://link.springer.com/chapter/10.1007/978-3-642-39611-3_8,Conference paper
Reconstructing Paths for Reachable Code,Formal Methods and Software Engineering,,,,10.1007/978-3-642-41202-8_28,Stephan ArltZhiming LiuMartin Schäf,2013,https://link.springer.com/chapter/10.1007/978-3-642-41202-8_28,Conference paper
Constraint-Based Automated Generation of Test Data,Software Quality. Model-Based Approaches for Advanced Software and Systems Engineering,,,,10.1007/978-3-319-03602-1_13,Hans-Martin AdorfMartin Varendorff,2014,https://link.springer.com/chapter/10.1007/978-3-319-03602-1_13,Conference paper
Proof Patterns for Formal Methods,FM 2014: Formal Methods,,,,10.1007/978-3-319-06410-9_20,Leo FreitasIain Whiteside,2014,https://link.springer.com/chapter/10.1007/978-3-319-06410-9_20,Conference paper
Fault Localization of Concurrency Bugs and Its Application in Web Security,Algorithms and Architectures for Parallel Processing,,,,10.1007/978-3-319-11194-0_55,Zhenyuan Jiang,2014,https://link.springer.com/chapter/10.1007/978-3-319-11194-0_55,Conference paper
Java Memory Model-Aware Model Checking,Tools and Algorithms for the Construction and Analysis of Systems,,,,10.1007/978-3-642-28756-5_16,Huafeng JinTuba Yavuz-KahveciBeverly A. Sanders,2012,https://link.springer.com/chapter/10.1007/978-3-642-28756-5_16,Conference paper
DiVinE 3.0 – An Explicit-State Model Checker for Multithreaded C &amp; C++ Programs,Computer Aided Verification,,,,10.1007/978-3-642-39799-8_60,Jiří BarnatLuboš BrimVojtěch HavelJan HavlíčekJan KrihoMilan LenčoPetr RočkaiVladimír ŠtillJiří Weiser,2013,https://link.springer.com/chapter/10.1007/978-3-642-39799-8_60,Conference paper
"Testing hybrid systems with <i>TTCN-3 embedded</i>
            ",International Journal on Software Tools for Technology Transfer,,,,10.1007/s10009-013-0283-0,Juergen Grossmann,2013,https://link.springer.com/article/10.1007/s10009-013-0283-0,Article
The impact of UML modeling on defect density and defect resolution time in a proprietary system,Empirical Software Engineering,,,,10.1007/s10664-013-9243-2,Ariadi NugrohoMichel R. V. Chaudron,2013,https://link.springer.com/article/10.1007/s10664-013-9243-2,Article
Pairwise Reachability Analysis for Higher Order Concurrent Programs by Higher-Order Model Checking,CONCUR 2014 – Concurrency Theory,,,,10.1007/978-3-662-44584-6_22,Kazuhide YasukataNaoki KobayashiKazutaka Matsuda,2014,https://link.springer.com/chapter/10.1007/978-3-662-44584-6_22,Conference paper
Self-expression and Dynamic Attribute-Based Ensembles in SCEL,"Leveraging Applications of Formal Methods, Verification and Validation. Technologies for Mastering Change",,,,10.1007/978-3-662-45234-9_11,Giacomo CabriNicola CapodieciLuca CesariRocco De NicolaRosario PuglieseFrancesco TiezziFranco Zambonelli,2014,https://link.springer.com/chapter/10.1007/978-3-662-45234-9_11,Conference paper
Property Specification Made Easy: Harnessing the Power of Model Checking in UML Designs,"Formal Techniques for Distributed Objects, Components, and Systems",,,,10.1007/978-3-662-43613-4_2,Daniela RemenskaTim A. C. WillemseJeff TemplonKees VerstoepHenri Bal,2014,https://link.springer.com/chapter/10.1007/978-3-662-43613-4_2,Conference paper
Model Checking of UML-RT Models Using Lazy Composition,Model-Driven Engineering Languages and Systems,,,,10.1007/978-3-642-41533-3_19,Karolina ZurowskaJuergen Dingel,2013,https://link.springer.com/chapter/10.1007/978-3-642-41533-3_19,Conference paper
Infinite States Verification in Game-Theoretic Logics: Case Studies and Implementation,Engineering Multi-Agent Systems,,,,10.1007/978-3-319-14484-9_14,Slawomir KmiecYves Lespérance,2014,https://link.springer.com/chapter/10.1007/978-3-319-14484-9_14,Conference paper
Formalizing the SAFECode Type System,Certified Programs and Proofs,,,,10.1007/978-3-319-03545-1_14,Daniel HuangGreg Morrisett,2013,https://link.springer.com/chapter/10.1007/978-3-319-03545-1_14,Conference paper
Affine Sessions,Coordination Models and Languages,,,,10.1007/978-3-662-43376-8_8,Dimitris MostrousVasco Thudichum Vasconcelos,2014,https://link.springer.com/chapter/10.1007/978-3-662-43376-8_8,Conference paper
Time for Mutants — Model-Based Mutation Testing with Timed Automata,Tests and Proofs,,,,10.1007/978-3-642-38916-0_2,Bernhard K. AichernigFlorian LorberDejan Ničković,2013,https://link.springer.com/chapter/10.1007/978-3-642-38916-0_2,Conference paper
Incremental Syntactic-Semantic Reliability Analysis of Evolving Structured Workflows,"Leveraging Applications of Formal Methods, Verification and Validation. Technologies for Mastering Change",,,,10.1007/978-3-662-45234-9_4,Domenico BianculliAntonio FilieriCarlo GhezziDino Mandrioli,2014,https://link.springer.com/chapter/10.1007/978-3-662-45234-9_4,Conference paper
$\mathcal{EL}$ -ifying Ontologies,Automated Reasoning,,,,10.1007/978-3-319-08587-6_36,David CarralCristina FeierBernardo Cuenca GrauPascal HitzlerIan Horrocks,2014,https://link.springer.com/chapter/10.1007/978-3-319-08587-6_36,Conference paper
Bridging the Chasm between Executable Metamodeling and Models of Computation,Software Language Engineering,,,,10.1007/978-3-642-36089-3_11,Benoît CombemaleCécile HardebolleChristophe JacquetFrédéric BoulangerBenoit Baudry,2013,https://link.springer.com/chapter/10.1007/978-3-642-36089-3_11,Conference paper
A Declarative Debugger for Sequential Erlang Programs,Tests and Proofs,,,,10.1007/978-3-642-38916-0_6,Rafael CaballeroEnrique Martin-MartinAdrián RiescoSalvador Tamarit,2013,https://link.springer.com/chapter/10.1007/978-3-642-38916-0_6,Conference paper
Efficient Submatch Extraction for Practical Regular Expressions,Language and Automata Theory and Applications,,,,10.1007/978-3-642-37064-9_29,Stuart HaberWilliam HornePratyusa ManadhataMiranda MowbrayPrasad Rao,2013,https://link.springer.com/chapter/10.1007/978-3-642-37064-9_29,Conference paper
Deontic BPMN: a powerful extension of BPMN with a trusted model transformation,Software & Systems Modeling,,,,10.1007/s10270-013-0329-5,Christine NatschlägerFelix KossakKlaus-Dieter Schewe,2013,https://link.springer.com/article/10.1007/s10270-013-0329-5,Article
Model-Based Testing for Verification Back-Ends,Tests and Proofs,,,,10.1007/978-3-642-38916-0_3,Cyrille ArthoArmin BiereMartina Seidl,2013,https://link.springer.com/chapter/10.1007/978-3-642-38916-0_3,Conference paper
A Metric for Testing Program Verification Systems,Tests and Proofs,,,,10.1007/978-3-642-38916-0_4,Bernhard BeckertThorsten BormerMarkus Wagner,2013,https://link.springer.com/chapter/10.1007/978-3-642-38916-0_4,Conference paper
Symbolic Visibly Pushdown Automata,Computer Aided Verification,,,,10.1007/978-3-319-08867-9_14,Loris D’AntoniRajeev Alur,2014,https://link.springer.com/chapter/10.1007/978-3-319-08867-9_14,Conference paper
String Constraints for Verification,Computer Aided Verification,,,,10.1007/978-3-319-08867-9_10,Parosh Aziz AbdullaMohamed Faouzi AtigYu-Fang ChenLukáš HolíkAhmed RezinePhilipp RümmerJari Stenman,2014,https://link.springer.com/chapter/10.1007/978-3-319-08867-9_10,Conference paper
On Faults and Faulty Programs,Relational and Algebraic Methods in Computer Science,,,,10.1007/978-3-319-06251-8_12,Ali MiliMarcelo F. FriasAli Jaoua,2014,https://link.springer.com/chapter/10.1007/978-3-319-06251-8_12,Conference paper
A Verified Implementation of Priority Monitors in Java,Formal Verification of Object-Oriented Software,,,,10.1007/978-3-642-31762-0_11,Ángel HerranzJulio Mariño,2012,https://link.springer.com/chapter/10.1007/978-3-642-31762-0_11,Conference paper
Programs from Proofs – A PCC Alternative,Computer Aided Verification,,,,10.1007/978-3-642-39799-8_65,Daniel WonischAlexander SchremmerHeike Wehrheim,2013,https://link.springer.com/chapter/10.1007/978-3-642-39799-8_65,Conference paper
Generating effective tests for concurrent programs via AI automated planning techniques,International Journal on Software Tools for Technology Transfer,,,,10.1007/s10009-013-0277-y,Niloofar RazaviAzadeh FarzanSheila A. McIlraith,2013,https://link.springer.com/article/10.1007/s10009-013-0277-y,Article
Generating Verifiable Java Code from Verified PVS Specifications,NASA Formal Methods,,,,10.1007/978-3-642-28891-3_30,Leonard LensinkSjaak SmetsersMarko van Eekelen,2012,https://link.springer.com/chapter/10.1007/978-3-642-28891-3_30,Conference paper
On Refinements of Boolean and Parametric Modal Transition Systems,Theoretical Aspects of Computing – ICTAC 2013,,,,10.1007/978-3-642-39718-9_13,Jan KřetínskýSalomon Sickert,2013,https://link.springer.com/chapter/10.1007/978-3-642-39718-9_13,Conference paper
Equivalence Checking of Quantum Protocols,Tools and Algorithms for the Construction and Analysis of Systems,,,,10.1007/978-3-642-36742-7_33,Ebrahim Ardeshir-LarijaniSimon J. GayRajagopal Nagarajan,2013,https://link.springer.com/chapter/10.1007/978-3-642-36742-7_33,Conference paper
Automated Verification of Relational While-Programs,Relational and Algebraic Methods in Computer Science,,,,10.1007/978-3-319-06251-8_11,Rudolf BerghammerPeter HöfnerInsa Stucke,2014,https://link.springer.com/chapter/10.1007/978-3-319-06251-8_11,Conference paper
CoMA: Conformance Monitoring of Java Programs by Abstract State Machines,Runtime Verification,,,,10.1007/978-3-642-29860-8_17,Paolo ArcainiAngelo GargantiniElvinia Riccobene,2012,https://link.springer.com/chapter/10.1007/978-3-642-29860-8_17,Conference paper
Ribbon Proofs for Separation Logic,Programming Languages and Systems,,,,10.1007/978-3-642-37036-6_12,John WickersonMike DoddsMatthew Parkinson,2013,https://link.springer.com/chapter/10.1007/978-3-642-37036-6_12,Conference paper
Model-Based Shrinking for State-Based Testing,Trends in Functional Programming,,,,10.1007/978-3-642-45340-3_7,Pieter KoopmanPeter AchtenRinus Plasmeijer,2014,https://link.springer.com/chapter/10.1007/978-3-642-45340-3_7,Conference paper
A Simple and Scalable Static Analysis for Bound Analysis and Amortized Complexity Analysis,Computer Aided Verification,,,,10.1007/978-3-319-08867-9_50,Moritz SinnFlorian ZulegerHelmut Veith,2014,https://link.springer.com/chapter/10.1007/978-3-319-08867-9_50,Conference paper
A Conference Management System with Verified Document Confidentiality,Computer Aided Verification,,,,10.1007/978-3-319-08867-9_11,Sudeep KanavPeter LammichAndrei Popescu,2014,https://link.springer.com/chapter/10.1007/978-3-319-08867-9_11,Conference paper
Necessary and Sufficient Preconditions via Eager Abstraction,Programming Languages and Systems,,,,10.1007/978-3-319-12736-1_13,Mohamed Nassim SeghirPeter Schrammel,2014,https://link.springer.com/chapter/10.1007/978-3-319-12736-1_13,Conference paper
Automated Termination Proofs for Java Programs with Cyclic Data,Computer Aided Verification,,,,10.1007/978-3-642-31424-7_13,Marc BrockschmidtRichard MusiolCarsten OttoJürgen Giesl,2012,https://link.springer.com/chapter/10.1007/978-3-642-31424-7_13,Conference paper
Modular Well-Definedness Analysis for Attribute Grammars,Software Language Engineering,,,,10.1007/978-3-642-36089-3_20,Ted KaminskiEric Van Wyk,2013,https://link.springer.com/chapter/10.1007/978-3-642-36089-3_20,Conference paper
Beyond Feasibility: CP Usage in Constrained-Random Functional Hardware Verification,Principles and Practice of Constraint Programming,,,,10.1007/978-3-642-40627-0_60,Reuven NavehAmit Metodi,2013,https://link.springer.com/chapter/10.1007/978-3-642-40627-0_60,Conference paper
Rabinizer 2: Small Deterministic Automata for LTL ∖ GU,Automated Technology for Verification and Analysis,,,,10.1007/978-3-319-02444-8_32,Jan KřetínskýRuslán Ledesma Garza,2013,https://link.springer.com/chapter/10.1007/978-3-319-02444-8_32,Conference paper
The Billion-Dollar Fix,ECOOP 2013 – Object-Oriented Programming,,,,10.1007/978-3-642-39038-8_9,Marco ServettoJulian MackayAlex PotaninJames Noble,2013,https://link.springer.com/chapter/10.1007/978-3-642-39038-8_9,Conference paper
Automated Error-Detection and Repair for Compositional Software Specifications,Software Engineering and Formal Methods,,,,10.1007/978-3-319-10431-7_9,Dalal AlrajehRobert Craven,2014,https://link.springer.com/chapter/10.1007/978-3-319-10431-7_9,Conference paper
Soundness and Completeness of the NRB Verification Logic,Software Engineering and Formal Methods,,,,10.1007/978-3-319-05032-4_28,Peter T. BreuerSimon J. Pickin,2014,https://link.springer.com/chapter/10.1007/978-3-319-05032-4_28,Conference paper
Verification of Snapshot Isolation in Transactional Memory Java Programs,ECOOP 2012 – Object-Oriented Programming,,,,10.1007/978-3-642-31057-7_28,Ricardo J. DiasDino DistefanoJoão Costa SecoJoão M. Lourenço,2012,https://link.springer.com/chapter/10.1007/978-3-642-31057-7_28,Conference paper
Safraless Synthesis for Epistemic Temporal Specifications,Computer Aided Verification,,,,10.1007/978-3-319-08867-9_29,Rodica BozianuCătălin DimaEmmanuel Filiot,2014,https://link.springer.com/chapter/10.1007/978-3-319-08867-9_29,Conference paper
Formal Modeling and Reasoning about the Android Security Framework,Trustworthy Global Computing,,,,10.1007/978-3-642-41157-1_5,Alessandro ArmandoGabriele CostaAlessio Merlo,2013,https://link.springer.com/chapter/10.1007/978-3-642-41157-1_5,Conference paper
Reversible Language Extensions and Their Application in Debugging,Practical Aspects of Declarative Languages,,,,10.1007/978-3-642-45284-0_14,Zoé DreyJosé F. MoralesManuel V. HermenegildoManuel Carro,2013,https://link.springer.com/chapter/10.1007/978-3-642-45284-0_14,Conference paper
Automatic Synthesis of Deterministic Concurrency,Static Analysis,,,,10.1007/978-3-642-38856-9_16,Veselin RaychevMartin VechevEran Yahav,2013,https://link.springer.com/chapter/10.1007/978-3-642-38856-9_16,Conference paper
Specification-driven model transformation testing,Software & Systems Modeling,,,,10.1007/s10270-013-0369-x,Esther GuerraMathias Soeken,2013,https://link.springer.com/article/10.1007/s10270-013-0369-x,Article
Interprocedural Information Flow Analysis of XML Processors,Language and Automata Theory and Applications,,,,10.1007/978-3-319-04921-2_4,Helmut SeidlMáté Kovács,2014,https://link.springer.com/chapter/10.1007/978-3-319-04921-2_4,Conference paper
Automatic Generation of Self-monitoring MASs from Multiparty Global Session Types in Jason,Declarative Agent Languages and Technologies X,,,,10.1007/978-3-642-37890-4_5,Davide AnconaSophia DrossopoulouViviana Mascardi,2013,https://link.springer.com/chapter/10.1007/978-3-642-37890-4_5,Conference paper
"Eddy, a formal language for specifying and analyzing data flow specifications for conflicting privacy requirements",Requirements Engineering,,,,10.1007/s00766-013-0190-7,Travis D. BreauxHanan HibshiAshwini Rao,2013,https://link.springer.com/article/10.1007/s00766-013-0190-7,Article
CSeq: A Sequentialization Tool for C,Tools and Algorithms for the Construction and Analysis of Systems,,,,10.1007/978-3-642-36742-7_46,Bernd FischerOmar InversoGennaro Parlato,2013,https://link.springer.com/chapter/10.1007/978-3-642-36742-7_46,Conference paper
SPIN as a Linearizability Checker under Weak Memory Models,Hardware and Software: Verification and Testing,,,,10.1007/978-3-319-03077-7_21,Oleg TravkinAnnika MützeHeike Wehrheim,2013,https://link.springer.com/chapter/10.1007/978-3-319-03077-7_21,Conference paper
Specification and Verification of Concurrent Programs Through Refinements,Journal of Automated Reasoning,,,,10.1007/s10817-012-9258-1,Sandip RayRob Sumners,2012,https://link.springer.com/article/10.1007/s10817-012-9258-1,Article
On Weighted Petri Net Transducers,Application and Theory of Petri Nets and Concurrency,,,,10.1007/978-3-319-07734-5_13,Robert LorenzMarkus HuberGünther Wirsching,2014,https://link.springer.com/chapter/10.1007/978-3-319-07734-5_13,Conference paper
Run-Time Verification of Coboxes,Software Engineering and Formal Methods,,,,10.1007/978-3-642-40561-7_18,Frank S. de BoerStijn de GouwPeter Y. H. Wong,2013,https://link.springer.com/chapter/10.1007/978-3-642-40561-7_18,Conference paper
A Model Checker for Hierarchical Probabilistic Real-Time Systems,Computer Aided Verification,,,,10.1007/978-3-642-31424-7_53,Songzheng SongJun SunYang LiuJin Song Dong,2012,https://link.springer.com/chapter/10.1007/978-3-642-31424-7_53,Conference paper
Towards Nominal Context-Free Model-Checking,Implementation and Application of Automata,,,,10.1007/978-3-642-39274-0_11,Pierpaolo DeganoGian-Luigi FerrariGianluca Mezzetti,2013,https://link.springer.com/chapter/10.1007/978-3-642-39274-0_11,Conference paper
Verification of complex dynamic data tree with mu-calculus,Automated Software Engineering,,,,10.1007/s10515-012-0113-8,María del Mar GallardoDavid Sanán,2012,https://link.springer.com/article/10.1007/s10515-012-0113-8,Article
BDD-Based Software Model Checking with CPAchecker,Mathematical and Engineering Methods in Computer Science,,,,10.1007/978-3-642-36046-6_1,Dirk BeyerAndreas Stahlbauer,2013,https://link.springer.com/chapter/10.1007/978-3-642-36046-6_1,Conference paper
Reducing Monitoring Overhead by Integrating Event- and Time-Triggered Techniques,Runtime Verification,,,,10.1007/978-3-642-40787-1_18,Chun Wah Wallace WuDeepak KumarBorzoo BonakdarpourSebastian Fischmeister,2013,https://link.springer.com/chapter/10.1007/978-3-642-40787-1_18,Conference paper
A Fully Verified Executable LTL Model Checker,Computer Aided Verification,,,,10.1007/978-3-642-39799-8_31,Javier EsparzaPeter LammichRené NeumannTobias NipkowAlexander SchimpfJan-Georg Smaus,2013,https://link.springer.com/chapter/10.1007/978-3-642-39799-8_31,Conference paper
Runtime Enforcement of Timed Properties,Runtime Verification,,,,10.1007/978-3-642-35632-2_23,Srinivas PinisettyYliès FalconeThierry JéronHervé MarchandAntoine RolletOmer Landry Nguena Timo,2013,https://link.springer.com/chapter/10.1007/978-3-642-35632-2_23,Conference paper
MoTraS: A Tool for Modal Transition Systems and Their Extensions,Automated Technology for Verification and Analysis,,,,10.1007/978-3-319-02444-8_41,Jan KřetínskýSalomon Sickert,2013,https://link.springer.com/chapter/10.1007/978-3-319-02444-8_41,Conference paper
A Rule-Based Calculus and Processing of Complex Events,Rules on the Web: Research and Applications,,,,10.1007/978-3-642-32689-9_12,Stefano BragagliaFederico ChesaniPaola MelloDavide Sottara,2012,https://link.springer.com/chapter/10.1007/978-3-642-32689-9_12,Conference paper
Dynamic Analysis and Debugging of Binary Code for Security Applications,Runtime Verification,,,,10.1007/978-3-642-40787-1_31,Lixin LiChao Wang,2013,https://link.springer.com/chapter/10.1007/978-3-642-40787-1_31,Conference paper
Juggrnaut – An Abstract JVM,Formal Verification of Object-Oriented Software,,,,10.1007/978-3-642-31762-0_10,Jonathan HeinenHenrik BarthelsChristina Jansen,2012,https://link.springer.com/chapter/10.1007/978-3-642-31762-0_10,Conference paper
Property-Driven Benchmark Generation,Model Checking Software,,,,10.1007/978-3-642-39176-7_21,Bernhard SteffenMalte IsbernerStefan NaujokatTiziana MargariaMaren Geske,2013,https://link.springer.com/chapter/10.1007/978-3-642-39176-7_21,Conference paper
Trace Semantics via Generic Observations,Algebra and Coalgebra in Computer Science,,,,10.1007/978-3-642-40206-7_13,Sergey Goncharov,2013,https://link.springer.com/chapter/10.1007/978-3-642-40206-7_13,Conference paper
Towards LTL Model Checking of Unmodified Thread-Based C &amp; C++ Programs,NASA Formal Methods,,,,10.1007/978-3-642-28891-3_25,Jiři BarnatLuboš BrimPetr Ročkai,2012,https://link.springer.com/chapter/10.1007/978-3-642-28891-3_25,Conference paper
Automatic Execution of Test Cases on UML Models of Embedded Systems,"Embedded Systems: Design, Analysis and Verification",,,,10.1007/978-3-642-38853-8_4,Marco A. WehrmeisterGian R. Berkenbrock,2013,https://link.springer.com/chapter/10.1007/978-3-642-38853-8_4,Conference paper
Executing Specifications Using Synthesis and Constraint Solving,Runtime Verification,,,,10.1007/978-3-642-40787-1_1,Viktor KuncakEtienne KneussPhilippe Suter,2013,https://link.springer.com/chapter/10.1007/978-3-642-40787-1_1,Conference paper
Using Interpolation for the Verification of Security Protocols,Security and Trust Management,,,,10.1007/978-3-642-41098-7_7,Marco RocchettoLuca ViganòMarco VolpeGiacomo Dalle Vedove,2013,https://link.springer.com/chapter/10.1007/978-3-642-41098-7_7,Conference paper
On requirement verification for evolving Statecharts specifications,Requirements Engineering,,,,10.1007/s00766-013-0198-z,Carlo GhezziClaudio MenghiAmir Molzam ShariflooPaola Spoletini,2013,https://link.springer.com/article/10.1007/s00766-013-0198-z,Article
Symbolic object code analysis,International Journal on Software Tools for Technology Transfer,,,,10.1007/s10009-012-0256-8,Jan Tobias MühlbergGerald Lüttgen,2012,https://link.springer.com/article/10.1007/s10009-012-0256-8,Article
Circus Time with Reactive Designs,Unifying Theories of Programming,,,,10.1007/978-3-642-35705-3_3,Kun WeiJim WoodcockAna Cavalcanti,2013,https://link.springer.com/chapter/10.1007/978-3-642-35705-3_3,Conference paper
Relating software validation to technology trends,International Journal on Software Tools for Technology Transfer,,,,10.1007/s10009-012-0259-5,Zhiming LiuAbhik Roychoudhury,2012,https://link.springer.com/article/10.1007/s10009-012-0259-5,Article
Models ’67 Revisited,System Analysis and Modeling: Theory and Practice,,,,10.1007/978-3-642-36757-1_1,Birger Møller-Pedersen,2013,https://link.springer.com/chapter/10.1007/978-3-642-36757-1_1,Conference paper
Computer Assisted Integration of Domain-Specific Modeling Languages Using Text Analysis Techniques,Model-Driven Engineering Languages and Systems,,,,10.1007/978-3-642-41533-3_31,Florian NoyritSébastien GérardFrançois Terrier,2013,https://link.springer.com/chapter/10.1007/978-3-642-41533-3_31,Conference paper
DSOL: a declarative approach to self-adaptive service orchestrations,Computing,,,,10.1007/s00607-012-0194-z,Gianpaolo CugolaCarlo GhezziLeandro Sales Pinto,2012,https://link.springer.com/article/10.1007/s00607-012-0194-z,Article
Improving Model Checking Stateful Timed CSP with non-Zenoness through Clock-Symmetry Reduction,Formal Methods and Software Engineering,,,,10.1007/978-3-642-41202-8_13,Yuanjie SiJun SunYang LiuTing Wang,2013,https://link.springer.com/chapter/10.1007/978-3-642-41202-8_13,Conference paper
Synthesizing Distributed Protocol Specifications from a UML State Machine Modeled Service Specification,Journal of Computer Science and Technology,,,,10.1007/s11390-012-1293-1,Jehad Al DallalKassem A. Saleh,2012,https://link.springer.com/article/10.1007/s11390-012-1293-1,Article
Micro-Machinations,Software Language Engineering,,,,10.1007/978-3-319-02654-1_3,Paul KlintRiemer van Rozen,2013,https://link.springer.com/chapter/10.1007/978-3-319-02654-1_3,Conference paper
Runtime Monitoring of Temporal Logic Properties in a Platform Game,Runtime Verification,,,,10.1007/978-3-642-40787-1_23,Simon VarvaressosDominic VaillancourtSébastien GabouryAlexandre Blondin MasséSylvain Hallé,2013,https://link.springer.com/chapter/10.1007/978-3-642-40787-1_23,Conference paper
Automatic Abstraction in SMT-Based Unbounded Software Model Checking,Computer Aided Verification,,,,10.1007/978-3-642-39799-8_59,Anvesh KomuravelliArie GurfinkelSagar ChakiEdmund M. Clarke,2013,https://link.springer.com/chapter/10.1007/978-3-642-39799-8_59,Conference paper
Quantifying the evolution of TTCN-3 as a language,International Journal on Software Tools for Technology Transfer,,,,10.1007/s10009-013-0282-1,Philip MakedonskiJens GrabowskiFlorian Philipp,2013,https://link.springer.com/article/10.1007/s10009-013-0282-1,Article
jUnitRV–Adding Runtime Verification to jUnit,NASA Formal Methods,,,,10.1007/978-3-642-38088-4_34,Normann DeckerMartin LeuckerDaniel Thoma,2013,https://link.springer.com/chapter/10.1007/978-3-642-38088-4_34,Conference paper
Random Generation of Deterministic Acyclic Automata Using the Recursive Method,Computer Science – Theory and Applications,,,,10.1007/978-3-642-38536-0_8,Sven De FeliceCyril Nicaud,2013,https://link.springer.com/chapter/10.1007/978-3-642-38536-0_8,Conference paper
Formal Verification Integration Approach for DSML,Model-Driven Engineering Languages and Systems,,,,10.1007/978-3-642-41533-3_21,Faiez ZalilaXavier CrégutMarc Pantel,2013,https://link.springer.com/chapter/10.1007/978-3-642-41533-3_21,Conference paper
Pretty-Big-Step Semantics,Programming Languages and Systems,,,,10.1007/978-3-642-37036-6_3,Arthur Charguéraud,2013,https://link.springer.com/chapter/10.1007/978-3-642-37036-6_3,Conference paper
Extending an Object-Oriented RETE Network with Fine-Grained Reactivity to Property Modifications,"Theory, Practice, and Applications of Rules on the Web",,,,10.1007/978-3-642-39617-5_17,Mark ProctorMario FuscoDavide Sottara,2013,https://link.springer.com/chapter/10.1007/978-3-642-39617-5_17,Conference paper
Automatic Inference of Resource Consumption Bounds,"Logic for Programming, Artificial Intelligence, and Reasoning",,,,10.1007/978-3-642-28717-6_1,Elvira AlbertPuri ArenasSamir GenaimMiguel Gómez-ZamalloaGermán Puebla,2012,https://link.springer.com/chapter/10.1007/978-3-642-28717-6_1,Conference paper
Join Token-Based Event Handling: A Comprehensive Framework for Game Programming,Software Language Engineering,,,,10.1007/978-3-642-28830-2_7,Taketoshi NishimoriYasushi Kuno,2012,https://link.springer.com/chapter/10.1007/978-3-642-28830-2_7,Conference paper
Using Contracts to Guide the Search-Based Verification of Concurrent Programs,Search Based Software Engineering,,,,10.1007/978-3-642-39742-4_22,Christopher M. PoskittSimon Poulding,2013,https://link.springer.com/chapter/10.1007/978-3-642-39742-4_22,Conference paper
Formalization and Analysis of Real-Time Requirements: A Feasibility Study at BOSCH,"Verified Software: Theories, Tools, Experiments",,,,10.1007/978-3-642-27705-4_18,Amalinda PostJochen Hoenicke,2012,https://link.springer.com/chapter/10.1007/978-3-642-27705-4_18,Conference paper
Automated Inference of Library Specifications for Source-Sink Property Verification,Programming Languages and Systems,,,,10.1007/978-3-319-03542-0_21,Haiyan ZhuThomas DilligIsil Dillig,2013,https://link.springer.com/chapter/10.1007/978-3-319-03542-0_21,Conference paper
Efficient Property Preservation Checking of Model Refinements,Tools and Algorithms for the Construction and Analysis of Systems,,,,10.1007/978-3-642-36742-7_41,Anton WijsLuc Engelen,2013,https://link.springer.com/chapter/10.1007/978-3-642-36742-7_41,Conference paper
Formal Verification of Hardware Synthesis,Computer Aided Verification,,,,10.1007/978-3-642-39799-8_14,Thomas BraibantAdam Chlipala,2013,https://link.springer.com/chapter/10.1007/978-3-642-39799-8_14,Conference paper
Using Horn Clauses and Fuzzy Logic to Provide Location Intelligence Services to Mobile Users: An Implementation Account,Web Information Systems and Technologies,,,,10.1007/978-3-642-36608-6_23,Alfio CostanzoAlberto FaroConcetto Spampinato,2013,https://link.springer.com/chapter/10.1007/978-3-642-36608-6_23,Conference paper
A Compositional Paradigm of Automating Refactorings,ECOOP 2013 – Object-Oriented Programming,,,,10.1007/978-3-642-39038-8_22,Mohsen VakilianNicholas ChenRoshanak Zilouchian MoghaddamStas NegaraRalph E. Johnson,2013,https://link.springer.com/chapter/10.1007/978-3-642-39038-8_22,Conference paper
Understanding Programming Bugs in ANSI-C Software Using Bounded Model Checking Counter-Examples,Integrated Formal Methods,,,,10.1007/978-3-642-30729-4_10,Herbert RochaRaimundo BarretoLucas CordeiroArilo Dias Neto,2012,https://link.springer.com/chapter/10.1007/978-3-642-30729-4_10,Conference paper
Dynamic Logic with Trace Semantics,Automated Deduction – CADE-24,,,,10.1007/978-3-642-38574-2_22,Bernhard BeckertDaniel Bruns,2013,https://link.springer.com/chapter/10.1007/978-3-642-38574-2_22,Conference paper
Symbolic System Synthesis Using Answer Set Programming,Logic Programming and Nonmonotonic Reasoning,,,,10.1007/978-3-642-40564-8_9,Benjamin AndresMartin GebserTorsten SchaubChristian HaubeltFelix ReimannMichael Glaß,2013,https://link.springer.com/chapter/10.1007/978-3-642-40564-8_9,Conference paper
Bounded Lazy Initialization,NASA Formal Methods,,,,10.1007/978-3-642-38088-4_16,Jaco GeldenhuysNazareno AguirreMarcelo F. FriasWillem Visser,2013,https://link.springer.com/chapter/10.1007/978-3-642-38088-4_16,Conference paper
Quantitative Trace Analysis Using Extended Timing Diagrams,Runtime Verification,,,,10.1007/978-3-642-35632-2_15,Andreas RichterKlaus Kabitzsch,2013,https://link.springer.com/chapter/10.1007/978-3-642-35632-2_15,Conference paper
LALBLC A Program Testing the Equivalence of dpda’s,Implementation and Application of Automata,,,,10.1007/978-3-642-39274-0_16,Patrick HenryGéraud Sénizergues,2013,https://link.springer.com/chapter/10.1007/978-3-642-39274-0_16,Conference paper
Combining Search-Based and Adaptive Random Testing Strategies for Environment Model-Based Testing of Real-Time Embedded Systems,Search Based Software Engineering,,,,10.1007/978-3-642-33119-0_11,Muhammad Zohaib IqbalAndrea ArcuriLionel Briand,2012,https://link.springer.com/chapter/10.1007/978-3-642-33119-0_11,Conference paper
Model-Checking Higher-Order Programs with Recursive Types,Programming Languages and Systems,,,,10.1007/978-3-642-37036-6_24,Naoki KobayashiAtsushi Igarashi,2013,https://link.springer.com/chapter/10.1007/978-3-642-37036-6_24,Conference paper
Detecting Ambiguity in Programming Language Grammars,Software Language Engineering,,,,10.1007/978-3-319-02654-1_9,Naveneetha VasudevanLaurence Tratt,2013,https://link.springer.com/chapter/10.1007/978-3-319-02654-1_9,Conference paper
Systematic Testing of Graph Transformations: A Practical Approach Based on Graph Patterns,Theory and Practice of Model Transformations,,,,10.1007/978-3-642-38883-5_18,Martin WieberAndy Schürr,2013,https://link.springer.com/chapter/10.1007/978-3-642-38883-5_18,Conference paper
Formalisation of a Generic Extra-Functional Properties Framework,Evaluation of Novel Approaches to Software Engineering,,,,10.1007/978-3-642-32341-6_14,Kamil JežekPremek Brada,2013,https://link.springer.com/chapter/10.1007/978-3-642-32341-6_14,Conference paper
Symbolic Model-Based Testing for Industrial Automation Software,Hardware and Software: Verification and Testing,,,,10.1007/978-3-319-03077-7_6,Sabrina von StypLiyong Yu,2013,https://link.springer.com/chapter/10.1007/978-3-319-03077-7_6,Conference paper
JBernstein: A Validity Checker for Generalized Polynomial Constraints,Computer Aided Verification,,,,10.1007/978-3-642-39799-8_43,Chih-Hong ChengHarald RuessNatarajan Shankar,2013,https://link.springer.com/chapter/10.1007/978-3-642-39799-8_43,Conference paper
SimCo – Hybrid Simulator for Testing of Component Based Applications,SOFSEM 2013: Theory and Practice of Computer Science,,,,10.1007/978-3-642-35843-2_36,Richard LipkaTomáš PotužákPremek BradaPavel Herout,2013,https://link.springer.com/chapter/10.1007/978-3-642-35843-2_36,Conference paper
Agent Deliberation via Forward and Backward Chaining in Linear Logic,Declarative Agent Languages and Technologies X,,,,10.1007/978-3-642-37890-4_4,Luke TroddJames HarlandJohn Thangarajah,2013,https://link.springer.com/chapter/10.1007/978-3-642-37890-4_4,Conference paper
Testing Web Services in the Cloud,Software Quality. Increasing Value in Software and Systems Development,,,,10.1007/978-3-642-35702-2_6,Harry M. Sneed,2013,https://link.springer.com/chapter/10.1007/978-3-642-35702-2_6,Conference paper
Executing Formal Semantics with the $\mathbb K$ Tool,FM 2012: Formal Methods,,,,10.1007/978-3-642-32759-9_23,David LazarAndrei ArusoaieTraian Florin ŞerbǎnuţǎChucky EllisonRadu MereutaDorel LucanuGrigore Roşu,2012,https://link.springer.com/chapter/10.1007/978-3-642-32759-9_23,Conference paper
An Overview of the mCRL2 Toolset and Its Recent Advances,Tools and Algorithms for the Construction and Analysis of Systems,,,,10.1007/978-3-642-36742-7_15,Sjoerd CranenJan Friso GrooteJeroen J. A. KeirenFrank P. M. StappersErik P. de VinkWieger WesselinkTim A. C. Willemse,2013,https://link.springer.com/chapter/10.1007/978-3-642-36742-7_15,Conference paper
The MathSAT5 SMT Solver,Tools and Algorithms for the Construction and Analysis of Systems,,,,10.1007/978-3-642-36742-7_7,Alessandro CimattiAlberto GriggioBastiaan Joost SchaafsmaRoberto Sebastiani,2013,https://link.springer.com/chapter/10.1007/978-3-642-36742-7_7,Conference paper
Probabilistic Ontology and Knowledge Fusion for Procurement Fraud Detection in Brazil,Uncertainty Reasoning for the Semantic Web II,,,,10.1007/978-3-642-35975-0_2,Rommel N. CarvalhoShou MatsumotoKathryn B. LaskeyPaulo C. G. CostaMarcelo LadeiraLaécio L. Santos,2013,https://link.springer.com/chapter/10.1007/978-3-642-35975-0_2,Conference paper
Proof-Pattern Recognition and Lemma Discovery in ACL2,"Logic for Programming, Artificial Intelligence, and Reasoning",,,,10.1007/978-3-642-45221-5_27,Jónathan HerasEkaterina KomendantskayaMoa JohanssonEwen Maclean,2013,https://link.springer.com/chapter/10.1007/978-3-642-45221-5_27,Conference paper
Precise Cost Analysis via Local Reasoning,Automated Technology for Verification and Analysis,,,,10.1007/978-3-319-02444-8_23,Diego Esteban Alonso-BlasPuri ArenasSamir Genaim,2013,https://link.springer.com/chapter/10.1007/978-3-319-02444-8_23,Conference paper
Weak Arithmetic Completeness of Object-Oriented First-Order Assertion Networks,SOFSEM 2013: Theory and Practice of Computer Science,,,,10.1007/978-3-642-35843-2_19,Stijn de GouwFrank de BoerWolfgang AhrendtRichard Bubel,2013,https://link.springer.com/chapter/10.1007/978-3-642-35843-2_19,Conference paper
"
              <Emphasis FontCategory=""SansSerif"">Colouring</Emphasis>: execution, debug and analysis of QVT-relations transformations through coloured Petri nets",Software & Systems Modeling,,,,10.1007/s10270-012-0292-6,Esther GuerraJuan de Lara,2012,https://link.springer.com/article/10.1007/s10270-012-0292-6,Article
Early Fault Detection in DSLs Using SMT Solving and Automated Debugging,Software Engineering and Formal Methods,,,,10.1007/978-3-642-40561-7_13,Sarmen KeshishzadehArjan J. MooijMohammad Reza Mousavi,2013,https://link.springer.com/chapter/10.1007/978-3-642-40561-7_13,Conference paper
Developing and Optimizing Parallel Programs with Algebra-Algorithmic and Term Rewriting Tools,"Information and Communication Technologies in Education, Research, and Industrial Applications",,,,10.1007/978-3-319-03998-5_5,Anatoliy DoroshenkoKostiantyn ZherebOlena Yatsenko,2013,https://link.springer.com/chapter/10.1007/978-3-319-03998-5_5,Conference paper
$\mathbb{K}$ Framework Distilled,Rewriting Logic and Its Applications,,,,10.1007/978-3-642-34005-5_3,Dorel LucanuTraian Florin ŞerbănuţăGrigore Roşu,2012,https://link.springer.com/chapter/10.1007/978-3-642-34005-5_3,Conference paper
PASS: String Solving with Parameterized Array and Interval Automaton,Hardware and Software: Verification and Testing,,,,10.1007/978-3-319-03077-7_2,Guodong LiIndradeep Ghosh,2013,https://link.springer.com/chapter/10.1007/978-3-319-03077-7_2,Conference paper
Bounded Context-Switching and Reentrant Locking,Foundations of Software Science and Computation Structures,,,,10.1007/978-3-642-37075-5_5,Rémi BonnetRohit Chadha,2013,https://link.springer.com/chapter/10.1007/978-3-642-37075-5_5,Conference paper
Integrating Policy Iterations in Abstract Interpreters,Automated Technology for Verification and Analysis,,,,10.1007/978-3-319-02444-8_18,Pierre RouxPierre-Loïc Garoche,2013,https://link.springer.com/chapter/10.1007/978-3-319-02444-8_18,Conference paper
Revealing vs. Concealing: More Simulation Games for Büchi Inclusion,Language and Automata Theory and Applications,,,,10.1007/978-3-642-37064-9_31,Milka HutagalungMartin LangeEtienne Lozes,2013,https://link.springer.com/chapter/10.1007/978-3-642-37064-9_31,Conference paper
A Theory for Control-Flow Graph Exploration,Automated Technology for Verification and Analysis,,,,10.1007/978-3-319-02444-8_44,Stephan ArltPhilipp RümmerMartin Schäf,2013,https://link.springer.com/chapter/10.1007/978-3-319-02444-8_44,Conference paper
Model Checking C Programs with MSVL,Structured Object-Oriented Formal Language and Method,,,,10.1007/978-3-642-39277-1_7,Yan YuZhenhua DuanCong TianMengfei Yang,2013,https://link.springer.com/chapter/10.1007/978-3-642-39277-1_7,Conference paper
Maximal Causal Models for Sequentially Consistent Systems,Runtime Verification,,,,10.1007/978-3-642-35632-2_16,Traian Florin ŞerbănuţăFeng ChenGrigore Roşu,2013,https://link.springer.com/chapter/10.1007/978-3-642-35632-2_16,Conference paper
Graphs for Mining-Based Defect Localization in Multithreaded Programs,International Journal of Parallel Programming,,,,10.1007/s10766-012-0237-2,Christopher OßnerKlemens Böhm,2012,https://link.springer.com/article/10.1007/s10766-012-0237-2,Article
Translating VDM to Alloy,Integrated Formal Methods,,,,10.1007/978-3-642-38613-8_4,Kenneth Lausdahl,2013,https://link.springer.com/chapter/10.1007/978-3-642-38613-8_4,Conference paper
Extracting models from source code in software modernization,Software & Systems Modeling,,,,10.1007/s10270-012-0270-z,Javier Luis Cánovas IzquierdoJesús García Molina,2012,https://link.springer.com/article/10.1007/s10270-012-0270-z,Article
Relative Equivalence in the Presence of Ambiguity,Computer Aided Verification,,,,10.1007/978-3-642-39799-8_29,Oshri AdlerCindy EisnerTatyana Veksler,2013,https://link.springer.com/chapter/10.1007/978-3-642-39799-8_29,Conference paper
Static test case prioritization using topic models,Empirical Software Engineering,,,,10.1007/s10664-012-9219-7,Stephen W. ThomasHadi HemmatiAhmed E. HassanDorothea Blostein,2012,https://link.springer.com/article/10.1007/s10664-012-9219-7,Article
Guided Search for Deadlocks in Actor-Based Models,Formal Aspects of Component Software,,,,10.1007/978-3-642-35861-6_15,Steinar Hugi SigurdarsonMarjan SirjaniYngvi BjörnssonArni Hermann Reynisson,2013,https://link.springer.com/chapter/10.1007/978-3-642-35861-6_15,Conference paper
Reversal on Regular Languages and Descriptional Complexity,Descriptional Complexity of Formal Systems,,,,10.1007/978-3-642-39310-5_25,Juraj Šebej,2013,https://link.springer.com/chapter/10.1007/978-3-642-39310-5_25,Conference paper
Automated Extraction of Abstract Behavioural Models from JMS Applications,Formal Methods for Industrial Critical Systems,,,,10.1007/978-3-642-32469-7_2,Elvira AlbertBjarte M. ØstvoldJosé Miguel Rojas,2012,https://link.springer.com/chapter/10.1007/978-3-642-32469-7_2,Conference paper
Runtime Verification for Ultra-Critical Systems,Runtime Verification,,,,10.1007/978-3-642-29860-8_23,Lee PikeSebastian NillerNis Wegmann,2012,https://link.springer.com/chapter/10.1007/978-3-642-29860-8_23,Conference paper
Aspect-Oriented Runtime Monitor Certification,Tools and Algorithms for the Construction and Analysis of Systems,,,,10.1007/978-3-642-28756-5_10,Kevin W. HamlenMicah M. JonesMeera Sridhar,2012,https://link.springer.com/chapter/10.1007/978-3-642-28756-5_10,Conference paper
Rule Agent-Oriented Scientific Workflow Execution,S-BPM ONE - Running Processes,,,,10.1007/978-3-642-36754-0_7,Zhili ZhaoAdrian Paschke,2013,https://link.springer.com/chapter/10.1007/978-3-642-36754-0_7,Conference paper
Monitoring Method Call Sequences Using Annotations,Formal Aspects of Component Software,,,,10.1007/978-3-642-27269-1_4,B. NobakhtM. M. BonsangueF. S. de BoerS. de Gouw,2012,https://link.springer.com/chapter/10.1007/978-3-642-27269-1_4,Conference paper
Aliasing Restrictions of C11 Formalized in Coq,Certified Programs and Proofs,,,,10.1007/978-3-319-03545-1_4,Robbert Krebbers,2013,https://link.springer.com/chapter/10.1007/978-3-319-03545-1_4,Conference paper
"Büchi Store: an open repository of <span class=""mathjax-tex"">\(\omega \)</span>-automata",International Journal on Software Tools for Technology Transfer,,,,10.1007/s10009-012-0268-4,Yih-Kuen TsayMing-Hsien TsaiJinn-Shu ChangYi-Wen ChangChi-Shiang Liu,2013,https://link.springer.com/article/10.1007/s10009-012-0268-4,Article
Combining Testing and Runtime Verification Techniques,Model-Based Methodologies for Pervasive and Embedded Software,,,,10.1007/978-3-642-38209-3_3,Kevin FalzonGordon J. Pace,2013,https://link.springer.com/chapter/10.1007/978-3-642-38209-3_3,Conference paper
Formal Description for SaaS Undo,Software Business. From Physical Products to Software Services and Solutions,,,,10.1007/978-3-642-39336-5_22,Hernán MerlinoOscar DiestePatricia PesadoRamón García-Martínez,2013,https://link.springer.com/chapter/10.1007/978-3-642-39336-5_22,Conference paper
Static Enforcement of Information Flow Policies for a Concurrent JVM-like Language,Trustworthy Global Computing,,,,10.1007/978-3-642-30065-3_5,Gilles BartheExequiel Rivas,2012,https://link.springer.com/chapter/10.1007/978-3-642-30065-3_5,Conference paper
Abstract Model Checking with SOFL Hierarchy,Structured Object-Oriented Formal Language and Method,,,,10.1007/978-3-642-39277-1_6,Cong TianShaoying LiuZhenhua Duan,2013,https://link.springer.com/chapter/10.1007/978-3-642-39277-1_6,Conference paper
A Discipline for Program Verification Based on Backpointers and Its Use in Observational Disjointness,Programming Languages and Systems,,,,10.1007/978-3-642-37036-6_10,Ioannis T. KassiosEleftherios Kritikos,2013,https://link.springer.com/chapter/10.1007/978-3-642-37036-6_10,Conference paper
The Subject-Oriented Approach to Software Design and the Abstract State Machines Method,S-BPM ONE – Scientific Research,,,,10.1007/978-3-642-29133-3_1,Egon Börger,2012,https://link.springer.com/chapter/10.1007/978-3-642-29133-3_1,Conference paper
Frugal Encoding in Reversible $\mathcal{MOQA}$ : A Case Study for Quicksort,Reversible Computation,,,,10.1007/978-3-642-36315-3_7,Diarmuid EarlyAng GaoMichel Schellekens,2013,https://link.springer.com/chapter/10.1007/978-3-642-36315-3_7,Conference paper
The Circus Testing Theory Revisited in Isabelle/HOL,Formal Methods and Software Engineering,,,,10.1007/978-3-642-41202-8_10,Abderrahmane FeliachiMarie-Claude GaudelMakarius WenzelBurkhart Wolff,2013,https://link.springer.com/chapter/10.1007/978-3-642-41202-8_10,Conference paper
Resource-Driven CLP-Based Test Case Generation,Logic-Based Program Synthesis and Transformation,,,,10.1007/978-3-642-32211-2_3,Elvira AlbertMiguel Gómez-ZamalloaJosé Miguel Rojas,2012,https://link.springer.com/chapter/10.1007/978-3-642-32211-2_3,Conference paper
Automatic Code Generation for the Orchestration of Web Services with Reo,Service-Oriented and Cloud Computing,,,,10.1007/978-3-642-33427-6_1,Sung-Shik T. Q. JongmansFrancesco SantiniMahdi SargolzaeiFarhad ArbabHamideh Afsarmanesh,2012,https://link.springer.com/chapter/10.1007/978-3-642-33427-6_1,Conference paper
An Expressive Framework for Verifying Deadlock Freedom,Automated Technology for Verification and Analysis,,,,10.1007/978-3-319-02444-8_21,Duy-Khanh LeWei-Ngan ChinYong-Meng Teo,2013,https://link.springer.com/chapter/10.1007/978-3-319-02444-8_21,Conference paper
Deciding between Conflicting Influences,Engineering Multi-Agent Systems,,,,10.1007/978-3-642-45343-4_8,Andreas Schmidt Jensen,2013,https://link.springer.com/chapter/10.1007/978-3-642-45343-4_8,Conference paper
Zero Overhead Runtime Monitoring,Software Engineering and Formal Methods,,,,10.1007/978-3-642-40561-7_17,Daniel WonischAlexander SchremmerHeike Wehrheim,2013,https://link.springer.com/chapter/10.1007/978-3-642-40561-7_17,Conference paper
Model Checking of Security-Critical Applications in a Model-Driven Approach,Software Engineering and Formal Methods,,,,10.1007/978-3-642-40561-7_6,Marian BorekNina MoebiusKurt StenzelWolfgang Reif,2013,https://link.springer.com/chapter/10.1007/978-3-642-40561-7_6,Conference paper
Information Reuse for Multi-goal Reachability Analyses,Programming Languages and Systems,,,,10.1007/978-3-642-37036-6_26,Dirk BeyerAndreas HolzerMichael TautschnigHelmut Veith,2013,https://link.springer.com/chapter/10.1007/978-3-642-37036-6_26,Conference paper
Improving the Efficiency of Synchronized Product with Infinite Transition Systems,"Information and Communication Technologies in Education, Research, and Industrial Applications",,,,10.1007/978-3-319-03998-5_15,Yuliia RomenskaFrédéric Mallet,2013,https://link.springer.com/chapter/10.1007/978-3-319-03998-5_15,Conference paper
vTRUST: A Formal Modeling and Verification Framework for Virtualization Systems,Formal Methods and Software Engineering,,,,10.1007/978-3-642-41202-8_22,Jianan HaoYang LiuWentong CaiGuangdong BaiJun Sun,2013,https://link.springer.com/chapter/10.1007/978-3-642-41202-8_22,Conference paper
"A Lightweight, Composable Metamodelling Language for Specification and Validation of Internal Domain Specific Languages",Model-Based Methodologies for Pervasive and Embedded Software,,,,10.1007/978-3-642-38209-3_4,Markus KlotzbücherHerman Bruyninckx,2013,https://link.springer.com/chapter/10.1007/978-3-642-38209-3_4,Conference paper
Parameter tuning or default values? An empirical investigation in search-based software engineering,Empirical Software Engineering,,,,10.1007/s10664-013-9249-9,Andrea ArcuriGordon Fraser,2013,https://link.springer.com/article/10.1007/s10664-013-9249-9,Article
Concise Analysis Using Implication Algebras for Task-Local Memory Optimisation,Static Analysis,,,,10.1007/978-3-642-38856-9_23,Leo WhiteAlan Mycroft,2013,https://link.springer.com/chapter/10.1007/978-3-642-38856-9_23,Conference paper
On LR Parsing with Selective Delays,Compiler Construction,,,,10.1007/978-3-642-37051-9_13,Eberhard BertschMark-Jan NederhofSylvain Schmitz,2013,https://link.springer.com/chapter/10.1007/978-3-642-37051-9_13,Conference paper
Development of global specification for dynamically adaptive software,Computing,,,,10.1007/s00607-013-0295-3,Yongwang ZhaoZhuqing LiHualei ShenDianfu Ma,2013,https://link.springer.com/article/10.1007/s00607-013-0295-3,Article
Synthesising Correct Concurrent Runtime Monitors,Runtime Verification,,,,10.1007/978-3-642-40787-1_7,Adrian FrancalanzaAldrin Seychell,2013,https://link.springer.com/chapter/10.1007/978-3-642-40787-1_7,Conference paper
Termination and Cost Analysis of Loops with Concurrent Interleavings,Automated Technology for Verification and Analysis,,,,10.1007/978-3-319-02444-8_25,Elvira AlbertAntonio Flores-MontoyaSamir GenaimEnrique Martin-Martin,2013,https://link.springer.com/chapter/10.1007/978-3-319-02444-8_25,Conference paper
Competitive Coevolutionary Code-Smells Detection,Search Based Software Engineering,,,,10.1007/978-3-642-39742-4_6,Mohamed BoussaaWael KessentiniMarouane KessentiniSlim BechikhSoukeina Ben Chikha,2013,https://link.springer.com/chapter/10.1007/978-3-642-39742-4_6,Conference paper
To Run What No One Has Run Before: Executing an Intermediate Verification Language,Runtime Verification,,,,10.1007/978-3-642-40787-1_15,Nadia PolikarpovaCarlo A. FuriaScott West,2013,https://link.springer.com/chapter/10.1007/978-3-642-40787-1_15,Conference paper
The Domain of Parametric Hypercubes for Static Analysis of Computer Games Software,Formal Methods and Software Engineering,,,,10.1007/978-3-642-41202-8_29,Giulia CostantiniPietro FerraraGiuseppe MaggioreAgostino Cortesi,2013,https://link.springer.com/chapter/10.1007/978-3-642-41202-8_29,Conference paper
Execution Information Rate for Some Classes of Automata,Language and Automata Theory and Applications,,,,10.1007/978-3-642-37064-9_21,Cewei CuiZhe DangThomas R. FischerOscar H. Ibarra,2013,https://link.springer.com/chapter/10.1007/978-3-642-37064-9_21,Conference paper
Lock Removal for Concurrent Trace Programs,Computer Aided Verification,,,,10.1007/978-3-642-31424-7_20,Vineet KahlonChao Wang,2012,https://link.springer.com/chapter/10.1007/978-3-642-31424-7_20,Conference paper
Abstract Read Permissions: Fractional Permissions without the Fractions,"Verification, Model Checking, and Abstract Interpretation",,,,10.1007/978-3-642-35873-9_20,Stefan HeuleK. Rustan M. LeinoPeter MüllerAlexander J. Summers,2013,https://link.springer.com/chapter/10.1007/978-3-642-35873-9_20,Conference paper
Automated Verification of Chapel Programs Using Model Checking and Symbolic Execution,NASA Formal Methods,,,,10.1007/978-3-642-38088-4_14,Timothy K. ZirkelStephen F. SiegelTimothy McClory,2013,https://link.springer.com/chapter/10.1007/978-3-642-38088-4_14,Conference paper
Lightweight string reasoning in model finding,Software & Systems Modeling,,,,10.1007/s10270-013-0332-x,Fabian BüttnerJordi Cabot,2013,https://link.springer.com/article/10.1007/s10270-013-0332-x,Article
Automatic Inference of Necessary Preconditions,"Verification, Model Checking, and Abstract Interpretation",,,,10.1007/978-3-642-35873-9_10,Patrick CousotRadhia CousotManuel FähndrichFrancesco Logozzo,2013,https://link.springer.com/chapter/10.1007/978-3-642-35873-9_10,Conference paper
Modular Reasoning about Separation of Concurrent Data Structures,Programming Languages and Systems,,,,10.1007/978-3-642-37036-6_11,Kasper SvendsenLars BirkedalMatthew Parkinson,2013,https://link.springer.com/chapter/10.1007/978-3-642-37036-6_11,Conference paper
BLESS: Formal Specification and Verification of Behaviors for Embedded Systems with Software,NASA Formal Methods,,,,10.1007/978-3-642-38088-4_19,Brian R. LarsonPatrice ChalinJohn Hatcliff,2013,https://link.springer.com/chapter/10.1007/978-3-642-38088-4_19,Conference paper
Numeric Kernel for Reasoning about Plans Involving Numeric Fluents,AI*IA 2013: Advances in Artificial Intelligence,,,,10.1007/978-3-319-03524-6_23,Enrico Scala,2013,https://link.springer.com/chapter/10.1007/978-3-319-03524-6_23,Conference paper
Compositional Verification of Application-Level Security Properties,Engineering Secure Software and Systems,,,,10.1007/978-3-642-36563-8_6,Linda Ariani GunawanPeter Herrmann,2013,https://link.springer.com/chapter/10.1007/978-3-642-36563-8_6,Conference paper
Automated COSMIC-Based Analysis and Consistency Verification of UML Activity and Component Diagrams,Evaluation of Novel Approaches to Software Engineering,,,,10.1007/978-3-642-54092-9_4,Asma SellamiMariem HaouesHanêne Ben-Abdallah,2013,https://link.springer.com/chapter/10.1007/978-3-642-54092-9_4,Conference paper
Constraint Specification and Test Generation for OSEK/VDX-Based Operating Systems,Software Engineering and Formal Methods,,,,10.1007/978-3-642-40561-7_21,Yunja Choi,2013,https://link.springer.com/chapter/10.1007/978-3-642-40561-7_21,Conference paper
Assertion Checking Using Dynamic Inference,Hardware and Software: Verification and Testing,,,,10.1007/978-3-319-03077-7_14,Anand YeolekarDivyesh Unadkat,2013,https://link.springer.com/chapter/10.1007/978-3-319-03077-7_14,Conference paper
ABC–Fun: A Probabilistic Programming Language for Biology,Computational Methods in Systems Biology,,,,10.1007/978-3-642-40708-6_12,Anastasis GeorgoulasJane HillstonGuido Sanguinetti,2013,https://link.springer.com/chapter/10.1007/978-3-642-40708-6_12,Conference paper
Delta Modeling and Model Checking of Product Families,Fundamentals of Software Engineering,,,,10.1007/978-3-642-40213-5_4,Hamideh SabouriRamtin Khosravi,2013,https://link.springer.com/chapter/10.1007/978-3-642-40213-5_4,Conference paper
A Modular Approach to Model-Based Testing of Concurrent Programs,"Multicore Software Engineering, Performance, and Tools",,,,10.1007/978-3-642-39955-8_8,Richard CarverYu Lei,2013,https://link.springer.com/chapter/10.1007/978-3-642-39955-8_8,Conference paper
An Optimized Memory Monitoring for Runtime Assertion Checking of C Programs,Runtime Verification,,,,10.1007/978-3-642-40787-1_10,Nikolai KosmatovGuillaume PetiotJulien Signoles,2013,https://link.springer.com/chapter/10.1007/978-3-642-40787-1_10,Conference paper
Applying Advanced TGG Concepts for a Complex Transformation of Sequence Diagram Specifications to Timed Game Automata,Applications of Graph Transformations with Industrial Relevance,,,,10.1007/978-3-642-34176-2_19,Joel GreenyerJan Rieke,2012,https://link.springer.com/chapter/10.1007/978-3-642-34176-2_19,Conference paper
A Double Effect λ-calculus for Quantum Computation,Programming Languages,,,,10.1007/978-3-642-40922-6_5,Juliana Kaizer VizzottoBruno Crestani CalegaroEduardo Kessler Piveta,2013,https://link.springer.com/chapter/10.1007/978-3-642-40922-6_5,Conference paper
An Executable Semantics for CompCert C,Certified Programs and Proofs,,,,10.1007/978-3-642-35308-6_8,Brian Campbell,2012,https://link.springer.com/chapter/10.1007/978-3-642-35308-6_8,Conference paper
A Lesson on Proof of Programs with Frama-C. Invited Tutorial Paper,Tests and Proofs,,,,10.1007/978-3-642-38916-0_10,Nikolai KosmatovVirgile PrevostoJulien Signoles,2013,https://link.springer.com/chapter/10.1007/978-3-642-38916-0_10,Conference paper
Detecting component changes at run time with behavior models,Computing,,,,10.1007/s00607-012-0214-z,Andrea MocciMario Sangiorgio,2012,https://link.springer.com/article/10.1007/s00607-012-0214-z,Article
Algebraic Laws for Process Subtyping,Formal Methods and Software Engineering,,,,10.1007/978-3-642-41202-8_2,José DihegoPedro AntoninoAugusto Sampaio,2013,https://link.springer.com/chapter/10.1007/978-3-642-41202-8_2,Conference paper
PARTY Parameterized Synthesis of Token Rings,Computer Aided Verification,,,,10.1007/978-3-642-39799-8_66,Ayrat KhalimovSwen JacobsRoderick Bloem,2013,https://link.springer.com/chapter/10.1007/978-3-642-39799-8_66,Conference paper
A Declarative Embedding of XQuery in a Functional-Logic Language,Logic-Based Program Synthesis and Transformation,,,,10.1007/978-3-642-32211-2_4,Jesús M. Almendros-JiménezRafael CaballeroYolanda García-RuizFernando Sáenz-Pérez,2012,https://link.springer.com/chapter/10.1007/978-3-642-32211-2_4,Conference paper
Early Nested Word Automata for XPath Query Answering on XML Streams,Implementation and Application of Automata,,,,10.1007/978-3-642-39274-0_26,Denis DebarbieuxOlivier GauwinJoachim NiehrenTom SebastianMohamed Zergaoui,2013,https://link.springer.com/chapter/10.1007/978-3-642-39274-0_26,Conference paper
Computing More Specific Versions of Conditional Rewriting Systems,Logic-Based Program Synthesis and Transformation,,,,10.1007/978-3-642-38197-3_10,Naoki NishidaGermán Vidal,2013,https://link.springer.com/chapter/10.1007/978-3-642-38197-3_10,Conference paper
Mostly Sound Type System Improves a Foundational Program Verifier,Certified Programs and Proofs,,,,10.1007/978-3-319-03545-1_2,Josiah DoddsAndrew W. Appel,2013,https://link.springer.com/chapter/10.1007/978-3-319-03545-1_2,Conference paper
Modeling and Analyzing the Interaction of C and C++ Strings,Formal Verification of Object-Oriented Software,,,,10.1007/978-3-642-31762-0_6,Gogul BalakrishnanNaoto MaedaSriram SankaranarayananFranjo IvančićAarti GuptaRakesh Pothengil,2012,https://link.springer.com/chapter/10.1007/978-3-642-31762-0_6,Conference paper
Formal Modeling of Resource Management for Cloud Architectures: An Industrial Case Study,Service-Oriented and Cloud Computing,,,,10.1007/978-3-642-33427-6_7,Frank S. de BoerReiner HähnleEinar Broch JohnsenRudolf SchlattePeter Y. H. Wong,2012,https://link.springer.com/chapter/10.1007/978-3-642-33427-6_7,Conference paper
A framework for automated and certified refinement steps,Innovations in Systems and Software Engineering,,,,10.1007/s11334-012-0183-6,Andreas GriesmayerZhiming LiuCharles MorissetShuling Wang,2012,https://link.springer.com/article/10.1007/s11334-012-0183-6,Article
From OWL to DL − Lite through Efficient Ontology Approximation,Web Reasoning and Rule Systems,,,,10.1007/978-3-642-39666-3_20,Marco ConsoleValerio SantarelliDomenico Fabio Savo,2013,https://link.springer.com/chapter/10.1007/978-3-642-39666-3_20,Conference paper
A Petri Net Based Analysis of Deadlocks for Active Objects and Futures,Formal Aspects of Component Software,,,,10.1007/978-3-642-35861-6_7,Frank S. de BoerMario BravettiImmo GrabeMatias LeeMartin SteffenGianluigi Zavattaro,2013,https://link.springer.com/chapter/10.1007/978-3-642-35861-6_7,Conference paper
Types vs. PDGs in Information Flow Analysis,Logic-Based Program Synthesis and Transformation,,,,10.1007/978-3-642-38197-3_8,Heiko MantelHenning Sudbrock,2013,https://link.springer.com/chapter/10.1007/978-3-642-38197-3_8,Conference paper
A Lesson on Structural Testing with PathCrawler-online.com,Tests and Proofs,,,,10.1007/978-3-642-30473-6_15,Nikolai KosmatovNicky WilliamsBernard BotellaMuriel RogerOmar Chebaro,2012,https://link.springer.com/chapter/10.1007/978-3-642-30473-6_15,Conference paper
Higher-Order UTP for a Theory of Methods,Unifying Theories of Programming,,,,10.1007/978-3-642-35705-3_10,Frank ZeydaAna Cavalcanti,2013,https://link.springer.com/chapter/10.1007/978-3-642-35705-3_10,Conference paper
Polynomial-Time Verification of PCTL Properties of MDPs with Convex Uncertainties,Computer Aided Verification,,,,10.1007/978-3-642-39799-8_35,Alberto PuggelliWenchao LiAlberto L. Sangiovanni-VincentelliSanjit A. Seshia,2013,https://link.springer.com/chapter/10.1007/978-3-642-39799-8_35,Conference paper
Predictive Taint Analysis for Extended Testing of Parallel Executions,Hardware and Software: Verification and Testing,,,,10.1007/978-3-319-03077-7_9,Emmanuel SifakisLaurent Mounier,2013,https://link.springer.com/chapter/10.1007/978-3-319-03077-7_9,Conference paper
Constraint-based BMC: a backjumping strategy,International Journal on Software Tools for Technology Transfer,,,,10.1007/s10009-012-0258-6,Hélène CollavizzaNguyen Le VinhOlivier PonsiniMichel RueherAntoine Rollet,2012,https://link.springer.com/article/10.1007/s10009-012-0258-6,Article
Perceiving Rules under Incomplete and Inconsistent Information,Computational Logic in Multi-Agent Systems,,,,10.1007/978-3-642-40624-9_16,Barbara Dunin-KępliczAlina Strachocka,2013,https://link.springer.com/chapter/10.1007/978-3-642-40624-9_16,Conference paper
An integrated framework for checking the behaviour of fUML models using CSP,International Journal on Software Tools for Technology Transfer,,,,10.1007/s10009-012-0243-0,Islam AbdelhalimSteve SchneiderHelen Treharne,2012,https://link.springer.com/article/10.1007/s10009-012-0243-0,Article
A Case Study Based Comparison of ATL and SDM,Applications of Graph Transformations with Industrial Relevance,,,,10.1007/978-3-642-34176-2_18,Sven PatzinaLars Patzina,2012,https://link.springer.com/chapter/10.1007/978-3-642-34176-2_18,Conference paper
Secure Multi-Execution through Static Program Transformation,Formal Techniques for Distributed Systems,,,,10.1007/978-3-642-30793-5_12,Gilles BartheJuan Manuel CrespoDominique DevrieseFrank PiessensExequiel Rivas,2012,https://link.springer.com/chapter/10.1007/978-3-642-30793-5_12,Conference paper
A Fault Injection Based Approach to Assessment of Quality of Test Sets for BPEL Processes,Evaluation of Novel Approaches to Software Engineering,,,,10.1007/978-3-642-54092-9_6,Damian GrelaKrzysztof SapiechaJoanna Strug,2013,https://link.springer.com/chapter/10.1007/978-3-642-54092-9_6,Conference paper
Validating LR(1) Parsers,Programming Languages and Systems,,,,10.1007/978-3-642-28869-2_20,Jacques-Henri JourdanFrançois PottierXavier Leroy,2012,https://link.springer.com/chapter/10.1007/978-3-642-28869-2_20,Conference paper
Gradual Ownership Types,Programming Languages and Systems,,,,10.1007/978-3-642-28869-2_29,Ilya SergeyDave Clarke,2012,https://link.springer.com/chapter/10.1007/978-3-642-28869-2_29,Conference paper
On Negotiation as Concurrency Primitive,CONCUR 2013 – Concurrency Theory,,,,10.1007/978-3-642-40184-8_31,Javier EsparzaJörg Desel,2013,https://link.springer.com/chapter/10.1007/978-3-642-40184-8_31,Conference paper
Proving Mutual Termination of Programs,Hardware and Software: Verification and Testing,,,,10.1007/978-3-642-39611-3_9,Dima ElenbogenShmuel KatzOfer Strichman,2013,https://link.springer.com/chapter/10.1007/978-3-642-39611-3_9,Conference paper
Formalizing a Domain Specific Language Using SOS: An Industrial Case Study,Software Language Engineering,,,,10.1007/978-3-642-28830-2_13,Frank P. M. StappersSven WeberMichel A. ReniersSuzana AndovaIstvan Nagy,2012,https://link.springer.com/chapter/10.1007/978-3-642-28830-2_13,Conference paper
Abstraction Based Model-Checking of Stability of Hybrid Systems,Computer Aided Verification,,,,10.1007/978-3-642-39799-8_20,Pavithra PrabhakarMiriam Garcia Soto,2013,https://link.springer.com/chapter/10.1007/978-3-642-39799-8_20,Conference paper
Automatic Generation of Quality Specifications,Computer Aided Verification,,,,10.1007/978-3-642-39799-8_32,Shaull AlmagorGuy AvniOrna Kupferman,2013,https://link.springer.com/chapter/10.1007/978-3-642-39799-8_32,Conference paper
Scalable Dynamic Partial Order Reduction,Runtime Verification,,,,10.1007/978-3-642-35632-2_4,Jiri SimsaRandy BryantGarth GibsonJason Hickey,2013,https://link.springer.com/chapter/10.1007/978-3-642-35632-2_4,Conference paper
A Formal Model of Object Mobility in Resource-Restricted Deployment Scenarios,Formal Aspects of Component Software,,,,10.1007/978-3-642-35743-5_12,Einar Broch JohnsenRudolf SchlatteSilvia Lizeth Tapia Tarifa,2012,https://link.springer.com/chapter/10.1007/978-3-642-35743-5_12,Conference paper
Hierarchy-Debug: a scalable statistical technique for fault localization,Software Quality Journal,,,,10.1007/s11219-013-9199-x,Saeed ParsaMojtaba Vahidi-AslMaryam Asadi-Aghbolaghi,2013,https://link.springer.com/article/10.1007/s11219-013-9199-x,Article
Hybrid Automata-Based CEGAR for Rectangular Hybrid Systems,"Verification, Model Checking, and Abstract Interpretation",,,,10.1007/978-3-642-35873-9_6,Pavithra PrabhakarParasara Sridhar DuggiralaSayan MitraMahesh Viswanathan,2013,https://link.springer.com/chapter/10.1007/978-3-642-35873-9_6,Conference paper
Visibly Pushdown Automata: Universality and Inclusion via Antichains,Language and Automata Theory and Applications,,,,10.1007/978-3-642-37064-9_18,Véronique BruyèreMarc DucobuOlivier Gauwin,2013,https://link.springer.com/chapter/10.1007/978-3-642-37064-9_18,Conference paper
TimeSquare: Treat Your Models with Logical Time,"Objects, Models, Components, Patterns",,,,10.1007/978-3-642-30561-0_4,Julien DeAntoniFrédéric Mallet,2012,https://link.springer.com/chapter/10.1007/978-3-642-30561-0_4,Conference paper
Automaton-Based Array Initialization Analysis,Language and Automata Theory and Applications,,,,10.1007/978-3-642-28332-1_36,Đurica NikolićFausto Spoto,2012,https://link.springer.com/chapter/10.1007/978-3-642-28332-1_36,Conference paper
Interpolation-Based Verification of Floating-Point Programs with Abstract CDCL,Static Analysis,,,,10.1007/978-3-642-38856-9_22,Martin BrainVijay D’SilvaAlberto GriggioLeopold HallerDaniel Kroening,2013,https://link.springer.com/chapter/10.1007/978-3-642-38856-9_22,Conference paper
An empirical approach for early estimation of software testing effort using SRS document,CSI Transactions on ICT,,,,10.1007/s40012-012-0003-z,Ashish SharmaDharmender Singh Kushwaha,2012,https://link.springer.com/article/10.1007/s40012-012-0003-z,Article
Representing and monitoring social commitments using the event calculus,Autonomous Agents and Multi-Agent Systems,,,,10.1007/s10458-012-9202-0,Federico ChesaniPaola MelloMarco MontaliPaolo Torroni,2012,https://link.springer.com/article/10.1007/s10458-012-9202-0,Article
Distributed System Automated Testing Design,Information and Software Technologies,,,,10.1007/978-3-642-33308-8_21,Robertas JasaitisEduardas Bareisa,2012,https://link.springer.com/chapter/10.1007/978-3-642-33308-8_21,Conference paper
Formal modeling and validation of Stateflow diagrams,International Journal on Software Tools for Technology Transfer,,,,10.1007/s10009-012-0235-0,Chunqing ChenJun SunYang LiuJin Song DongManchun Zheng,2012,https://link.springer.com/article/10.1007/s10009-012-0235-0,Article
An Abstract Framework for Deadlock Prevention in BIP,Formal Techniques for Distributed Systems,,,,10.1007/978-3-642-38592-6_12,Paul C. AttieSaddek BensalemMarius BozgaMohamad JaberJoseph SifakisFadi A. Zaraket,2013,https://link.springer.com/chapter/10.1007/978-3-642-38592-6_12,Conference paper
versat : A Verified Modern SAT Solver,"Verification, Model Checking, and Abstract Interpretation",,,,10.1007/978-3-642-27940-9_24,Duckki OeAaron StumpCorey OliverKevin Clancy,2012,https://link.springer.com/chapter/10.1007/978-3-642-27940-9_24,Conference paper
DA-BMC: A Tool Chain Combining Dynamic Analysis and Bounded Model Checking,Runtime Verification,,,,10.1007/978-3-642-29860-8_30,Jan FiedorVendula HrubáBohuslav KřenaTomáš Vojnar,2012,https://link.springer.com/chapter/10.1007/978-3-642-29860-8_30,Conference paper
"Validating B,Z and TLA  +  Using ProB&#xa0;and Kodkod",FM 2012: Formal Methods,,,,10.1007/978-3-642-32759-9_31,Daniel PlaggeMichael Leuschel,2012,https://link.springer.com/chapter/10.1007/978-3-642-32759-9_31,Conference paper
Solving String Constraints: The Case for Constraint Programming,Principles and Practice of Constraint Programming,,,,10.1007/978-3-642-40627-0_31,Jun HePierre FlenerJustin PearsonWei Ming Zhang,2013,https://link.springer.com/chapter/10.1007/978-3-642-40627-0_31,Conference paper
Formal Approaches for Synthesis of Web Service Business Protocols,Web Services and Formal Methods,,,,10.1007/978-3-642-38230-7_1,Lhouari NourineFarouk Toumani,2013,https://link.springer.com/chapter/10.1007/978-3-642-38230-7_1,Conference paper
Complete Specification Coverage in Automatically Generated Conformance Test Cases for TGG Implementations,Theory and Practice of Model Transformations,,,,10.1007/978-3-642-38883-5_16,Stephan HildebrandtLeen LambersHolger Giese,2013,https://link.springer.com/chapter/10.1007/978-3-642-38883-5_16,Conference paper
Visual-Trace Simulation of Concurrent Finite-State Machines for Validation and Model-Checking of Complex Behaviour,"Simulation, Modeling, and Programming for Autonomous Robots",,,,10.1007/978-3-642-34327-8_8,Robert ColemanVladimir Estivill-CastroRené HexelCarl Lusty,2012,https://link.springer.com/chapter/10.1007/978-3-642-34327-8_8,Conference paper
A Direct Construction of Finite State Automata for Pushdown Store Languages,Descriptional Complexity of Formal Systems,,,,10.1007/978-3-642-39310-5_10,Viliam GeffertAndreas MalcherKatja MeckelCarlo MereghettiBeatrice Palano,2013,https://link.springer.com/chapter/10.1007/978-3-642-39310-5_10,Conference paper
A Multi-objective Genetic Algorithm to Rank State-Based Test Cases,Search Based Software Engineering,,,,10.1007/978-3-642-39742-4_7,Lionel BriandYvan LabicheKathy Chen,2013,https://link.springer.com/chapter/10.1007/978-3-642-39742-4_7,Conference paper
One Logic to Use Them All,Automated Deduction – CADE-24,,,,10.1007/978-3-642-38574-2_1,Jean-Christophe Filliâtre,2013,https://link.springer.com/chapter/10.1007/978-3-642-38574-2_1,Conference paper
Integrating Statechart Components in Polyglot,NASA Formal Methods,,,,10.1007/978-3-642-28891-3_26,Daniel BalasubramanianCorina S. PăsăreanuJason BiatekThomas PressburgerGabor KarsaiMichael LowryMichael W. Whalen,2012,https://link.springer.com/chapter/10.1007/978-3-642-28891-3_26,Conference paper
Symbolic Learning of Component Interfaces,Static Analysis,,,,10.1007/978-3-642-33125-1_18,Dimitra GiannakopoulouZvonimir RakamarićVishwanath Raman,2012,https://link.springer.com/chapter/10.1007/978-3-642-33125-1_18,Conference paper
A Formal Framework and a Tool to Process and Simulate Labelled Reconfigurable Nets Models Based on Graph Transformation,Networked Digital Technologies,,,,10.1007/978-3-642-30567-2_34,Nardjes DehimiRaida ElmansouriAllaoua Chaoui,2012,https://link.springer.com/chapter/10.1007/978-3-642-30567-2_34,Conference paper
Solving Existentially Quantified Horn Clauses,Computer Aided Verification,,,,10.1007/978-3-642-39799-8_61,Tewodros A. BeyeneCorneliu PopeeaAndrey Rybalchenko,2013,https://link.springer.com/chapter/10.1007/978-3-642-39799-8_61,Conference paper
Boolean Quantifier Elimination for Automotive Configuration – A Case Study,Formal Methods for Industrial Critical Systems,,,,10.1007/978-3-642-41010-9_4,Christoph ZenglerWolfgang Küchlin,2013,https://link.springer.com/chapter/10.1007/978-3-642-41010-9_4,Conference paper
"Behavioural Verification in Embedded Software, from Model to Source Code",Model-Driven Engineering Languages and Systems,,,,10.1007/978-3-642-41533-3_20,Anthony Fernandes PiresThomas PolacsekVirginie WielsStéphane Duprat,2013,https://link.springer.com/chapter/10.1007/978-3-642-41533-3_20,Conference paper
Charge!,Interactive Theorem Proving,,,,10.1007/978-3-642-32347-8_21,Jesper BengtsonJonas Braband JensenLars Birkedal,2012,https://link.springer.com/chapter/10.1007/978-3-642-32347-8_21,Conference paper
Anti-unification for Unranked Terms and Hedges,Journal of Automated Reasoning,,,,10.1007/s10817-013-9285-6,Temur KutsiaJordi LevyMateu Villaret,2013,https://link.springer.com/article/10.1007/s10817-013-9285-6,Article
Spectrum-Based Fault Localization for Diagnosing Concurrency Faults,Testing Software and Systems,,,,10.1007/978-3-642-41707-8_16,Feyzullah KocaHasan SözerRui Abreu,2013,https://link.springer.com/chapter/10.1007/978-3-642-41707-8_16,Conference paper
Instruction sequence processing operators,Acta Informatica,,,,10.1007/s00236-012-0154-2,J. A. BergstraC. A. Middelburg,2012,https://link.springer.com/article/10.1007/s00236-012-0154-2,Article
Bridging the gap between formal semantics and implementation of triple graph grammars,Software & Systems Modeling,,,,10.1007/s10270-012-0247-y,Holger GieseStephan HildebrandtLeen Lambers,2012,https://link.springer.com/article/10.1007/s10270-012-0247-y,Article
Robust Evaluation of Expressions by Distributed Virtual Machines,Unconventional Computation and Natural Computation,,,,10.1007/978-3-642-32894-7_21,Lance R. Williams,2012,https://link.springer.com/chapter/10.1007/978-3-642-32894-7_21,Conference paper
Implementing and Verifying EDF Preemption-Level Resource Control,Reliable Software Technologies – Ada-Europe 2012,,,,10.1007/978-3-642-30598-6_14,Mark Louis FairbairnAlan Burns,2012,https://link.springer.com/chapter/10.1007/978-3-642-30598-6_14,Conference paper
Guided Algebraic Specification Mining for Failure Simplification,Testing Software and Systems,,,,10.1007/978-3-642-41707-8_15,Alexander ElyasovI. S. Wishnu B. PrasetyaJurriaan Hage,2013,https://link.springer.com/chapter/10.1007/978-3-642-41707-8_15,Conference paper
Data Refinement in Isabelle/HOL,Interactive Theorem Proving,,,,10.1007/978-3-642-39634-2_10,Florian HaftmannAlexander KraussOndřej KunčarTobias Nipkow,2013,https://link.springer.com/chapter/10.1007/978-3-642-39634-2_10,Conference paper
Applying Industrial-Strength Testing Techniques to Critical Care Medical Equipment,"Computer Safety, Reliability, and Security",,,,10.1007/978-3-642-33678-2_6,Christoph Woskowski,2012,https://link.springer.com/chapter/10.1007/978-3-642-33678-2_6,Conference paper
Ambiguity Detection: Scaling to Scannerless,Software Language Engineering,,,,10.1007/978-3-642-28830-2_17,Hendrikus J. S. BastenPaul KlintJurgen J. Vinju,2012,https://link.springer.com/chapter/10.1007/978-3-642-28830-2_17,Conference paper
Soundness of Object-Oriented Languages with Coinductive Big-Step Semantics,ECOOP 2012 – Object-Oriented Programming,,,,10.1007/978-3-642-31057-7_21,Davide Ancona,2012,https://link.springer.com/chapter/10.1007/978-3-642-31057-7_21,Conference paper
Separation Logic for Non-local Control Flow and Block Scope Variables,Foundations of Software Science and Computation Structures,,,,10.1007/978-3-642-37075-5_17,Robbert KrebbersFreek Wiedijk,2013,https://link.springer.com/chapter/10.1007/978-3-642-37075-5_17,Conference paper
Efficient Runtime Policy Enforcement Using Counterexample-Guided Abstraction Refinement,Computer Aided Verification,,,,10.1007/978-3-642-31424-7_39,Matthew FredriksonRichard JoinerSomesh JhaThomas RepsPhillip PorrasHassen SaïdiVinod Yegneswaran,2012,https://link.springer.com/chapter/10.1007/978-3-642-31424-7_39,Conference paper
Solving Games Using Incremental Induction,Integrated Formal Methods,,,,10.1007/978-3-642-38613-8_13,Andreas MorgensternManuel GesellKlaus Schneider,2013,https://link.springer.com/chapter/10.1007/978-3-642-38613-8_13,Conference paper
Asynchronously Communicating Visibly Pushdown Systems,Formal Techniques for Distributed Systems,,,,10.1007/978-3-642-38592-6_16,Domagoj BabićZvonimir Rakamarić,2013,https://link.springer.com/chapter/10.1007/978-3-642-38592-6_16,Conference paper
An Easy Automata Based Algorithm for Testing Coding Properties of Infinite Sets of (DNA) Words,Theory and Practice of Natural Computing,,,,10.1007/978-3-642-33860-1_11,Michelangelo CianciulliRocco ZaccagninoRosalba Zizza,2012,https://link.springer.com/chapter/10.1007/978-3-642-33860-1_11,Conference paper
Learning&#xa0;Universally&#xa0;Quantified&#xa0;Invariants of Linear&#xa0;Data&#xa0;Structures,Computer Aided Verification,,,,10.1007/978-3-642-39799-8_57,Pranav GargChristof LödingP. MadhusudanDaniel Neider,2013,https://link.springer.com/chapter/10.1007/978-3-642-39799-8_57,Conference paper
Analysis of Boolean Programs,Tools and Algorithms for the Construction and Analysis of Systems,,,,10.1007/978-3-642-36742-7_16,Patrice GodefroidMihalis Yannakakis,2013,https://link.springer.com/chapter/10.1007/978-3-642-36742-7_16,Conference paper
Structural Counter Abstraction,Tools and Algorithms for the Construction and Analysis of Systems,,,,10.1007/978-3-642-36742-7_5,Kshitij BansalEric KoskinenThomas WiesDamien Zufferey,2013,https://link.springer.com/chapter/10.1007/978-3-642-36742-7_5,Conference paper
Inference of Global Progress Properties for Dynamically Interleaved Multiparty Sessions,Coordination Models and Languages,,,,10.1007/978-3-642-38493-6_4,Mario CoppoMariangiola Dezani-CiancagliniLuca PadovaniNobuko Yoshida,2013,https://link.springer.com/chapter/10.1007/978-3-642-38493-6_4,Conference paper
A Generic Fault Model for Quality Assurance,Model-Driven Engineering Languages and Systems,,,,10.1007/978-3-642-41533-3_6,Alexander PretschnerDominik HollingRobert EschbachMatthias Gemmar,2013,https://link.springer.com/chapter/10.1007/978-3-642-41533-3_6,Conference paper
On Module-Based Abstraction and Repair of Behavioral Programs,"Logic for Programming, Artificial Intelligence, and Reasoning",,,,10.1007/978-3-642-45221-5_35,Guy Katz,2013,https://link.springer.com/chapter/10.1007/978-3-642-45221-5_35,Conference paper
Matching Problem for Regular Expressions with Variables,Trends in Functional Programming,,,,10.1007/978-3-642-40447-4_10,Vladimir Komendantsky,2013,https://link.springer.com/chapter/10.1007/978-3-642-40447-4_10,Conference paper
Safe Specification of Operator Precedence Rules,Software Language Engineering,,,,10.1007/978-3-319-02654-1_8,Ali AfroozehMark van den BrandAdrian JohnstoneElizabeth ScottJurgen Vinju,2013,https://link.springer.com/chapter/10.1007/978-3-319-02654-1_8,Conference paper
Right-Universality of Visibly Pushdown Automata,Runtime Verification,,,,10.1007/978-3-642-40787-1_5,Véronique BruyèreMarc DucobuOlivier Gauwin,2013,https://link.springer.com/chapter/10.1007/978-3-642-40787-1_5,Conference paper
Modeling Robot Behavior with CCL,"Simulation, Modeling, and Programming for Autonomous Robots",,,,10.1007/978-3-642-34327-8_7,Konrad KułakowskiTomasz Szmuc,2012,https://link.springer.com/chapter/10.1007/978-3-642-34327-8_7,Conference paper
On the Limits of the Classical Approach to Cost Analysis,Static Analysis,,,,10.1007/978-3-642-33125-1_27,Diego Esteban Alonso-BlasSamir Genaim,2012,https://link.springer.com/chapter/10.1007/978-3-642-33125-1_27,Conference paper
Monitoring and recovery for web service applications,Computing,,,,10.1007/s00607-012-0215-y,Jocelyn SimmondsShoham Ben-DavidMarsha Chechik,2012,https://link.springer.com/article/10.1007/s00607-012-0215-y,Article
A Comparison of Intermediate Verification Languages: Boogie and Sireum/Pilar,"Verified Software: Theories, Tools, Experiments",,,,10.1007/978-3-642-27705-4_11,Loren SegalPatrice Chalin,2012,https://link.springer.com/chapter/10.1007/978-3-642-27705-4_11,Conference paper
CaPTIF: Comprehensive Performance TestIng Framework,Testing Software and Systems,,,,10.1007/978-3-642-34691-0_6,Daniel A. MayerOrie SteeleSusanne WetzelUlrike Meyer,2012,https://link.springer.com/chapter/10.1007/978-3-642-34691-0_6,Conference paper
Unification of Publish/Subscribe Systems and Stream Databases,Middleware 2012,,,,10.1007/978-3-642-35170-9_15,Joseph SventekAlexandros Koliousis,2012,https://link.springer.com/chapter/10.1007/978-3-642-35170-9_15,Conference paper
History-Register Automata,Foundations of Software Science and Computation Structures,,,,10.1007/978-3-642-37075-5_2,Nikos TzevelekosRadu Grigore,2013,https://link.springer.com/chapter/10.1007/978-3-642-37075-5_2,Conference paper
Denotational Semantics for a Probabilistic Timed Shared-Variable Language,Unifying Theories of Programming,,,,10.1007/978-3-642-35705-3_11,Huibiao ZhuJeff W. SandersJifeng HeShengchao Qin,2013,https://link.springer.com/chapter/10.1007/978-3-642-35705-3_11,Conference paper
Reachability Modulo Theories,Reachability Problems,,,,10.1007/978-3-642-41036-9_4,Akash LalShaz Qadeer,2013,https://link.springer.com/chapter/10.1007/978-3-642-41036-9_4,Conference paper
A Formal Interactive Verification Environment for the Plan Execution Interchange Language,Integrated Formal Methods,,,,10.1007/978-3-642-30729-4_24,Camilo RochaHéctor CadavidCésar MuñozRadu Siminiceanu,2012,https://link.springer.com/chapter/10.1007/978-3-642-30729-4_24,Conference paper
From Hoare Logic to Matching Logic Reachability,FM 2012: Formal Methods,,,,10.1007/978-3-642-32759-9_32,Grigore RoşuAndrei Ştefănescu,2012,https://link.springer.com/chapter/10.1007/978-3-642-32759-9_32,Conference paper
Resource Aware ML,Computer Aided Verification,,,,10.1007/978-3-642-31424-7_64,Jan HoffmannKlaus AehligMartin Hofmann,2012,https://link.springer.com/chapter/10.1007/978-3-642-31424-7_64,Conference paper
Generation of Test Data Structures Using Constraint Logic Programming,Tests and Proofs,,,,10.1007/978-3-642-30473-6_10,Valerio SenniFabio Fioravanti,2012,https://link.springer.com/chapter/10.1007/978-3-642-30473-6_10,Conference paper
Coverage Metrics for Saturation-Based and Search-Based Testing of Concurrent Software,Runtime Verification,,,,10.1007/978-3-642-29860-8_14,Bohuslav KřenaZdeněk LetkoTomáš Vojnar,2012,https://link.springer.com/chapter/10.1007/978-3-642-29860-8_14,Conference paper
Symbolic Automata for Static Specification Mining,Static Analysis,,,,10.1007/978-3-642-38856-9_6,Hila PelegSharon ShohamEran YahavHongseok Yang,2013,https://link.springer.com/chapter/10.1007/978-3-642-38856-9_6,Conference paper
Model Checking Unbounded Concurrent Lists,Model Checking Software,,,,10.1007/978-3-642-39176-7_20,Divjyot SethiMuralidhar TalupurSharad Malik,2013,https://link.springer.com/chapter/10.1007/978-3-642-39176-7_20,Conference paper
Evolutionary functional black-box testing in an industrial setting,Software Quality Journal,,,,10.1007/s11219-012-9174-y,Tanja E. J. VosFelix F. LindlarBenjamin WilmesAndreas WindischArthur I. BaarsPeter M. KruseHamilton GrossJoachim Wegener,2012,https://link.springer.com/article/10.1007/s11219-012-9174-y,Article
Model Checking Dynamic Pushdown Networks,Programming Languages and Systems,,,,10.1007/978-3-319-03542-0_3,Fu SongTayssir Touili,2013,https://link.springer.com/chapter/10.1007/978-3-319-03542-0_3,Conference paper
"Invariant relations, invariant functions, and loop functions",Innovations in Systems and Software Engineering,,,,10.1007/s11334-012-0189-0,Lamia Labed JilaniAsma LouhichiOlfa MraihiAli Mili,2012,https://link.springer.com/article/10.1007/s11334-012-0189-0,Article
Show No Weakness: Sequentially Consistent Specifications of TSO Libraries,Distributed Computing,,,,10.1007/978-3-642-33651-5_3,Alexey GotsmanMadanlal MusuvathiHongseok Yang,2012,https://link.springer.com/chapter/10.1007/978-3-642-33651-5_3,Conference paper
Behaviour Protection in Modular Rule-Based System Specifications,Recent Trends in Algebraic Development Techniques,,,,10.1007/978-3-642-37635-1_2,Francisco DuránFernando OrejasSteffen Zschaler,2013,https://link.springer.com/chapter/10.1007/978-3-642-37635-1_2,Conference paper
Static Provenance Verification for Message Passing Programs,Static Analysis,,,,10.1007/978-3-642-38856-9_20,Rupak MajumdarRoland MeyerZilong Wang,2013,https://link.springer.com/chapter/10.1007/978-3-642-38856-9_20,Conference paper
Software Verification for Weak Memory via Program Transformation,Programming Languages and Systems,,,,10.1007/978-3-642-37036-6_28,Jade AlglaveDaniel KroeningVincent NimalMichael Tautschnig,2013,https://link.springer.com/chapter/10.1007/978-3-642-37036-6_28,Conference paper
Solving Coverability Problem for Monotonic Counter Systems by Supercompilation,Perspectives of Systems Informatics,,,,10.1007/978-3-642-29709-0_18,Andrei V. Klimov,2012,https://link.springer.com/chapter/10.1007/978-3-642-29709-0_18,Conference paper
Object Initialization in X10,ECOOP 2012 – Object-Oriented Programming,,,,10.1007/978-3-642-31057-7_10,Yoav ZibinDavid CunninghamIgor PeshanskyVijay Saraswat,2012,https://link.springer.com/chapter/10.1007/978-3-642-31057-7_10,Conference paper
"Rabinizer: Small Deterministic Automata for LTL(F,G)",Automated Technology for Verification and Analysis,,,,10.1007/978-3-642-33386-6_7,Andreas GaiserJan KřetínskýJavier Esparza,2012,https://link.springer.com/chapter/10.1007/978-3-642-33386-6_7,Conference paper
A Unified Approach for Static and Runtime Verification: Framework and Applications,"Leveraging Applications of Formal Methods, Verification and Validation. Technologies for Mastering Change",,,,10.1007/978-3-642-34026-0_24,Wolfgang AhrendtGordon J. PaceGerardo Schneider,2012,https://link.springer.com/chapter/10.1007/978-3-642-34026-0_24,Conference paper
Verification as Learning Geometric Concepts,Static Analysis,,,,10.1007/978-3-642-38856-9_21,Rahul SharmaSaurabh GuptaBharath HariharanAlex AikenAditya V. Nori,2013,https://link.springer.com/chapter/10.1007/978-3-642-38856-9_21,Conference paper
ω-Petri Nets,Application and Theory of Petri Nets and Concurrency,,,,10.1007/978-3-642-38697-8_4,Gilles GeeraertsAlexander HeussnerM. PraveenJean-François Raskin,2013,https://link.springer.com/chapter/10.1007/978-3-642-38697-8_4,Conference paper
Contextual Locking for Dynamic Pushdown Networks,Static Analysis,,,,10.1007/978-3-642-38856-9_25,Peter LammichMarkus Müller-OlmHelmut SeidlAlexander Wenner,2013,https://link.springer.com/chapter/10.1007/978-3-642-38856-9_25,Conference paper
Looking back at UML,Software & Systems Modeling,,,,10.1007/s10270-012-0256-x,Steve Cook,2012,https://link.springer.com/article/10.1007/s10270-012-0256-x,Article
Isolating Determinism in Multi-threaded Programs,Runtime Verification,,,,10.1007/978-3-642-29860-8_6,Lukasz ZiarekSiddharth TiwarySuresh Jagannathan,2012,https://link.springer.com/chapter/10.1007/978-3-642-29860-8_6,Conference paper
A Model for Time-Awareness,Advanced Information Systems Engineering Workshops,,,,10.1007/978-3-642-31069-0_6,Francesco FiambertiDaniela MicucciAlessandro MorniroliFrancesco Tisato,2012,https://link.springer.com/chapter/10.1007/978-3-642-31069-0_6,Conference paper
Automatic Conformance Testing of Optimized Triple Graph Grammar Implementations,Applications of Graph Transformations with Industrial Relevance,,,,10.1007/978-3-642-34176-2_20,Stephan HildebrandtLeen LambersHolger GieseDominic PetrickIngo Richter,2012,https://link.springer.com/chapter/10.1007/978-3-642-34176-2_20,Conference paper
Assessing the Trustworthiness of Drivers,"Research in Attacks, Intrusions, and Defenses",,,,10.1007/978-3-642-33338-5_3,Shengzhi ZhangPeng Liu,2012,https://link.springer.com/chapter/10.1007/978-3-642-33338-5_3,Conference paper
QoS Monitoring and Dynamic Trust Establishment in the Cloud,Advances in Grid and Pervasive Computing,,,,10.1007/978-3-642-30767-6_25,Ashok ChandrasekarKarthik ChandrasekarMalairaja MahadevanP. Varalakshmi,2012,https://link.springer.com/chapter/10.1007/978-3-642-30767-6_25,Conference paper
Design of a BPEL Verification Tool,Web Services and Formal Methods,,,,10.1007/978-3-642-29834-9_8,Elie FaresJean-Paul BodeveixMamoun Filali,2012,https://link.springer.com/chapter/10.1007/978-3-642-29834-9_8,Conference paper
Verifying Resource Requirements for Ontology-Driven Rule-Based Agents,Foundations of Information and Knowledge Systems,,,,10.1007/978-3-642-28472-4_18,Abdur RakibRokan Uddin FaruquiWendy MacCaull,2012,https://link.springer.com/chapter/10.1007/978-3-642-28472-4_18,Conference paper
Testing Static Analyzers with Randomly Generated Programs,NASA Formal Methods,,,,10.1007/978-3-642-28891-3_12,Pascal CuoqBenjamin MonateAnne PacaletVirgile PrevostoJohn RegehrBoris YakobowskiXuejun Yang,2012,https://link.springer.com/chapter/10.1007/978-3-642-28891-3_12,Conference paper
Time Constraints with Temporal Logic Programming,Formal Methods and Software Engineering,,,,10.1007/978-3-642-34281-3_20,Meng HanZhenhua DuanXiaobing Wang,2012,https://link.springer.com/chapter/10.1007/978-3-642-34281-3_20,Conference paper
A Type and Effect System for Determinism in Multithreaded Programs,Programming Languages and Systems,,,,10.1007/978-3-642-28869-2_26,Yi LuJohn PotterChenyi ZhangJingling Xue,2012,https://link.springer.com/chapter/10.1007/978-3-642-28869-2_26,Conference paper
Higher-level supercompilation as a metasystem transition,Programming and Computer Software,,,,10.1134/S0361768812050027,I. G. KlyuchnikovS. A. Romanenko,2012,https://link.springer.com/article/10.1134/S0361768812050027,Article
Using Dynamic Runtime Testing for Rapid Development of Architectural Simulators,International Journal of Parallel Programming,,,,10.1007/s10766-012-0208-7,Saša TomićAdrián CristalOsman UnsalMateo Valero,2012,https://link.springer.com/article/10.1007/s10766-012-0208-7,Article
Attacking the Dimensionality Problem of Parameterized Systems via Bounded Reachability Graphs,Fundamentals of Software Engineering,,,,10.1007/978-3-642-29320-7_15,Qiusong YangBei ZhangJian ZhaiMingshu Li,2012,https://link.springer.com/chapter/10.1007/978-3-642-29320-7_15,Conference paper
Runtime Verification of Biological Systems,"Leveraging Applications of Formal Methods, Verification and Validation. Technologies for Mastering Change",,,,10.1007/978-3-642-34026-0_29,Alexandre DavidKim Guldstrand LarsenAxel LegayMarius MikučionisDanny Bøgsted PoulsenSean Sedwards,2012,https://link.springer.com/chapter/10.1007/978-3-642-34026-0_29,Conference paper
MADES: A Tool Chain for Automated Verification of UML Models of Embedded Systems,Modelling Foundations and Applications,,,,10.1007/978-3-642-31491-9_26,Alek RadjenovicNicholas MatragkasRichard F. PaigeMatteo RossiAlfredo MottaLuciano BaresiDimitrios S. Kolovos,2012,https://link.springer.com/chapter/10.1007/978-3-642-31491-9_26,Conference paper
Implementing Reversible Processes in Multi-agent Action Languages Using Answer Set Planning,Computational Logic in Multi-Agent Systems,,,,10.1007/978-3-642-32897-8_12,Ben WrightEnrico PontelliTran Cao Son,2012,https://link.springer.com/chapter/10.1007/978-3-642-32897-8_12,Conference paper
Parameterized Model Checking of Fine Grained Concurrency,Model Checking Software,,,,10.1007/978-3-642-31759-0_15,Divjyot SethiMuralidhar TalupurDaniel Schwartz-NarbonneSharad Malik,2012,https://link.springer.com/chapter/10.1007/978-3-642-31759-0_15,Conference paper
An Integrated Formal Framework for Reasoning about Goal Interactions,Declarative Agent Languages and Technologies IX,,,,10.1007/978-3-642-29113-5_3,Michael Winikoff,2012,https://link.springer.com/chapter/10.1007/978-3-642-29113-5_3,Conference paper
Concept-Based Semantic Difference in Expressive Description Logics,The Semantic Web – ISWC 2012,,,,10.1007/978-3-642-35176-1_7,Rafael S. GonçalvesBijan ParsiaUlrike Sattler,2012,https://link.springer.com/chapter/10.1007/978-3-642-35176-1_7,Conference paper
BonFIRE: A Multi-cloud Test Facility for Internet of Services Experimentation,Testbeds and Research Infrastructure. Development of Networks and Communities,,,,10.1007/978-3-642-35576-9_11,Alastair C. HumeYahya Al-HazmiBartosz BelterKonrad CampowskyLuis M. CarrilGino CarrozzoVegard EngenDavid García-PérezJordi Jofre PonsatíRoland KűbertYongzheng LiangCyril RohrGregory Van Seghbroeck,2012,https://link.springer.com/chapter/10.1007/978-3-642-35576-9_11,Conference paper
Software model synthesis using satisfiability solvers,Empirical Software Engineering,,,,10.1007/s10664-012-9222-z,Marijn J. H. HeuleSicco Verwer,2012,https://link.springer.com/article/10.1007/s10664-012-9222-z,Article
Using Narrowing to Test Maude Specifications,Rewriting Logic and Its Applications,,,,10.1007/978-3-642-34005-5_11,Adrián Riesco,2012,https://link.springer.com/chapter/10.1007/978-3-642-34005-5_11,Conference paper
Formal Verification by Abstract Interpretation,NASA Formal Methods,,,,10.1007/978-3-642-28891-3_3,Patrick Cousot,2012,https://link.springer.com/chapter/10.1007/978-3-642-28891-3_3,Conference paper
Coordinated Execution of Heterogeneous Service-Oriented Components by Abstract State Machines,Formal Aspects of Component Software,,,,10.1007/978-3-642-35743-5_20,Davide BrugaliLuca GherardiElvinia RiccobenePatrizia Scandurra,2012,https://link.springer.com/chapter/10.1007/978-3-642-35743-5_20,Conference paper
A Graph Transformation Approach for Testing Timed Systems,Information and Software Technologies,,,,10.1007/978-3-642-33308-8_11,Hiba HachichiIlham KitouniKenza BouaroudjDjamel-Eddine Saidouni,2012,https://link.springer.com/chapter/10.1007/978-3-642-33308-8_11,Conference paper
Assume-Guarantee Abstraction Refinement for Probabilistic Systems,Computer Aided Verification,,,,10.1007/978-3-642-31424-7_25,Anvesh KomuravelliCorina S. PăsăreanuEdmund M. Clarke,2012,https://link.springer.com/chapter/10.1007/978-3-642-31424-7_25,Conference paper
Plan Recognition by Program Execution in Continuous Temporal Domains,KI 2012: Advances in Artificial Intelligence,,,,10.1007/978-3-642-33347-7_14,Christoph SchweringDaniel BeckStefan SchifferGerhard Lakemeyer,2012,https://link.springer.com/chapter/10.1007/978-3-642-33347-7_14,Conference paper
An Optimization Approach for Effective Formalized fUML Model Checking,Software Engineering and Formal Methods,,,,10.1007/978-3-642-33826-7_17,Islam AbdelhalimSteve SchneiderHelen Treharne,2012,https://link.springer.com/chapter/10.1007/978-3-642-33826-7_17,Conference paper
Demonic Testing of Concurrent Programs,Formal Methods and Software Engineering,,,,10.1007/978-3-642-34281-3_33,Scott WestSebastian NanzBertrand Meyer,2012,https://link.springer.com/chapter/10.1007/978-3-642-34281-3_33,Conference paper
Towards Certified Runtime Verification,Formal Methods and Software Engineering,,,,10.1007/978-3-642-34281-3_34,Jan Olaf BlechYliès FalconeKlaus Becker,2012,https://link.springer.com/chapter/10.1007/978-3-642-34281-3_34,Conference paper
A Service Oriented Experimentation Framework for Virtualized WiMAX Systems,Testbeds and Research Infrastructure. Development of Networks and Communities,,,,10.1007/978-3-642-29273-6_12,Gautam BhanageIvan SeskarDipankar Raychaudhuri,2012,https://link.springer.com/chapter/10.1007/978-3-642-29273-6_12,Conference paper
Integrating a Formal Development for DSLs into Meta-modeling,Model and Data Engineering,,,,10.1007/978-3-642-33609-6_7,Selma DjeddaiMartin StreckerMohamed Mezghiche,2012,https://link.springer.com/chapter/10.1007/978-3-642-33609-6_7,Conference paper
Investigating Time Properties of Interrupt-Driven Programs,Formal Methods: Foundations and Applications,,,,10.1007/978-3-642-33296-8_11,Yanhong HuangYongxin ZhaoJianqi ShiHuibiao ZhuShengchao Qin,2012,https://link.springer.com/chapter/10.1007/978-3-642-33296-8_11,Conference paper
Transitive Separation Logic,Relational and Algebraic Methods in Computer Science,,,,10.1007/978-3-642-33314-9_1,Han-Hing DangBernhard Möller,2012,https://link.springer.com/chapter/10.1007/978-3-642-33314-9_1,Conference paper
State Space Reduction for Model Checking Agent Programs,Programming Multi-Agent Systems,,,,10.1007/978-3-642-31915-0_8,Sung-Shik T. Q. JongmansKoen V. HindriksM. Birna van Riemsdijk,2012,https://link.springer.com/chapter/10.1007/978-3-642-31915-0_8,Conference paper
Interval-Based Resource Usage Verification: Formalization and Prototype,Foundational and Practical Aspects of Resource Analysis,,,,10.1007/978-3-642-32495-6_4,Pedro Lopez-GarciaLuthfi DarmawanFrancisco BuenoManuel Hermenegildo,2012,https://link.springer.com/chapter/10.1007/978-3-642-32495-6_4,Conference paper
Modeling and Verification of Probabilistic Actor Systems Using pRebeca,Formal Methods and Software Engineering,,,,10.1007/978-3-642-34281-3_12,Mahsa VarshosazRamtin Khosravi,2012,https://link.springer.com/chapter/10.1007/978-3-642-34281-3_12,Conference paper
Noise Injection Heuristics for Concurrency Testing,Mathematical and Engineering Methods in Computer Science,,,,10.1007/978-3-642-25929-6_12,Bohuslav KřenaZdeněk LetkoTomáš Vojnar,2012,https://link.springer.com/chapter/10.1007/978-3-642-25929-6_12,Conference paper
MGSyn: Automatic Synthesis for Industrial Automation,Computer Aided Verification,,,,10.1007/978-3-642-31424-7_46,Chih-Hong ChengMichael GeisingerHarald RuessChristian BucklAlois Knoll,2012,https://link.springer.com/chapter/10.1007/978-3-642-31424-7_46,Conference paper
Invariant Generation for Parametrized Systems Using Self-reflection,Static Analysis,,,,10.1007/978-3-642-33125-1_12,Alejandro SanchezSriram SankaranarayananCésar SánchezBor-Yuh Evan Chang,2012,https://link.springer.com/chapter/10.1007/978-3-642-33125-1_12,Conference paper
Dynamic Information-Flow Analysis for Multi-threaded Applications,"Leveraging Applications of Formal Methods, Verification and Validation. Technologies for Mastering Change",,,,10.1007/978-3-642-34026-0_27,Laurent MounierEmmanuel Sifakis,2012,https://link.springer.com/chapter/10.1007/978-3-642-34026-0_27,Conference paper
Towards Model-Based Testing of Electronic Funds Transfer Systems,Fundamentals of Software Engineering,,,,10.1007/978-3-642-29320-7_17,Hamid Reza AsaadiRamtin KhosraviMohammadReza MousaviNeda Noroozi,2012,https://link.springer.com/chapter/10.1007/978-3-642-29320-7_17,Conference paper
Diagnosing Abstraction Failure for Separation Logic–Based Analyses,Computer Aided Verification,,,,10.1007/978-3-642-31424-7_16,Josh BerdineArlen CoxSamin IshtiaqChristoph M. Wintersteiger,2012,https://link.springer.com/chapter/10.1007/978-3-642-31424-7_16,Conference paper
A modelling approach to Service oriented Architecture for on-line diagnosis,Service Oriented Computing and Applications,,,,10.1007/s11761-012-0118-y,Mohammed AlodibBehzad Bordbar,2012,https://link.springer.com/article/10.1007/s11761-012-0118-y,Article
Weakly-Synchronized Ground Tree Rewriting,Mathematical Foundations of Computer Science 2012,,,,10.1007/978-3-642-32589-2_55,Anthony Widjaja Lin,2012,https://link.springer.com/chapter/10.1007/978-3-642-32589-2_55,Conference paper
On Integrating Structure and Behavior Modeling with OCL,Model Driven Engineering Languages and Systems,,,,10.1007/978-3-642-33666-9_16,Lars HamannOliver HofrichterMartin Gogolla,2012,https://link.springer.com/chapter/10.1007/978-3-642-33666-9_16,Conference paper
Formal Verification of Compiler Transformations on Polychronous Equations,Integrated Formal Methods,,,,10.1007/978-3-642-30729-4_9,Van Chan NgoJean-Pierre TalpinThierry GautierPaul Le GuernicLoïc Besnard,2012,https://link.springer.com/chapter/10.1007/978-3-642-30729-4_9,Conference paper
Practical Permissions for Race-Free Parallelism,ECOOP 2012 – Object-Oriented Programming,,,,10.1007/978-3-642-31057-7_27,Edwin WestbrookJisheng ZhaoZoran BudimlićVivek Sarkar,2012,https://link.springer.com/chapter/10.1007/978-3-642-31057-7_27,Conference paper
Formal Semantics of Model Fields in Annotation-Based Specifications,KI 2012: Advances in Artificial Intelligence,,,,10.1007/978-3-642-33347-7_2,Bernhard BeckertDaniel Bruns,2012,https://link.springer.com/chapter/10.1007/978-3-642-33347-7_2,Conference paper
Specification-Based Test Repair Using a Lightweight Formal Method,FM 2012: Formal Methods,,,,10.1007/978-3-642-32759-9_37,Guowei YangSarfraz KhurshidMiryung Kim,2012,https://link.springer.com/chapter/10.1007/978-3-642-32759-9_37,Conference paper
Control Flow Analysis for the Join Calculus,Static Analysis,,,,10.1007/978-3-642-33125-1_14,Peter CalvertAlan Mycroft,2012,https://link.springer.com/chapter/10.1007/978-3-642-33125-1_14,Conference paper
Modeling and Analysis of CPU Usage in Safety-Critical Embedded Systems to Support Stress Testing,Model Driven Engineering Languages and Systems,,,,10.1007/978-3-642-33666-9_48,Shiva NejatiStefano Di AlesioMehrdad SabetzadehLionel Briand,2012,https://link.springer.com/chapter/10.1007/978-3-642-33666-9_48,Conference paper
Using Knapsack Problem Model to Design a Resource Aware Test Architecture for Adaptable and Distributed Systems,Testing Software and Systems,,,,10.1007/978-3-642-34691-0_9,Mariam LahamiMoez KrichenMariam BouchakwaMohamed Jmaiel,2012,https://link.springer.com/chapter/10.1007/978-3-642-34691-0_9,Conference paper
Inference and Checking of Object Ownership,ECOOP 2012 – Object-Oriented Programming,,,,10.1007/978-3-642-31057-7_9,Wei HuangWerner DietlAna MilanovaMichael D. Ernst,2012,https://link.springer.com/chapter/10.1007/978-3-642-31057-7_9,Conference paper
BETA: A B Based Testing Approach,Formal Methods: Foundations and Applications,,,,10.1007/978-3-642-33296-8_6,Ernesto C. B. de MatosAnamaria Martins Moreira,2012,https://link.springer.com/chapter/10.1007/978-3-642-33296-8_6,Conference paper
The RERS Grey-Box Challenge 2012: Analysis of Event-Condition-Action Systems,"Leveraging Applications of Formal Methods, Verification and Validation. Technologies for Mastering Change",,,,10.1007/978-3-642-34026-0_45,Falk HowarMalte IsbernerMaik MertenBernhard SteffenDirk Beyer,2012,https://link.springer.com/chapter/10.1007/978-3-642-34026-0_45,Conference paper
Efficient Symbolic Execution of Value-Based Data Structures for Critical Systems,NASA Formal Methods,,,,10.1007/978-3-642-28891-3_29,Jason BeltRobbyPatrice ChalinJohn HatcliffXianghua Deng,2012,https://link.springer.com/chapter/10.1007/978-3-642-28891-3_29,Conference paper
Stable Availability under Denial of Service Attacks through Formal Patterns,Fundamental Approaches to Software Engineering,,,,10.1007/978-3-642-28872-2_6,Jonas EckhardtTobias MühlbauerMusab AlTurkiJosé MeseguerMartin Wirsing,2012,https://link.springer.com/chapter/10.1007/978-3-642-28872-2_6,Conference paper
Model-Based Static Code Analysis for MATLAB Models,"Leveraging Applications of Formal Methods, Verification and Validation. Technologies for Mastering Change",,,,10.1007/978-3-642-34026-0_35,Zheng LuSupratik Mukhopadhyay,2012,https://link.springer.com/chapter/10.1007/978-3-642-34026-0_35,Conference paper
Non-interference on UML State-Charts,"Objects, Models, Components, Patterns",,,,10.1007/978-3-642-30561-0_16,Martín OchoaJan JürjensJorge Cuéllar,2012,https://link.springer.com/chapter/10.1007/978-3-642-30561-0_16,Conference paper
"Acacia+, a Tool for LTL Synthesis",Computer Aided Verification,,,,10.1007/978-3-642-31424-7_45,Aaron BohyVéronique BruyèreEmmanuel FiliotNaiyong JinJean-François Raskin,2012,https://link.springer.com/chapter/10.1007/978-3-642-31424-7_45,Conference paper
On the Correctness of an Optimising Assembler for the Intel MCS-51 Microprocessor,Certified Programs and Proofs,,,,10.1007/978-3-642-35308-6_7,Dominic P. MulliganClaudio Sacerdoti Coen,2012,https://link.springer.com/chapter/10.1007/978-3-642-35308-6_7,Conference paper
Our Experience with the CodeContracts Static Checker,"Verified Software: Theories, Tools, Experiments",,,,10.1007/978-3-642-27705-4_19,Francesco Logozzo,2012,https://link.springer.com/chapter/10.1007/978-3-642-27705-4_19,Conference paper
Confluence Analysis for Distributed Programs: A Model-Theoretic Approach,Datalog in Academia and Industry,,,,10.1007/978-3-642-32925-8_14,William R. MarczakPeter AlvaroNeil ConwayJoseph M. HellersteinDavid Maier,2012,https://link.springer.com/chapter/10.1007/978-3-642-32925-8_14,Conference paper
Model-Based Filtering of Combinatorial Test Suites,Fundamental Approaches to Software Engineering,,,,10.1007/978-3-642-28872-2_30,Taha TrikiYves LedruLydie du BousquetFrédéric DadeauJulien Botella,2012,https://link.springer.com/chapter/10.1007/978-3-642-28872-2_30,Conference paper
Early Fault Detection in Industry Using Models at Various Abstraction Levels,Integrated Formal Methods,,,,10.1007/978-3-642-30729-4_19,Jozef HoomanArjan J. MooijHans van Wezep,2012,https://link.springer.com/chapter/10.1007/978-3-642-30729-4_19,Conference paper
The SiMoL Modeling Language for Simulation and (Re-)Configuration,SOFSEM 2012: Theory and Practice of Computer Science,,,,10.1007/978-3-642-27660-6_54,Iulia NicaFranz Wotawa,2012,https://link.springer.com/chapter/10.1007/978-3-642-27660-6_54,Conference paper
IMITATOR 2.5: A Tool for Analyzing Robustness in Scheduling Problems,FM 2012: Formal Methods,,,,10.1007/978-3-642-32759-9_6,Étienne AndréLaurent FribourgUlrich KühneRomain Soulat,2012,https://link.springer.com/chapter/10.1007/978-3-642-32759-9_6,Conference paper
JSXM: A Tool for Automated Test Generation,Software Engineering and Formal Methods,,,,10.1007/978-3-642-33826-7_25,Dimitris DranidisKonstantinos BratanisFlorentin Ipate,2012,https://link.springer.com/chapter/10.1007/978-3-642-33826-7_25,Conference paper
On the Formalization of UML Activities for Component-Based Protocol Design Specifications,SOFSEM 2012: Theory and Practice of Computer Science,,,,10.1007/978-3-642-27660-6_39,Prabhu Shankar KaliappanHartmut König,2012,https://link.springer.com/chapter/10.1007/978-3-642-27660-6_39,Conference paper
Is It Dangerous to Use Version Control Histories to Study Source Code Evolution?,ECOOP 2012 – Object-Oriented Programming,,,,10.1007/978-3-642-31057-7_5,Stas NegaraMohsen VakilianNicholas ChenRalph E. JohnsonDanny Dig,2012,https://link.springer.com/chapter/10.1007/978-3-642-31057-7_5,Conference paper
Runtime Verification with Predictive Semantics,NASA Formal Methods,,,,10.1007/978-3-642-28891-3_37,Xian ZhangMartin LeuckerWei Dong,2012,https://link.springer.com/chapter/10.1007/978-3-642-28891-3_37,Conference paper
VATA: A Library for Efficient Manipulation of Non-deterministic Tree Automata,Tools and Algorithms for the Construction and Analysis of Systems,,,,10.1007/978-3-642-28756-5_7,Ondřej LengálJiří ŠimáčekTomáš Vojnar,2012,https://link.springer.com/chapter/10.1007/978-3-642-28756-5_7,Conference paper
Lightweight Coordination Calculus for Agent Systems: Retrospective and Prospective,Declarative Agent Languages and Technologies IX,,,,10.1007/978-3-642-29113-5_7,David Robertson,2012,https://link.springer.com/chapter/10.1007/978-3-642-29113-5_7,Conference paper
Modular Tree Automata,Mathematics of Program Construction,,,,10.1007/978-3-642-31113-0_14,Patrick Bahr,2012,https://link.springer.com/chapter/10.1007/978-3-642-31113-0_14,Conference paper
Predicting Concurrency Failures in the Generalized Execution Traces of x86 Executables,Runtime Verification,,,,10.1007/978-3-642-29860-8_2,Chao WangMalay Ganai,2012,https://link.springer.com/chapter/10.1007/978-3-642-29860-8_2,Conference paper
Priority Inheritance Protocol Proved Correct,Interactive Theorem Proving,,,,10.1007/978-3-642-32347-8_15,Xingyuan ZhangChristian UrbanChunhan Wu,2012,https://link.springer.com/chapter/10.1007/978-3-642-32347-8_15,Conference paper
Comparing Verification Condition Generation with Symbolic Execution: An Experience Report,"Verified Software: Theories, Tools, Experiments",,,,10.1007/978-3-642-27705-4_16,Ioannis T. KassiosPeter MüllerMalte Schwerhoff,2012,https://link.springer.com/chapter/10.1007/978-3-642-27705-4_16,Conference paper
The Guardol Language and Verification System,Tools and Algorithms for the Construction and Analysis of Systems,,,,10.1007/978-3-642-28756-5_3,David HardinKonrad SlindMichael WhalenTuan-Hung Pham,2012,https://link.springer.com/chapter/10.1007/978-3-642-28756-5_3,Conference paper
Mcta: Heuristics and Search for Timed Systems,Formal Modeling and Analysis of Timed Systems,,,,10.1007/978-3-642-33365-1_18,Martin WehrleSebastian Kupferschmid,2012,https://link.springer.com/chapter/10.1007/978-3-642-33365-1_18,Conference paper
Verification Rules for Exception Handling in Eiffel,Formal Methods: Foundations and Applications,,,,10.1007/978-3-642-33296-8_14,Emil SekerinskiTian Zhang,2012,https://link.springer.com/chapter/10.1007/978-3-642-33296-8_14,Conference paper
Inferring Semantic Interfaces of Data Structures,"Leveraging Applications of Formal Methods, Verification and Validation. Technologies for Mastering Change",,,,10.1007/978-3-642-34026-0_41,Falk HowarMalte IsbernerBernhard SteffenOliver BauerBengt Jonsson,2012,https://link.springer.com/chapter/10.1007/978-3-642-34026-0_41,Conference paper
Reasoning about Multi-stage Programs,Programming Languages and Systems,,,,10.1007/978-3-642-28869-2_18,Jun InoueWalid Taha,2012,https://link.springer.com/chapter/10.1007/978-3-642-28869-2_18,Conference paper
Cubicle: A Parallel SMT-Based Model Checker for Parameterized Systems,Computer Aided Verification,,,,10.1007/978-3-642-31424-7_55,Sylvain ConchonAmit GoelSava KrstićAlain MebsoutFatiha Zaïdi,2012,https://link.springer.com/chapter/10.1007/978-3-642-31424-7_55,Conference paper
Inference of Necessary Field Conditions with Abstract Interpretation,Programming Languages and Systems,,,,10.1007/978-3-642-35182-2_13,Mehdi BouazizFrancesco LogozzoManuel Fähndrich,2012,https://link.springer.com/chapter/10.1007/978-3-642-35182-2_13,Conference paper
Testing of Concurrent Programs Using Genetic Algorithms,Search Based Software Engineering,,,,10.1007/978-3-642-33119-0_12,Vendula HrubáBohuslav KřenaZdeněk LetkoShmuel UrTomáš Vojnar,2012,https://link.springer.com/chapter/10.1007/978-3-642-33119-0_12,Conference paper
Pause ’n’ Play: Formalizing Asynchronous C $^\sharp$,ECOOP 2012 – Object-Oriented Programming,,,,10.1007/978-3-642-31057-7_12,Gavin BiermanClaudio RussoGeoffrey MainlandErik MeijerMads Torgersen,2012,https://link.springer.com/chapter/10.1007/978-3-642-31057-7_12,Conference paper
Automated Inference of Models for Black Box Systems Based on Interface Descriptions,"Leveraging Applications of Formal Methods, Verification and Validation. Technologies for Mastering Change",,,,10.1007/978-3-642-34026-0_7,Maik MertenFalk HowarBernhard SteffenPatrizio PellicioneMassimo Tivoli,2012,https://link.springer.com/chapter/10.1007/978-3-642-34026-0_7,Conference paper
Runtime Monitoring of Functional Component Changes with Behavior Models,Models in Software Engineering,,,,10.1007/978-3-642-29645-1_17,Carlo GhezziAndrea MocciMario Sangiorgio,2012,https://link.springer.com/chapter/10.1007/978-3-642-29645-1_17,Conference paper
Analysis of May-Happen-in-Parallel in Concurrent Objects,Formal Techniques for Distributed Systems,,,,10.1007/978-3-642-30793-5_3,Elvira AlbertAntonio E. Flores-MontoyaSamir Genaim,2012,https://link.springer.com/chapter/10.1007/978-3-642-30793-5_3,Conference paper
Towards a Formal Verification Methodology for Collective Robotic Systems,Formal Methods and Software Engineering,,,,10.1007/978-3-642-34281-3_7,Edmond GjondrekajMichele LoretiRosario PuglieseFrancesco TiezziCarlo PinciroliManuele BrambillaMauro BirattariMarco Dorigo,2012,https://link.springer.com/chapter/10.1007/978-3-642-34281-3_7,Conference paper
Automated Test-Trace Inspection for Microcontroller Binary Code,Runtime Verification,,,,10.1007/978-3-642-29860-8_18,Thomas ReinbacherJörg BrauerDaniel SchachingerAndreas SteiningerStefan Kowalewski,2012,https://link.springer.com/chapter/10.1007/978-3-642-29860-8_18,Conference paper
Towards a TTCN-3 Test System for Runtime Testing of Adaptable and Distributed Systems,Testing Software and Systems,,,,10.1007/978-3-642-34691-0_7,Mariam LahamiFairouz FakhfakhMoez KrichenMohamed Jmaiel,2012,https://link.springer.com/chapter/10.1007/978-3-642-34691-0_7,Conference paper
Transactional Correctness for Secure Nested Transactions,Trustworthy Global Computing,,,,10.1007/978-3-642-30065-3_11,Dominic DugganYe Wu,2012,https://link.springer.com/chapter/10.1007/978-3-642-30065-3_11,Conference paper
TransDPOR: A Novel Dynamic Partial-Order Reduction Technique for Testing Actor Programs,Formal Techniques for Distributed Systems,,,,10.1007/978-3-642-30793-5_14,Samira TasharofiRajesh K. KarmaniSteven LauterburgAxel LegayDarko MarinovGul Agha,2012,https://link.springer.com/chapter/10.1007/978-3-642-30793-5_14,Conference paper
SMT-Based Induction Methods for Timed Systems,Formal Modeling and Analysis of Timed Systems,,,,10.1007/978-3-642-33365-1_13,Roland KindermannTommi JunttilaIlkka Niemelä,2012,https://link.springer.com/chapter/10.1007/978-3-642-33365-1_13,Conference paper
Model Based Testing with Logical Properties versus State Machines,Implementation and Application of Functional Languages,,,,10.1007/978-3-642-34407-7_8,Pieter KoopmanPeter AchtenRinus Plasmeijer,2012,https://link.springer.com/chapter/10.1007/978-3-642-34407-7_8,Conference paper
Efficient Model Synchronization with Precedence Triple Graph Grammars,Graph Transformations,,,,10.1007/978-3-642-33654-6_27,Marius LauderAnthony AnjorinGergely VarróAndy Schürr,2012,https://link.springer.com/chapter/10.1007/978-3-642-33654-6_27,Conference paper
Modal Process Rewrite Systems,Theoretical Aspects of Computing – ICTAC 2012,,,,10.1007/978-3-642-32943-2_9,Nikola BenešJan Křetínský,2012,https://link.springer.com/chapter/10.1007/978-3-642-32943-2_9,Conference paper
Multi-objective optimization algorithms applied to the class integration and test order problem,International Journal on Software Tools for Technology Transfer,,,,10.1007/s10009-012-0226-1,Silvia Regina VergilioAurora PozoJoão Carlos Garcia ÁriasRafael da Veiga CabralTiago Nobre,2012,https://link.springer.com/article/10.1007/s10009-012-0226-1,Article
Thread-Safe Priority Queues in Haskell Based on Skiplists,Trends in Functional Programming,,,,10.1007/978-3-642-32037-8_8,Michael Lesniak,2012,https://link.springer.com/chapter/10.1007/978-3-642-32037-8_8,Conference paper
Development of the Computer Language Classification Knowledge Portal,Perspectives of Systems Informatics,,,,10.1007/978-3-642-29709-0_29,Nikolay V. ShilovAlexander A. AkininAlexey V. ZubkovRenat I. Idrisov,2012,https://link.springer.com/chapter/10.1007/978-3-642-29709-0_29,Conference paper
Relational interprocedural verification of concurrent programs,Software & Systems Modeling,,,,10.1007/s10270-012-0230-7,Bertrand Jeannet,2012,https://link.springer.com/article/10.1007/s10270-012-0230-7,Article
Left Recursion in Parsing Expression Grammars,Programming Languages,,,,10.1007/978-3-642-33182-4_4,Sérgio MedeirosFabio MascarenhasRoberto Ierusalimschy,2012,https://link.springer.com/chapter/10.1007/978-3-642-33182-4_4,Conference paper
Impact of Test Design Technique Knowledge on Test Driven Development: A Controlled Experiment,Agile Processes in Software Engineering and Extreme Programming,,,,10.1007/978-3-642-30350-0_10,Adnan ČauševićDaniel SundmarkSasikumar Punnekkat,2012,https://link.springer.com/chapter/10.1007/978-3-642-30350-0_10,Conference paper
A Formal Model-Based Approach to Engineering Systems-of-Systems,Collaborative Networks in the Internet of Services,,,,10.1007/978-3-642-32775-9_6,John FitzgeraldJeremy BryansRichard Payne,2012,https://link.springer.com/chapter/10.1007/978-3-642-32775-9_6,Conference paper
Abstraction-guided synthesis of synchronization,International Journal on Software Tools for Technology Transfer,,,,10.1007/s10009-012-0232-3,Martin VechevEran YahavGreta Yorsh,2012,https://link.springer.com/article/10.1007/s10009-012-0232-3,Article
Modifying Test Suite Composition to Enable Effective Predicate-Level Statistical Debugging,NASA Formal Methods,,,,10.1007/978-3-642-28891-3_8,Ross GorePaul F. Reynolds,2012,https://link.springer.com/chapter/10.1007/978-3-642-28891-3_8,Conference paper
Multi-core Reachability for Timed Automata,Formal Modeling and Analysis of Timed Systems,,,,10.1007/978-3-642-33365-1_8,Andreas E. DalsgaardAlfons LaarmanKim G. LarsenMads Chr. OlesenJaco van de Pol,2012,https://link.springer.com/chapter/10.1007/978-3-642-33365-1_8,Conference paper
STAMINA: a competition to encourage the development and assessment of software model inference techniques,Empirical Software Engineering,,,,10.1007/s10664-012-9210-3,Neil WalkinshawBernard LambeauChristophe DamasKirill BogdanovPierre Dupont,2012,https://link.springer.com/article/10.1007/s10664-012-9210-3,Article
Modelling and Analyzing Adaptive Self-assembly Strategies with Maude,Rewriting Logic and Its Applications,,,,10.1007/978-3-642-34005-5_7,Roberto BruniAndrea CorradiniFabio GadducciAlberto Lluch LafuenteAndrea Vandin,2012,https://link.springer.com/chapter/10.1007/978-3-642-34005-5_7,Conference paper
Efficient Coverability Analysis by Proof Minimization,CONCUR 2012 – Concurrency Theory,,,,10.1007/978-3-642-32940-1_35,Alexander KaiserDaniel KroeningThomas Wahl,2012,https://link.springer.com/chapter/10.1007/978-3-642-32940-1_35,Conference paper
Cost Based Query Ordering over OWL Ontologies,The Semantic Web – ISWC 2012,,,,10.1007/978-3-642-35176-1_15,Ilianna KolliaBirte Glimm,2012,https://link.springer.com/chapter/10.1007/978-3-642-35176-1_15,Conference paper
Bidirectional Model Transformation with Precedence Triple Graph Grammars,Modelling Foundations and Applications,,,,10.1007/978-3-642-31491-9_22,Marius LauderAnthony AnjorinGergely VarróAndy Schürr,2012,https://link.springer.com/chapter/10.1007/978-3-642-31491-9_22,Conference paper
Improved Ramsey-Based Büchi Complementation,Foundations of Software Science and Computational Structures,,,,10.1007/978-3-642-28729-9_10,Stefan BreuersChristof LödingJörg Olschewski,2012,https://link.springer.com/chapter/10.1007/978-3-642-28729-9_10,Conference paper
Infeasible Code Detection,"Verified Software: Theories, Tools, Experiments",,,,10.1007/978-3-642-27705-4_24,Cristiano BertoliniMartin SchäfPascal Schweitzer,2012,https://link.springer.com/chapter/10.1007/978-3-642-27705-4_24,Conference paper
Assume-Guarantee Scenarios: Semantics and Synthesis,Model Driven Engineering Languages and Systems,,,,10.1007/978-3-642-33666-9_22,Shahar MaozYaniv Sa’ar,2012,https://link.springer.com/chapter/10.1007/978-3-642-33666-9_22,Conference paper
Efficient and Trustworthy Tool Qualification for Model-Based Testing Tools,Testing Software and Systems,,,,10.1007/978-3-642-34691-0_3,Jörg BrauerJan PeleskaUwe Schulze,2012,https://link.springer.com/chapter/10.1007/978-3-642-34691-0_3,Conference paper
"The Call-by-Need Lambda Calculus, Revisited",Programming Languages and Systems,,,,10.1007/978-3-642-28869-2_7,Stephen ChangMatthias Felleisen,2012,https://link.springer.com/chapter/10.1007/978-3-642-28869-2_7,Conference paper
Union and Intersection Types for Secure Protocol Implementations,Theory of Security and Applications,,,,10.1007/978-3-642-27375-9_1,Michael BackesCătălin HriţcuMatteo Maffei,2012,https://link.springer.com/chapter/10.1007/978-3-642-27375-9_1,Conference paper
Finite State Transducers Framework for Monitors Conflict Detection and Resolution,Advances in Computer Science and Information Technology. Computer Science and Information Technology,,,,10.1007/978-3-642-27317-9_12,Soha Hussein,2012,https://link.springer.com/chapter/10.1007/978-3-642-27317-9_12,Conference paper
"FAuST: A Framework for Formal Verification, Automated Debugging, and Software Test Generation",Model Checking Software,,,,10.1007/978-3-642-31759-0_17,Heinz RienerGörschwin Fey,2012,https://link.springer.com/chapter/10.1007/978-3-642-31759-0_17,Conference paper
Model Checking: One Can Do Much More Than You Think!,Fundamentals of Software Engineering,,,,10.1007/978-3-642-29320-7_1,Joost-Pieter Katoen,2012,https://link.springer.com/chapter/10.1007/978-3-642-29320-7_1,Conference paper
A Solver for Reachability Modulo Theories,Computer Aided Verification,,,,10.1007/978-3-642-31424-7_32,Akash LalShaz QadeerShuvendu K. Lahiri,2012,https://link.springer.com/chapter/10.1007/978-3-642-31424-7_32,Conference paper
MANET: A Model for First-Class Electronic Institutions,"Coordination, Organizations, Institutions, and Norms in Agent System VII",,,,10.1007/978-3-642-35545-5_5,Charalampos TampitsikasStefano BromuriMichael Ignaz Schumacher,2012,https://link.springer.com/chapter/10.1007/978-3-642-35545-5_5,Conference paper
Decision Procedures for Region Logic,"Verification, Model Checking, and Abstract Interpretation",,,,10.1007/978-3-642-27940-9_25,Stan RosenbergAnindya BanerjeeDavid A. Naumann,2012,https://link.springer.com/chapter/10.1007/978-3-642-27940-9_25,Conference paper
Symbolic Execution of Communicating and Hierarchically Composed UML-RT State Machines,NASA Formal Methods,,,,10.1007/978-3-642-28891-3_6,Karolina ZurowskaJuergen Dingel,2012,https://link.springer.com/chapter/10.1007/978-3-642-28891-3_6,Conference paper
Weak Inclusion for Recursive XML Types,Implementation and Application of Automata,,,,10.1007/978-3-642-31606-7_7,Joshua AmaviJacques ChabinPierre Réty,2012,https://link.springer.com/chapter/10.1007/978-3-642-31606-7_7,Conference paper
Bridging the Gap: Automatic Verified Abstraction of C,Interactive Theorem Proving,,,,10.1007/978-3-642-32347-8_8,David GreenawayJune AndronickGerwin Klein,2012,https://link.springer.com/chapter/10.1007/978-3-642-32347-8_8,Conference paper
RFID Data Monitoring and Cleaning Using Tensor Calculus,Advances in Computational Intelligence,,,,10.1007/978-3-642-31715-6_57,Roberto De VirgilioFranco Milicchio,2012,https://link.springer.com/chapter/10.1007/978-3-642-31715-6_57,Conference paper
Design of Concept Libraries for C++,Software Language Engineering,,,,10.1007/978-3-642-28830-2_6,Andrew SuttonBjarne Stroustrup,2012,https://link.springer.com/chapter/10.1007/978-3-642-28830-2_6,Conference paper
A Two-Valued Logic for Properties of Strict Functional Programs Allowing Partial Functions,Journal of Automated Reasoning,,,,10.1007/s10817-012-9253-6,David SabelManfred Schmidt-Schauß,2012,https://link.springer.com/article/10.1007/s10817-012-9253-6,Article
Translating TLA +  to B for Validation with ProB,Integrated Formal Methods,,,,10.1007/978-3-642-30729-4_3,Dominik HansenMichael Leuschel,2012,https://link.springer.com/chapter/10.1007/978-3-642-30729-4_3,Conference paper
Efficient Techniques for Near-Optimal Instrumentation in Time-Triggered Runtime Verification,Runtime Verification,,,,10.1007/978-3-642-29860-8_16,Samaneh NavabpourChun Wah Wallace WuBorzoo BonakdarpourSebastian Fischmeister,2012,https://link.springer.com/chapter/10.1007/978-3-642-29860-8_16,Conference paper
Automated Testing Featuring Prototype Generation from Harvested Requirements Specification,"Computer Applications for Software Engineering, Disaster Recovery, and Business Continuity",,,,10.1007/978-3-642-35267-6_12,Nawin PhuangphooYachai Limpiyakorn,2012,https://link.springer.com/chapter/10.1007/978-3-642-35267-6_12,Conference paper
Parallel Assertions for Architectures with Weak Memory Models,Automated Technology for Verification and Analysis,,,,10.1007/978-3-642-33386-6_21,Daniel Schwartz-NarbonneGeorg WeissenbacherSharad Malik,2012,https://link.springer.com/chapter/10.1007/978-3-642-33386-6_21,Conference paper
A Boolean Model for Enumerating Minimal Siphons and Traps in Petri Nets,Principles and Practice of Constraint Programming,,,,10.1007/978-3-642-33558-7_57,Faten NabliFrançois FagesThierry MartinezSylvain Soliman,2012,https://link.springer.com/chapter/10.1007/978-3-642-33558-7_57,Conference paper
Binary Reachability Analysis of Higher Order Functional Programs,Static Analysis,,,,10.1007/978-3-642-33125-1_26,Ruslán Ledesma-GarzaAndrey Rybalchenko,2012,https://link.springer.com/chapter/10.1007/978-3-642-33125-1_26,Conference paper
Noninterference via Symbolic Execution,Formal Techniques for Distributed Systems,,,,10.1007/978-3-642-30793-5_10,Dimiter MilushevWim BeckDave Clarke,2012,https://link.springer.com/chapter/10.1007/978-3-642-30793-5_10,Conference paper
Model checking software product lines with SNIP,International Journal on Software Tools for Technology Transfer,,,,10.1007/s10009-012-0234-1,Andreas ClassenMaxime CordyPatrick HeymansAxel LegayPierre-Yves Schobbens,2012,https://link.springer.com/article/10.1007/s10009-012-0234-1,Article
A Production Rule-Based Framework for Causal and Epistemic Reasoning,Rules on the Web: Research and Applications,,,,10.1007/978-3-642-32689-9_10,Theodore PatkosAbdelghani ChibaniDimitris PlexousakisYacine Amirat,2012,https://link.springer.com/chapter/10.1007/978-3-642-32689-9_10,Conference paper
Compositional Termination Proofs for Multi-threaded Programs,Tools and Algorithms for the Construction and Analysis of Systems,,,,10.1007/978-3-642-28756-5_17,Corneliu PopeeaAndrey Rybalchenko,2012,https://link.springer.com/chapter/10.1007/978-3-642-28756-5_17,Conference paper
Verifying and Generating WP Transformers for Procedures on Complex Data,Interactive Theorem Proving,,,,10.1007/978-3-642-32347-8_10,Patrick MichelArnd Poetzsch-Heffter,2012,https://link.springer.com/chapter/10.1007/978-3-642-32347-8_10,Conference paper
Specifying Stateful Asynchronous Properties for Distributed Programs,CONCUR 2012 – Concurrency Theory,,,,10.1007/978-3-642-32940-1_16,Tzu-Chun ChenKohei Honda,2012,https://link.springer.com/chapter/10.1007/978-3-642-32940-1_16,Conference paper
Multiagent Based Scheduling of Elective Surgery,Principles and Practice of Multi-Agent Systems,,,,10.1007/978-3-642-25920-3_6,Sankalp KhannaTimothy CleaverAbdul SattarDavid HansenBela Stantic,2012,https://link.springer.com/chapter/10.1007/978-3-642-25920-3_6,Conference paper
Rewriting Approximations for Properties Verification over CCS Specifications,Fundamentals of Software Engineering,,,,10.1007/978-3-642-29320-7_20,Roméo Courbis,2012,https://link.springer.com/chapter/10.1007/978-3-642-29320-7_20,Conference paper
Optimizing Inequality Joins in Datalog with Approximated Constraint Propagation,Practical Aspects of Declarative Languages,,,,10.1007/978-3-642-27694-1_9,Dario CampagnaBeata Sarna-StarostaTom Schrijvers,2012,https://link.springer.com/chapter/10.1007/978-3-642-27694-1_9,Conference paper
A Product Line Modeling and Configuration Methodology to Support Model-Based Testing: An Industrial Case Study,Model Driven Engineering Languages and Systems,,,,10.1007/978-3-642-33666-9_46,Shaukat AliTao YueLionel BriandSuneth Walawege,2012,https://link.springer.com/chapter/10.1007/978-3-642-33666-9_46,Conference paper
Synchronisation- and Reversal-Bounded Analysis of Multithreaded Programs with Counters,Computer Aided Verification,,,,10.1007/978-3-642-31424-7_22,Matthew HagueAnthony Widjaja Lin,2012,https://link.springer.com/chapter/10.1007/978-3-642-31424-7_22,Conference paper
Reasoning about Agent Programs Using ATL-Like Logics,Logics in Artificial Intelligence,,,,10.1007/978-3-642-33353-8_34,Nitin YadavSebastian Sardina,2012,https://link.springer.com/chapter/10.1007/978-3-642-33353-8_34,Conference paper
A State-Space Based Model-Checking Framework for Embedded System Controllers Specified Using IOPT Petri Nets,Technological Innovation for Value Creation,,,,10.1007/978-3-642-28255-3_14,Fernando PereiraFilipe MoutinhoLuís Gomes,2012,https://link.springer.com/chapter/10.1007/978-3-642-28255-3_14,Conference paper
Succinct Representations for Abstract Interpretation,Static Analysis,,,,10.1007/978-3-642-33125-1_20,Julien HenryDavid MonniauxMatthieu Moy,2012,https://link.springer.com/chapter/10.1007/978-3-642-33125-1_20,Conference paper
Runtime Verification of Traces under Recording Uncertainty,Runtime Verification,,,,10.1007/978-3-642-29860-8_35,Shaohui WangAnaheed AyoubOleg SokolskyInsup Lee,2012,https://link.springer.com/chapter/10.1007/978-3-642-29860-8_35,Conference paper
Modelling and Monitoring Interdependent Expectations,"Coordination, Organizations, Institutions, and Norms in Agent System VII",,,,10.1007/978-3-642-35545-5_9,Stephen CranefieldMichael WinikoffWamberto Vasconcelos,2012,https://link.springer.com/chapter/10.1007/978-3-642-35545-5_9,Conference paper
A Proof Assistant Based Formalization of MDE Components,Formal Aspects of Component Software,,,,10.1007/978-3-642-35743-5_14,Mounira KezadriBenoît CombemaleMarc PantelXavier Thirioux,2012,https://link.springer.com/chapter/10.1007/978-3-642-35743-5_14,Conference paper
Efficient Symbolic Implementation of Graph Automata with Applications to Invariant Checking,Graph Transformations,,,,10.1007/978-3-642-33654-6_18,Christoph BlumeH. J. Sander BrugginkDominik EngelkeBarbara König,2012,https://link.springer.com/chapter/10.1007/978-3-642-33654-6_18,Conference paper
Producing Certified Functional Code from Inductive Specifications,Certified Programs and Proofs,,,,10.1007/978-3-642-35308-6_9,Pierre-Nicolas TollitteDavid DelahayeCatherine Dubois,2012,https://link.springer.com/chapter/10.1007/978-3-642-35308-6_9,Conference paper
Compositional Verification of a Baby Virtual Memory Manager,Certified Programs and Proofs,,,,10.1007/978-3-642-35308-6_13,Alexander VaynbergZhong Shao,2012,https://link.springer.com/chapter/10.1007/978-3-642-35308-6_13,Conference paper
Mutual Exclusion by Interpolation,Functional and Logic Programming,,,,10.1007/978-3-642-29822-6_16,Jael KrienerAndy King,2012,https://link.springer.com/chapter/10.1007/978-3-642-29822-6_16,Conference paper
Semantic Adaptation Using CCSL Clock Constraints,Models in Software Engineering,,,,10.1007/978-3-642-29645-1_12,Frédéric BoulangerAyman DoguiCécile HardebolleChristophe JacquetDominique MarcadetIuliana Prodan,2012,https://link.springer.com/chapter/10.1007/978-3-642-29645-1_12,Conference paper
A Concurrent Temporal Programming Model with Atomic Blocks,Formal Methods and Software Engineering,,,,10.1007/978-3-642-34281-3_5,Xiaoxiao YangYu ZhangMing FuXinyu Feng,2012,https://link.springer.com/chapter/10.1007/978-3-642-34281-3_5,Conference paper
Modeling Asynchronous Message Passing for C Programs,"Verification, Model Checking, and Abstract Interpretation",,,,10.1007/978-3-642-27940-9_22,Everett MorseNick VrviloEric MercerJay McCarthy,2012,https://link.springer.com/chapter/10.1007/978-3-642-27940-9_22,Conference paper
McPatom: A Predictive Analysis Tool for Atomicity Violation Using Model Checking,Model Checking Software,,,,10.1007/978-3-642-31759-0_14,Reng ZengZhuo SunSu LiuXudong He,2012,https://link.springer.com/chapter/10.1007/978-3-642-31759-0_14,Conference paper
On Model Checking for Visibly Pushdown Automata,Language and Automata Theory and Applications,,,,10.1007/978-3-642-28332-1_35,Tang Van NguyenHitoshi Ohsaki,2012,https://link.springer.com/chapter/10.1007/978-3-642-28332-1_35,Conference paper
S-Narrowing for Constructor Systems,Theoretical Aspects of Computing – ICTAC 2012,,,,10.1007/978-3-642-32943-2_10,Adrián RiescoJuan Rodríguez-Hortalá,2012,https://link.springer.com/chapter/10.1007/978-3-642-32943-2_10,Conference paper
Simple Models for Recursive Schemes,Mathematical Foundations of Computer Science 2012,,,,10.1007/978-3-642-32589-2_6,Igor Walukiewicz,2012,https://link.springer.com/chapter/10.1007/978-3-642-32589-2_6,Conference paper
Using Equivalences of Worlds for Aggregation Semantics of Relational Conditionals,KI 2012: Advances in Artificial Intelligence,,,,10.1007/978-3-642-33347-7_5,Marc FinthammerChristoph Beierle,2012,https://link.springer.com/chapter/10.1007/978-3-642-33347-7_5,Conference paper
Formalizing Turing Machines,"Logic, Language, Information and Computation",,,,10.1007/978-3-642-32621-9_1,Andrea AspertiWilmer Ricciotti,2012,https://link.springer.com/chapter/10.1007/978-3-642-32621-9_1,Conference paper
The Teachers’ Crowd: The Impact of Distributed Oracles on Active Automata Learning,"Leveraging Applications of Formal Methods, Verification, and Validation",,,,10.1007/978-3-642-34781-8_18,Falk HowarOliver BauerMaik MertenBernhard SteffenTiziana Margaria,2012,https://link.springer.com/chapter/10.1007/978-3-642-34781-8_18,Conference paper
A New Design Defects Classification: Marrying Detection and Correction,Fundamental Approaches to Software Engineering,,,,10.1007/978-3-642-28872-2_31,Rim MahouachiMarouane KessentiniKhaled Ghedira,2012,https://link.springer.com/chapter/10.1007/978-3-642-28872-2_31,Conference paper
Strengthening SAT-Based Validation of UML/OCL Models by Representing Collections as Relations,Modelling Foundations and Applications,,,,10.1007/978-3-642-31491-9_5,Mirco KuhlmannMartin Gogolla,2012,https://link.springer.com/chapter/10.1007/978-3-642-31491-9_5,Conference paper
Generating Better Partial Covering Arrays by Modeling Weights on Sub-product Lines,Model Driven Engineering Languages and Systems,,,,10.1007/978-3-642-33666-9_18,Martin Fagereng JohansenØystein HaugenFranck FleureyAnne Grete EldegardTorbjørn Syversen,2012,https://link.springer.com/chapter/10.1007/978-3-642-33666-9_18,Conference paper
JSART: JavaScript Assertion-Based Regression Testing,Web Engineering,,,,10.1007/978-3-642-31753-8_18,Shabnam MirshokraieAli Mesbah,2012,https://link.springer.com/chapter/10.1007/978-3-642-31753-8_18,Conference paper
Language-Theoretic Abstraction Refinement,Fundamental Approaches to Software Engineering,,,,10.1007/978-3-642-28872-2_25,Zhenyue LongGeorgel CalinRupak MajumdarRoland Meyer,2012,https://link.springer.com/chapter/10.1007/978-3-642-28872-2_25,Conference paper
"Recursive Schemes, Krivine Machines, and Collapsible Pushdown Automata",Reachability Problems,,,,10.1007/978-3-642-33512-9_2,Sylvain SalvatiIgor Walukiewicz,2012,https://link.springer.com/chapter/10.1007/978-3-642-33512-9_2,Conference paper
Frama-C,Software Engineering and Formal Methods,,,,10.1007/978-3-642-33826-7_16,Pascal CuoqFlorent KirchnerNikolai KosmatovVirgile PrevostoJulien SignolesBoris Yakobowski,2012,https://link.springer.com/chapter/10.1007/978-3-642-33826-7_16,Conference paper
Reachability Analysis of Non-linear Planar Autonomous Systems,Fundamentals of Software Engineering,,,,10.1007/978-3-642-29320-7_14,Hallstein Asheim HansenGerardo SchneiderMartin Steffen,2012,https://link.springer.com/chapter/10.1007/978-3-642-29320-7_14,Conference paper
Comparison of Upward and Downward Generalizations in CF-Induction,Inductive Logic Programming,,,,10.1007/978-3-642-31951-8_31,Yoshitaka YamamotoKatsumi InoueKoji Iwanuma,2012,https://link.springer.com/chapter/10.1007/978-3-642-31951-8_31,Conference paper
Management of Change in Declarative Languages,Intelligent Computer Mathematics,,,,10.1007/978-3-642-31374-5_22,Mihnea IancuFlorian Rabe,2012,https://link.springer.com/chapter/10.1007/978-3-642-31374-5_22,Conference paper
Language Independent Refinement Using Partial Modeling,Fundamental Approaches to Software Engineering,,,,10.1007/978-3-642-28872-2_16,Rick SalayMichalis FamelisMarsha Chechik,2012,https://link.springer.com/chapter/10.1007/978-3-642-28872-2_16,Conference paper
Runtime Verification with State Estimation,Runtime Verification,,,,10.1007/978-3-642-29860-8_15,Scott D. StollerEzio BartocciJustin SeysterRadu GrosuKlaus HavelundScott A. SmolkaErez Zadok,2012,https://link.springer.com/chapter/10.1007/978-3-642-29860-8_15,Conference paper
A Proof Framework for Concurrent Programs,Integrated Formal Methods,,,,10.1007/978-3-642-30729-4_13,Leonard LensinkSjaak SmetsersMarko van Eekelen,2012,https://link.springer.com/chapter/10.1007/978-3-642-30729-4_13,Conference paper
A Timed Mobility Semantics Based on Rewriting Strategies,Software Engineering and Formal Methods,,,,10.1007/978-3-642-33826-7_10,Gabriel CiobanuMaciej KoutnyJason Steggles,2012,https://link.springer.com/chapter/10.1007/978-3-642-33826-7_10,Conference paper
Verification of ATL Transformations Using Transformation Models and Model Finders,Formal Methods and Software Engineering,,,,10.1007/978-3-642-34281-3_16,Fabian BüttnerMarina EgeaJordi CabotMartin Gogolla,2012,https://link.springer.com/chapter/10.1007/978-3-642-34281-3_16,Conference paper
A New Order-Theoretic Characterisation of the Polytime Computable Functions,Programming Languages and Systems,,,,10.1007/978-3-642-35182-2_20,Martin AvanziniNaohi EguchiGeorg Moser,2012,https://link.springer.com/chapter/10.1007/978-3-642-35182-2_20,Conference paper
Specifying and Verifying the Correctness of Dynamic Software Updates,"Verified Software: Theories, Tools, Experiments",,,,10.1007/978-3-642-27705-4_22,Christopher M. HaydenStephen MagillMichael HicksNate FosterJeffrey S. Foster,2012,https://link.springer.com/chapter/10.1007/978-3-642-27705-4_22,Conference paper
Applying Data Refinement for Monadic Programs to Hopcroft’s Algorithm,Interactive Theorem Proving,,,,10.1007/978-3-642-32347-8_12,Peter LammichThomas Tuerk,2012,https://link.springer.com/chapter/10.1007/978-3-642-32347-8_12,Conference paper
Maintainability defects detection and correction: a multi-objective approach,Automated Software Engineering,,,,10.1007/s10515-011-0098-8,Ali OuniMarouane KessentiniHouari SahraouiMounir Boukadoum,2012,https://link.springer.com/article/10.1007/s10515-011-0098-8,Article
Simple Rectangle-Based Functional Programs for Computing Reflexive-Transitive Closures,Relational and Algebraic Methods in Computer Science,,,,10.1007/978-3-642-33314-9_8,Rudolf BerghammerSebastian Fischer,2012,https://link.springer.com/chapter/10.1007/978-3-642-33314-9_8,Conference paper
A Toolkit for Usability Testing of Mobile Applications,"Mobile Computing, Applications, and Services",,,,10.1007/978-3-642-32320-1_15,Xiaoxiao MaBo YanGuanling ChenChunhui ZhangKe HuangJill Drury,2012,https://link.springer.com/chapter/10.1007/978-3-642-32320-1_15,Conference paper
A Compositional Minimization Approach for Large Asynchronous Design Verification,Model Checking Software,,,,10.1007/978-3-642-31759-0_7,Hao ZhengEmmanuel RodriguezYingying ZhangChris Myers,2012,https://link.springer.com/chapter/10.1007/978-3-642-31759-0_7,Conference paper
Formal Specification and Validation of Security Policies,Foundations and Practice of Security,,,,10.1007/978-3-642-27901-0_12,Tony BourdierHoratiu CirsteaMathieu JaumeHélène Kirchner,2012,https://link.springer.com/chapter/10.1007/978-3-642-27901-0_12,Conference paper
ACTL ∩ LTL Synthesis,Computer Aided Verification,,,,10.1007/978-3-642-31424-7_9,Rüdiger Ehlers,2012,https://link.springer.com/chapter/10.1007/978-3-642-31424-7_9,Conference paper
Schedule Insensitivity Reduction,Fundamental Approaches to Software Engineering,,,,10.1007/978-3-642-28872-2_8,Vineet Kahlon,2012,https://link.springer.com/chapter/10.1007/978-3-642-28872-2_8,Conference paper
Protocol Conformance Checking of Services with Exceptions,Service-Oriented and Cloud Computing,,,,10.1007/978-3-642-33427-6_9,Christian HeikeWolf ZimmermannAndreas Both,2012,https://link.springer.com/chapter/10.1007/978-3-642-33427-6_9,Conference paper
Secure Programming via Visibly Pushdown Safety Games,Computer Aided Verification,,,,10.1007/978-3-642-31424-7_41,William R. HarrisSomesh JhaThomas Reps,2012,https://link.springer.com/chapter/10.1007/978-3-642-31424-7_41,Conference paper
Multiparty Session Types Meet Communicating Automata,Programming Languages and Systems,,,,10.1007/978-3-642-28869-2_10,Pierre-Malo DeniélouNobuko Yoshida,2012,https://link.springer.com/chapter/10.1007/978-3-642-28869-2_10,Conference paper