Item Title,Publication Title,Book Series Title,Journal Volume,Journal Issue,Item DOI,Authors,Publication Year,URL,Content Type
An empirical study of automated unit test generation for Python,Empirical Software Engineering,,,,10.1007/s10664-022-10248-w,Stephan LukasczykFlorian KroißGordon Fraser,2023,https://link.springer.com/article/10.1007/s10664-022-10248-w,Article
Towards effective assessment of steady state performance in Java software: are we there yet?,Empirical Software Engineering,,,,10.1007/s10664-022-10247-x,Luca TrainiVittorio CortellessaDaniele Di PompeoMichele Tucci,2022,https://link.springer.com/article/10.1007/s10664-022-10247-x,Article
An evaluation of approaches to model checking real-time task schedulability analysis,International Journal on Software Tools for Technology Transfer,,,,10.1007/s10009-022-00693-9,Madoda NxumaloNils TimmStefan Gruner,2023,https://link.springer.com/article/10.1007/s10009-022-00693-9,Article
Efficient regression testing of distributed real-time reactive systems in the context of model-driven development,Software and Systems Modeling,,,,10.1007/s10270-023-01086-5,Majid BabaeiJuergen Dingel,2023,https://link.springer.com/article/10.1007/s10270-023-01086-5,Article
Injecting software faults in Python applications,Empirical Software Engineering,,,,10.1007/s10664-021-10047-9,Henrique MarquesNuno LaranjeiroJorge Bernardino,2021,https://link.springer.com/article/10.1007/s10664-021-10047-9,Article
Wit4Java: A Violation-Witness Validator for Java Verifiers (Competition Contribution),Tools and Algorithms for the Construction and Analysis of Systems,,,,10.1007/978-3-030-99527-0_36,Tong WuPeter SchrammelLucas C. Cordeiro,2022,https://link.springer.com/chapter/10.1007/978-3-030-99527-0_36,Conference paper
"Characterizing usages, updates and risks of third-party libraries in Java projects",Empirical Software Engineering,,,,10.1007/s10664-022-10131-8,Kaifeng HuangBihuan ChenCongying XuYing WangBowen ShiXin PengYijian WuYang Liu,2022,https://link.springer.com/article/10.1007/s10664-022-10131-8,Article
JChainz: Automatic Detection of&#xa0;Deserialization Vulnerabilities for&#xa0;the&#xa0;Java Language,Security and Trust Management,,,,10.1007/978-3-031-29504-1_8,Luca BuccioliStefano CristalliEdoardo VignatiLorenzo NavaDaniele BadagliaccaDanilo BruschiLong LuAndrea Lanzi,2023,https://link.springer.com/chapter/10.1007/978-3-031-29504-1_8,Conference paper
Differential Testing of&#xa0;Simulation-Based Virtual Machine Generators,Reuse and Software Quality,,,,10.1007/978-3-031-08129-3_7,Pierre Misse-chanabierGuillermo PolitoNoury BouraqadiStéphane DucasseLuc FabressePablo Tesone,2022,https://link.springer.com/chapter/10.1007/978-3-031-08129-3_7,Conference paper
From Specification to Testing: Semantics Engineering for Lua 5.2,Journal of Automated Reasoning,,,,10.1007/s10817-022-09638-y,Mallku SoldevilaBeta ZilianiBruno Silvestre,2022,https://link.springer.com/article/10.1007/s10817-022-09638-y,Article
Static detection of equivalent mutants in real-time model-based mutation testing,Empirical Software Engineering,,,,10.1007/s10664-022-10149-y,Davide BasileMaurice H. ter BeekSami LazregMaxime CordyAxel Legay,2022,https://link.springer.com/article/10.1007/s10664-022-10149-y,Article
Algebraic Virtual Machine Project,ICTERI 2021 Workshops,,,,10.1007/978-3-031-14841-5_23,Oleksandr LetychevskyiVolodymyr PeschanenkoVladislav Volkov,2022,https://link.springer.com/chapter/10.1007/978-3-031-14841-5_23,Conference paper
Safe Autonomous Decision-Making with&#xa0;vGOAL,"Advances in Practical Applications of Agents, Multi-Agent Systems, and Cognitive Mimetics. The PAAMS Collection",,,,10.1007/978-3-031-37616-0_32,Yi YangTom Holvoet,2023,https://link.springer.com/chapter/10.1007/978-3-031-37616-0_32,Conference paper
Empirically evaluating flaky test detection techniques combining test case rerunning and machine learning models,Empirical Software Engineering,,,,10.1007/s10664-023-10307-w,Owain ParryGregory M. KapfhammerMichael HiltonPhil McMinn,2023,https://link.springer.com/article/10.1007/s10664-023-10307-w,Article
JavaBIP meets VerCors: Towards the Safety of Concurrent Software Systems in Java,Fundamental Approaches to Software Engineering,,,,10.1007/978-3-031-30826-0_8,Simon BliudzePetra van den BosMarieke HuismanRobert RubbensLarisa Safina,2023,https://link.springer.com/chapter/10.1007/978-3-031-30826-0_8,Conference paper
"Real-time multi-agent systems: rationality, formal model, and empirical results",Autonomous Agents and Multi-Agent Systems,,,,10.1007/s10458-020-09492-5,Davide CalvaresiYashin Dicente CidMauro MarinoniAldo Franco DragoniAmro NajjarMichael Schumacher,2021,https://link.springer.com/article/10.1007/s10458-020-09492-5,Article
"Verifying OpenJDK’s <Emphasis FontCategory=""NonProportional"">LinkedList</Emphasis> using KeY (extended paper)",International Journal on Software Tools for Technology Transfer,,,,10.1007/s10009-022-00679-7,Hans-Dieter A. HiepOlaf MaathuisJinting BianFrank S. de BoerStijn de Gouw,2022,https://link.springer.com/article/10.1007/s10009-022-00679-7,Article
Repairing Real-Time Requirements,Automated Technology for Verification and Analysis,,,,10.1007/978-3-031-19992-9_24,Reiya NoguchiOcan SankurThierry JéronNicolas MarkeyDavid Mentré,2022,https://link.springer.com/chapter/10.1007/978-3-031-19992-9_24,Conference paper
Instrumentation for&#xa0;RV: From Basic Monitoring to&#xa0;Advanced Use Cases,Runtime Verification,,,,10.1007/978-3-031-44267-4_23,Chukri SoueidiYliès Falcone,2023,https://link.springer.com/chapter/10.1007/978-3-031-44267-4_23,Conference paper
Execution Time Program Verification with&#xa0;Tight Bounds,Practical Aspects of Declarative Languages,,,,10.1007/978-3-031-24841-2_4,Ana Carolina SilvaManuel BarbosaMário Florido,2023,https://link.springer.com/chapter/10.1007/978-3-031-24841-2_4,Conference paper
Verifying temporal specifications of Java programs,Software Quality Journal,,,,10.1007/s11219-019-09488-9,Francesco SpegniLuca SpalazziGiovanni LivaMartin PinzgerAndreas Bollin,2020,https://link.springer.com/article/10.1007/s11219-019-09488-9,Article
Momba: JANI Meets Python,Tools and Algorithms for the Construction and Analysis of Systems,,,,10.1007/978-3-030-72013-1_23,Maximilian A. KöhlMichaela KlauckHolger Hermanns,2021,https://link.springer.com/chapter/10.1007/978-3-030-72013-1_23,Conference paper
Advanced testing and debugging support for reactive executable DSLs,Software and Systems Modeling,,,,10.1007/s10270-022-01025-w,Faezeh KhorramErwan BousseJean-Marie MottuGerson Sunyé,2022,https://link.springer.com/article/10.1007/s10270-022-01025-w,Article
"Excluding code from test coverage: practices, motivations, and impact",Empirical Software Engineering,,,,10.1007/s10664-022-10259-7,Andre Hora,2022,https://link.springer.com/article/10.1007/s10664-022-10259-7,Article
Randomized reachability analysis in UPPAAL: fast error detection in timed systems,International Journal on Software Tools for Technology Transfer,,,,10.1007/s10009-022-00681-z,Andrej KivirigaKim Guldstrand LarsenUlrik Nyman,2022,https://link.springer.com/article/10.1007/s10009-022-00681-z,Article
Parallel and&#xa0;Incremental Verification of&#xa0;Hybrid Automata with&#xa0;Ray and&#xa0;Verse,Automated Technology for Verification and Analysis,,,,10.1007/978-3-031-45329-8_5,Haoqing ZhuYangge LiKeyi ShenSayan Mitra,2023,https://link.springer.com/chapter/10.1007/978-3-031-45329-8_5,Conference paper
Decision Tree Regression Analysis of Proposed Metric Suite for Software Fault Prediction,SN Computer Science,,,,10.1007/s42979-023-02386-9,Gurmeet KaurJyoti PruthiParul Gandhi,2023,https://link.springer.com/article/10.1007/s42979-023-02386-9,Article
Formal methods and tools for industrial critical systems,International Journal on Software Tools for Technology Transfer,,,,10.1007/s10009-022-00660-4,Maurice H. ter BeekKim G. LarsenDejan NičkovićTim A. C. Willemse,2022,https://link.springer.com/article/10.1007/s10009-022-00660-4,Article
Unified verification and monitoring of executable UML specifications,Software and Systems Modeling,,,,10.1007/s10270-021-00923-9,Valentin BesnardCiprian TeodorovFrédéric JouaultMatthias BrunPhilippe Dhaussy,2021,https://link.springer.com/article/10.1007/s10270-021-00923-9,Article
Studying the characteristics of AIOps projects on GitHub,Empirical Software Engineering,,,,10.1007/s10664-023-10382-z,Roozbeh AghiliHeng LiFoutse Khomh,2023,https://link.springer.com/article/10.1007/s10664-023-10382-z,Article
Kratos2: An SMT-Based Model Checker for&#xa0;Imperative Programs,Computer Aided Verification,,,,10.1007/978-3-031-37709-9_20,Alberto GriggioMartin Jonáš,2023,https://link.springer.com/chapter/10.1007/978-3-031-37709-9_20,Conference paper
Verified Functional Programming of an Abstract Interpreter,Static Analysis,,,,10.1007/978-3-030-88806-0_6,Lucas FranceschinoDavid PichardieJean-Pierre Talpin,2021,https://link.springer.com/chapter/10.1007/978-3-030-88806-0_6,Conference paper
Spotlight Abstraction in Model Checking Real-Time Task Schedulability,Model Checking Software,,,,10.1007/978-3-030-84629-9_4,Madoda NxumaloNils TimmStefan Gruner,2021,https://link.springer.com/chapter/10.1007/978-3-030-84629-9_4,Conference paper
Formal modeling and verification for amplification timing anomalies in the superscalar TriCore architecture,International Journal on Software Tools for Technology Transfer,,,,10.1007/s10009-022-00655-1,Benjamin BinderMihail AsavoaeFlorian BrandnerBelgacem Ben HediaMathieu Jan,2022,https://link.springer.com/article/10.1007/s10009-022-00655-1,Article
Insights into cloud autoscaling: a unique perspective through MDP and DTMC formal models,The Journal of Supercomputing,,,,10.1007/s11227-023-05665-7,Siti Nuraishah Agos JawaddiAzlan IsmailMuhammad Nur Haziq Mohammad HattaAnis Faqihah Kamarulzaman,2023,https://link.springer.com/article/10.1007/s11227-023-05665-7,Article
AALpy: an active automata learning library,Innovations in Systems and Software Engineering,,,,10.1007/s11334-022-00449-3,Edi MuškardinBernhard K. AichernigIngo PillAndrea PferscherMartin Tappler,2022,https://link.springer.com/article/10.1007/s11334-022-00449-3,Article
Static test flakiness prediction: How Far Can We Go?,Empirical Software Engineering,,,,10.1007/s10664-022-10227-1,Valeria PontilloFabio PalombaFilomena Ferrucci,2022,https://link.springer.com/article/10.1007/s10664-022-10227-1,Article
An empirical assessment of machine learning approaches for triaging reports of static analysis tools,Empirical Software Engineering,,,,10.1007/s10664-022-10253-z,Sai YerramreddyAustin MordahlUgur KocShiyi WeiJeffrey S. FosterMarine CarpuatAdam A. Porter,2023,https://link.springer.com/article/10.1007/s10664-022-10253-z,Article
Styler: learning formatting conventions to repair Checkstyle violations,Empirical Software Engineering,,,,10.1007/s10664-021-10107-0,Benjamin LoriotFernanda MadeiralMartin Monperrus,2022,https://link.springer.com/article/10.1007/s10664-021-10107-0,Article
Residual Runtime Verification via&#xa0;Reachability Analysis,"Verified Software. Theories, Tools and Experiments.",,,,10.1007/978-3-031-25803-9_9,Chukri SoueidiYliès Falcone,2023,https://link.springer.com/chapter/10.1007/978-3-031-25803-9_9,Conference paper
Lincheck: A Practical Framework for&#xa0;Testing Concurrent Data Structures on&#xa0;JVM,Computer Aided Verification,,,,10.1007/978-3-031-37706-8_8,Nikita KovalAlexander FedorovMaria SokolovaDmitry TsitelovDan Alistarh,2023,https://link.springer.com/chapter/10.1007/978-3-031-37706-8_8,Conference paper
Symbolic Abstract Heaps for&#xa0;Polymorphic Information-Flow Guard Inference,"Verification, Model Checking, and Abstract Interpretation",,,,10.1007/978-3-031-24950-1_4,Nicolas BerthierNarges Khakpour,2023,https://link.springer.com/chapter/10.1007/978-3-031-24950-1_4,Conference paper
A Two-Step Approach to Boost Neural Network Generalizability in Predicting Defective Software,ITNG 2023 20th International Conference on Information Technology-New Generations,,,,10.1007/978-3-031-28332-1_5,Alexandre NascimentoVinicius Veloso de MeloMarcio BasgaluppLuis Alberto Viera Dias,2023,https://link.springer.com/chapter/10.1007/978-3-031-28332-1_5,Conference paper
Language support for verifying reconfigurable interacting systems,International Journal on Software Tools for Technology Transfer,,,,10.1007/s10009-023-00729-8,Yehia Abd AlrahmanShaun AzzopardiLuca Di StefanoNir Piterman,2023,https://link.springer.com/article/10.1007/s10009-023-00729-8,Article
A Pragmatic Approach to&#xa0;Stateful Partial Order Reduction,"Verification, Model Checking, and Abstract Interpretation",,,,10.1007/978-3-031-24950-1_7,Berk CirisciConstantin EneaAzadeh FarzanSuha Orhun Mutluergil,2023,https://link.springer.com/chapter/10.1007/978-3-031-24950-1_7,Conference paper
Comparison of open-source runtime testing tools for microservices,Software Quality Journal,,,,10.1007/s11219-022-09583-4,Juan P. SotomayorSai Chaithra AllalaDionny SantiagoTariq M. KingPeter J. Clarke,2022,https://link.springer.com/article/10.1007/s11219-022-09583-4,Article
Interpreting Knowledge-based Programs,Programming Languages and Systems,,,,10.1007/978-3-031-30044-8_10,Alexander KnappHeribert MühlbergerBernhard Reus,2023,https://link.springer.com/chapter/10.1007/978-3-031-30044-8_10,Conference paper
Stream runtime verification of real-time event streams with the Striver language,International Journal on Software Tools for Technology Transfer,,,,10.1007/s10009-021-00605-3,Felipe GorostiagaCésar Sánchez,2021,https://link.springer.com/article/10.1007/s10009-021-00605-3,Article
Model Checking B Models via&#xa0;High-Level Code Generation,Formal Methods  and Software Engineering,,,,10.1007/978-3-031-17244-1_20,Fabian VuDominik BrandtMichael Leuschel,2022,https://link.springer.com/chapter/10.1007/978-3-031-17244-1_20,Conference paper
How Fitting is Your Abstract Domain?,Static Analysis,,,,10.1007/978-3-031-44245-2_14,Roberto GiacobazziIsabella MastroeniElia Perantoni,2023,https://link.springer.com/chapter/10.1007/978-3-031-44245-2_14,Conference paper
Small-Amp: Test amplification in a dynamically typed language,Empirical Software Engineering,,,,10.1007/s10664-022-10169-8,Mehrdad AbdiHenrique RochaSerge DemeyerAlexandre Bergel,2022,https://link.springer.com/article/10.1007/s10664-022-10169-8,Article
Execution trace analysis for a precise understanding of latency violations,Software and Systems Modeling,,,,10.1007/s10270-022-01076-z,Maysam ZoorLudovic ApvrilleRenaud PacaletSophie Coudert,2023,https://link.springer.com/article/10.1007/s10270-022-01076-z,Article
AppSPIN: reconfiguration-based responsiveness testing and diagnosing for Android Apps,Automated Software Engineering,,,,10.1007/s10515-022-00347-9,Zhanyao LeiWenhua ZhaoZhenkai DingMingyuan XiaZhengwei Qi,2022,https://link.springer.com/article/10.1007/s10515-022-00347-9,Article
Formally Verified EVM Block-Optimizations,Computer Aided Verification,,,,10.1007/978-3-031-37709-9_9,Elvira AlbertSamir GenaimDaniel KirchnerEnrique Martin-Martin,2023,https://link.springer.com/chapter/10.1007/978-3-031-37709-9_9,Conference paper
Bugs in machine learning-based systems: a faultload benchmark,Empirical Software Engineering,,,,10.1007/s10664-023-10291-1,Mohammad Mehdi MorovatiAmin NikanjamFoutse KhomhZhen Ming (Jack) Jiang,2023,https://link.springer.com/article/10.1007/s10664-023-10291-1,Article
Principles of&#xa0;Staged Static+Dynamic Partial Analysis,Static Analysis,,,,10.1007/978-3-031-22308-2_4,Aditya AnandManas Thakur,2022,https://link.springer.com/chapter/10.1007/978-3-031-22308-2_4,Conference paper
A microservice-based framework for multi-level testing of cyber-physical systems,Software Quality Journal,,,,10.1007/s11219-023-09639-z,Iñigo AldalurAitor ArrietaAitor AgirreGoiuria SagarduiMaite Arratibel,2023,https://link.springer.com/article/10.1007/s11219-023-09639-z,Article
Model Checking Python Programs with MSVL,Structured Object-Oriented Formal Language and Method,,,,10.1007/978-3-030-41418-4_15,Xinfeng ShuFengyun GaoWeiran GaoLili ZhangXiaobing WangLiang Zhao,2020,https://link.springer.com/chapter/10.1007/978-3-030-41418-4_15,Conference paper
Specification-Based Monitoring in&#xa0;C++,"Leveraging Applications of Formal Methods, Verification and Validation. Verification Principles",,,,10.1007/978-3-031-19849-6_5,Klaus Havelund,2022,https://link.springer.com/chapter/10.1007/978-3-031-19849-6_5,Conference paper
Formal Verification of a JavaCard Virtual Machine with Frama-C,Formal Methods,,,,10.1007/978-3-030-90870-6_23,Adel DjoudiMartin HánaNikolai Kosmatov,2021,https://link.springer.com/chapter/10.1007/978-3-030-90870-6_23,Conference paper
idDL2DL – Interval Syntax to&#xa0; $$d\mathcal {L}$$,Theoretical Aspects of Software Engineering,,,,10.1007/978-3-031-35257-7_14,Jaime SantosDaniel FigueiredoAlexandre Madeira,2023,https://link.springer.com/chapter/10.1007/978-3-031-35257-7_14,Conference paper
Property-Driven Code Obfuscations Reinterpreting Jones-Optimality in&#xa0;Abstract Interpretation,Static Analysis,,,,10.1007/978-3-031-22308-2_12,Roberto GiacobazziIsabella Mastroeni,2022,https://link.springer.com/chapter/10.1007/978-3-031-22308-2_12,Conference paper
Verifying Whiley Programs with Boogie,Journal of Automated Reasoning,,,,10.1007/s10817-022-09619-1,David J. PearceMark UttingLindsay Groves,2022,https://link.springer.com/article/10.1007/s10817-022-09619-1,Article
"A large-scale empirical study on mobile performance: energy, run-time and memory",Empirical Software Engineering,,,,10.1007/s10664-023-10391-y,Rui RuaJoão Saraiva,2023,https://link.springer.com/article/10.1007/s10664-023-10391-y,Article
Formal verification process of the compliance of a multicore AUTOSAR OS,Software Quality Journal,,,,10.1007/s11219-023-09626-4,Imane HaurJean-Luc BéchennecOlivier H. Roux,2023,https://link.springer.com/article/10.1007/s11219-023-09626-4,Article
Error Localization for&#xa0;Sequential Effect Systems,Static Analysis,,,,10.1007/978-3-031-44245-2_16,Colin S. GordonChaewon Yun,2023,https://link.springer.com/chapter/10.1007/978-3-031-44245-2_16,Conference paper
Reasoning About Regular Properties: A Comparative Study,Automated Deduction – CADE 29,,,,10.1007/978-3-031-38499-8_17,Tomáš FiedorLukáš HolíkMartin HruškaAdam RogalewiczJuraj SíčPavol Vargovčík,2023,https://link.springer.com/chapter/10.1007/978-3-031-38499-8_17,Conference paper
Explaining Safety Violations in Real-Time Systems,Formal Modeling and Analysis of Timed Systems,,,,10.1007/978-3-030-85037-1_7,Thomas MariThao DangGregor Gössler,2021,https://link.springer.com/chapter/10.1007/978-3-030-85037-1_7,Conference paper
PerformERL: a performance testing framework for erlang,Distributed Computing,,,,10.1007/s00446-022-00429-7,Walter CazzolaFrancesco CesariniLuca Tansini,2022,https://link.springer.com/article/10.1007/s00446-022-00429-7,Article
Optimizing Trans-Compilers in&#xa0;Runtime Verification Makes Sense – Sometimes,Theoretical Aspects of Software Engineering,,,,10.1007/978-3-031-10363-6_14,Hannes KallwiesMartin LeuckerMeiko PrilopMalte Schmitz,2022,https://link.springer.com/chapter/10.1007/978-3-031-10363-6_14,Conference paper
Building an open-source system test generation tool: lessons learned and empirical analyses with EvoMaster,Software Quality Journal,,,,10.1007/s11219-023-09620-w,Andrea ArcuriMan ZhangAsma BelhadiBogdan MarculescuAmid GolmohammadiJuan Pablo GaleottiSusruthan Seran,2023,https://link.springer.com/article/10.1007/s11219-023-09620-w,Article
Jajapy: A Learning Library for&#xa0;Stochastic Models,Quantitative Evaluation of Systems,,,,10.1007/978-3-031-43835-6_3,Raphaël ReynouardAnna IngólfsdóttirGiovanni Bacci,2023,https://link.springer.com/chapter/10.1007/978-3-031-43835-6_3,Conference paper
A Thread-Safe Term Library,"Leveraging Applications of Formal Methods, Verification and Validation. Verification Principles",,,,10.1007/978-3-031-19849-6_25,Jan Friso GrooteMaurice LaveauxP. H. M. van Spaendonck,2022,https://link.springer.com/chapter/10.1007/978-3-031-19849-6_25,Conference paper
"Time for All Programs, Not Just Real-Time Programs","Leveraging Applications of Formal Methods, Verification and Validation",,,,10.1007/978-3-030-89159-6_15,Edward A. LeeMarten Lohstroh,2021,https://link.springer.com/chapter/10.1007/978-3-030-89159-6_15,Conference paper
What constitutes debugging? An exploratory study of debugging episodes,Empirical Software Engineering,,,,10.1007/s10664-023-10352-5,Abdulaziz AlaboudiThomas D. LaToza,2023,https://link.springer.com/article/10.1007/s10664-023-10352-5,Article
A multi-model framework for semantically enhancing detection of quality-related bug report descriptions,Empirical Software Engineering,,,,10.1007/s10664-022-10280-w,Rrezarta KrasniqiHyunsook Do,2023,https://link.springer.com/article/10.1007/s10664-022-10280-w,Article
AMT: A Runtime Verification Tool of&#xa0;Video Streams,Runtime Verification,,,,10.1007/978-3-031-44267-4_16,Valentin BesnardMathieu HuetStoyan BivolarovNourredine SaadiGuillaume Cornard,2023,https://link.springer.com/chapter/10.1007/978-3-031-44267-4_16,Conference paper
Coverage visualization and analysis of net inscriptions in coloured Petri net models,Innovations in Systems and Software Engineering,,,,10.1007/s11334-023-00528-z,Faustin AhishakiyeJosé Ignacio Requeno JaraboLars Michael KristensenVolker Stolz,2023,https://link.springer.com/article/10.1007/s11334-023-00528-z,Article
Assessing the specification of modelling language semantics: a study on UML PSSM,Software Quality Journal,,,,10.1007/s11219-023-09617-5,Márton ElekesVince MolnárZoltán Micskei,2023,https://link.springer.com/article/10.1007/s11219-023-09617-5,Article
"Logics for Extensional, Locally Complete Analysis via Domain Refinements",Programming Languages and Systems,,,,10.1007/978-3-031-30044-8_1,Flavio AscariRoberto BruniRoberta Gori,2023,https://link.springer.com/chapter/10.1007/978-3-031-30044-8_1,Conference paper
Checking security compliance between models and code,Software and Systems Modeling,,,,10.1007/s10270-022-00991-5,Katja TumaSven PeldszusDaniel StrüberRiccardo ScandariatoJan Jürjens,2022,https://link.springer.com/article/10.1007/s10270-022-00991-5,Article
Automated Property-Based Testing from&#xa0;AADL Component Contracts,Formal Methods for Industrial Critical Systems,,,,10.1007/978-3-031-43681-9_8,John HatcliffJason BeltRobbyJacob LeggDanielle StewartTodd Carpenter,2023,https://link.springer.com/chapter/10.1007/978-3-031-43681-9_8,Conference paper
GBGallery : A benchmark and framework for game testing,Empirical Software Engineering,,,,10.1007/s10664-022-10158-x,Zhuo LiYuechen WuLei MaXiaofei XieYingfeng ChenChangjie Fan,2022,https://link.springer.com/article/10.1007/s10664-022-10158-x,Article
eMOP: A Maven Plugin for&#xa0;Evolution-Aware Runtime Verification,Runtime Verification,,,,10.1007/978-3-031-44267-4_20,Ayaka YorihiroPengyue JiangValeria MarquésBenjamin CarletonOwolabi Legunsen,2023,https://link.springer.com/chapter/10.1007/978-3-031-44267-4_20,Conference paper
"<span>AIBugHunter</span>: A Practical tool for predicting, classifying and repairing software vulnerabilities",Empirical Software Engineering,,,,10.1007/s10664-023-10346-3,Michael FuChakkrit TantithamthavornTrung LeYuki KumeVan NguyenDinh PhungJohn Grundy,2023,https://link.springer.com/article/10.1007/s10664-023-10346-3,Article
Afra: An Eclipse-Based Tool with&#xa0;Extensible Architecture for&#xa0;Modeling and&#xa0;Model Checking of&#xa0;Rebeca Family Models,Fundamentals of Software Engineering,,,,10.1007/978-3-031-42441-0_6,Ehsan KhamespanahMarjan SirjaniRamtin Khosravi,2023,https://link.springer.com/chapter/10.1007/978-3-031-42441-0_6,Conference paper
A formal component model for UML based on CSP aiming at compositional verification,Software and Systems Modeling,,,,10.1007/s10270-023-01127-z,Flávia FalcãoLucas LimaAugusto SampaioPedro Antonino,2023,https://link.springer.com/article/10.1007/s10270-023-01127-z,Article
A generic framework for representing and analyzing model concurrency,Software and Systems Modeling,,,,10.1007/s10270-022-01073-2,Steffen ZschalerErwan BousseJulien DeantoniBenoit Combemale,2023,https://link.springer.com/article/10.1007/s10270-022-01073-2,Article
Utilizing Rail Traffic Control Simulator in&#xa0;Verified Software Development Courses,"Composability, Comprehensibility and Correctness of Working Software",,,,10.1007/978-3-031-42833-3_4,Štefan Korečko,2023,https://link.springer.com/chapter/10.1007/978-3-031-42833-3_4,Conference paper
LISSU: Continuous Monitoring of SOA Communication with Constraint-Based Validation,SN Computer Science,,,,10.1007/s42979-022-01170-5,Johannes Theissen-LippMoritz KrögerBenedikt HeinrichsStefan Decker,2022,https://link.springer.com/article/10.1007/s42979-022-01170-5,Article
From Spot 2.0 to Spot 2.10: What’s New?,Computer Aided Verification,,,,10.1007/978-3-031-13188-2_9,Alexandre Duret-LutzEtienne RenaultMaximilien ColangeFlorian RenkinAlexandre Gbaguidi AissePhilipp Schlehuber-CaissierThomas MedioniAntoine MartinJérôme DuboisClément GillardHenrich Lauko,2022,https://link.springer.com/chapter/10.1007/978-3-031-13188-2_9,Conference paper
An Active Learning Approach to Synthesizing Program Contracts,Software Engineering and Formal Methods,,,,10.1007/978-3-031-47115-5_8,Sandip GhosalBengt JonssonPhilipp Rümmer,2023,https://link.springer.com/chapter/10.1007/978-3-031-47115-5_8,Conference paper
Automated test generation for <span>Scratch</span> programs,Empirical Software Engineering,,,,10.1007/s10664-022-10255-x,Adina DeinerPatric FeldmeierGordon FraserSebastian SchweiklWengran Wang,2023,https://link.springer.com/article/10.1007/s10664-022-10255-x,Article
RTMLton: An SML Runtime for Real-Time Systems,Practical Aspects of Declarative Languages,,,,10.1007/978-3-030-39197-3_8,Bhargav ShivkumarJeffrey MurphyLukasz Ziarek,2020,https://link.springer.com/chapter/10.1007/978-3-030-39197-3_8,Conference paper
Configurable Test System for RTOS,Programming and Computer Software,,,,10.1134/S0361768823040059,A. N. GodunovI. I. KhomenkovV. G. ShchepkovA. V. Khoroshilov,2023,https://link.springer.com/article/10.1134/S0361768823040059,Article
"Test smells 20 years later: detectability, validity, and reliability",Empirical Software Engineering,,,,10.1007/s10664-022-10207-5,Annibale PanichellaSebastiano PanichellaGordon FraserAnand Ashok SawantVincent J. Hellendoorn,2022,https://link.springer.com/article/10.1007/s10664-022-10207-5,Article
Description and Consistency Checking of Distributed Algorithms in UML Models Using Composite Structure and State Machine Diagrams,ITNG 2023 20th International Conference on Information Technology-New Generations,,,,10.1007/978-3-031-28332-1_23,Yu MantaKatsumi Wasaki,2023,https://link.springer.com/chapter/10.1007/978-3-031-28332-1_23,Conference paper
Disjunctive Delimited Control,Logic-Based Program Synthesis and Transformation,,,,10.1007/978-3-030-98869-2_5,Alexander VandenbrouckeTom Schrijvers,2022,https://link.springer.com/chapter/10.1007/978-3-030-98869-2_5,Conference paper
Symbolic Transformation of Expressions in Modular Arithmetic,Static Analysis,,,,10.1007/978-3-031-44245-2_6,Jérôme BoillotJérôme Feret,2023,https://link.springer.com/chapter/10.1007/978-3-031-44245-2_6,Conference paper
Programming event monitors,International Journal on Software Tools for Technology Transfer,,,,10.1007/s10009-023-00706-1,Klaus HavelundGerard J. Holzmann,2023,https://link.springer.com/article/10.1007/s10009-023-00706-1,Article
An Experimental Evaluation of&#xa0;Tools for&#xa0;Grading Concurrent Programming Exercises,"Formal Techniques for Distributed Objects, Components, and Systems",,,,10.1007/978-3-031-35355-0_1,Manuel BarrosMaria RamosAlexandre GomesAlcino CunhaJosé PereiraPaulo Sérgio Almeida,2023,https://link.springer.com/chapter/10.1007/978-3-031-35355-0_1,Conference paper
Incremental Rewriting Modulo SMT,Automated Deduction – CADE 29,,,,10.1007/978-3-031-38499-8_32,Gerald WhittersVivek NigamCarolyn Talcott,2023,https://link.springer.com/chapter/10.1007/978-3-031-38499-8_32,Conference paper
Enhanced S2E for Analysis of Multi-Thread Software,Programming and Computer Software,,,,10.1134/S0361768823090074,F. V. NiskovE. A. KutovoySh. F. Kurmangaleev,2023,https://link.springer.com/article/10.1134/S0361768823090074,Article
Verifying Compiler Optimisations,Formal Methods and Software Engineering,,,,10.1007/978-981-99-7584-6_1,Ian J. HayesMark UttingBrae J. Webb,2023,https://link.springer.com/chapter/10.1007/978-981-99-7584-6_1,Conference paper
Ghost Code in Action: Automated Verification of a Symbolic Interpreter,"Verified Software. Theories, Tools, and Experiments",,,,10.1007/978-3-030-41600-3_8,Benedikt BeckerClaude Marché,2020,https://link.springer.com/chapter/10.1007/978-3-030-41600-3_8,Conference paper
Shifting Left for&#xa0;Early Detection of&#xa0;Machine-Learning Bugs,Formal Methods,,,,10.1007/978-3-031-27481-7_33,Ben LiblitLinghui LuoAlejandro MolinaRajdeep MukherjeeZachary PattersonGoran PiskachevMartin SchäfOmer TrippWillem Visser,2023,https://link.springer.com/chapter/10.1007/978-3-031-27481-7_33,Conference paper
Formal Specification and&#xa0;Verification of&#xa0;JDK’s Identity Hash Map Implementation,Integrated Formal Methods,,,,10.1007/978-3-031-07727-2_4,Martin de BoerStijn de GouwJonas KlamrothChristian JungMattias UlbrichAlexander Weigl,2022,https://link.springer.com/chapter/10.1007/978-3-031-07727-2_4,Conference paper
How effective are existing Java API specifications for finding bugs during runtime verification?,Automated Software Engineering,,,,10.1007/s10515-019-00267-1,Owolabi LegunsenNader Al AwarXinyue XuWajih Ul HassanGrigore RoşuDarko Marinov,2019,https://link.springer.com/article/10.1007/s10515-019-00267-1,Article
Separating Separation Logic – Modular Verification of&#xa0;Red-Black Trees,"Verified Software. Theories, Tools and Experiments.",,,,10.1007/978-3-031-25803-9_8,Gerhard SchellhornStefan BodenmüllerMartin BitterlichWolfgang Reif,2023,https://link.springer.com/chapter/10.1007/978-3-031-25803-9_8,Conference paper
HStriver: A Very Functional Extensible Tool for the Runtime Verification of Real-Time Event Streams,Formal Methods,,,,10.1007/978-3-030-90870-6_30,Felipe GorostiagaCésar Sánchez,2021,https://link.springer.com/chapter/10.1007/978-3-030-90870-6_30,Conference paper
An interview study about the use of logs in embedded software engineering,Empirical Software Engineering,,,,10.1007/s10664-022-10258-8,Nan YangPieter CuijpersDennis HendriksRamon SchiffelersJohan LukkienAlexander Serebrenik,2023,https://link.springer.com/article/10.1007/s10664-022-10258-8,Article
HHLPy: Practical Verification of&#xa0;Hybrid Systems Using Hoare Logic,Formal Methods,,,,10.1007/978-3-031-27481-7_11,Huanhuan ShengAlexander BentkampBohua Zhan,2023,https://link.springer.com/chapter/10.1007/978-3-031-27481-7_11,Conference paper
Specification and automated verification of atomic concurrent real-time transactions,Software and Systems Modeling,,,,10.1007/s10270-020-00819-0,Simin CaiBarbara GallinaDag NyströmCristina Seceleanu,2020,https://link.springer.com/article/10.1007/s10270-020-00819-0,Article
A More Pragmatic CDCL for&#xa0;IsaSAT and&#xa0;Targetting LLVM (Short Paper),Automated Deduction – CADE 29,,,,10.1007/978-3-031-38499-8_12,Mathias FleuryPeter Lammich,2023,https://link.springer.com/chapter/10.1007/978-3-031-38499-8_12,Conference paper
Formal model-driven executable DSLs,Innovations in Systems and Software Engineering,,,,10.1007/s11334-021-00408-4,Akram Idani,2021,https://link.springer.com/article/10.1007/s11334-021-00408-4,Article
Safe reuse in modelling language engineering using model subtyping with OCL constraints,Software and Systems Modeling,,,,10.1007/s10270-022-01028-7,Artur Boronat,2022,https://link.springer.com/article/10.1007/s10270-022-01028-7,Article
Machine-Checked Executable Semantics of&#xa0;Stateflow,Formal Methods  and Software Engineering,,,,10.1007/978-3-031-17244-1_25,Shicheng YiShuling WangBohua ZhanNaijun Zhan,2022,https://link.springer.com/chapter/10.1007/978-3-031-17244-1_25,Conference paper
Slang: The Sireum Programming Language,"Leveraging Applications of Formal Methods, Verification and Validation",,,,10.1007/978-3-030-89159-6_17,RobbyJohn Hatcliff,2021,https://link.springer.com/chapter/10.1007/978-3-030-89159-6_17,Conference paper
Shelley: A Framework for&#xa0;Model Checking Call Ordering on&#xa0;Hierarchical Systems,Coordination Models and Languages,,,,10.1007/978-3-031-35361-1_5,Carlos Mão de FerroTiago CogumbreiroFrancisco Martins,2023,https://link.springer.com/chapter/10.1007/978-3-031-35361-1_5,Conference paper
Runtime verification of real-time event streams under non-synchronized arrival,Software Quality Journal,,,,10.1007/s11219-019-09493-y,Martin LeuckerCésar SánchezTorben ScheffelMalte SchmitzAlexander Schramm,2020,https://link.springer.com/article/10.1007/s11219-019-09493-y,Article
Semantics-driven extraction of timed automata from Java programs,Empirical Software Engineering,,,,10.1007/s10664-019-09699-5,Giovanni LivaMuhammad Taimoor KhanMartin Pinzger,2019,https://link.springer.com/article/10.1007/s10664-019-09699-5,Article
Differential testing for machine learning: an analysis for classification algorithms beyond deep learning,Empirical Software Engineering,,,,10.1007/s10664-022-10273-9,Steffen HerboldSteffen Tunkel,2023,https://link.springer.com/article/10.1007/s10664-022-10273-9,Article
LLMC: Verifying High-Performance Software,Computer Aided Verification,,,,10.1007/978-3-030-81688-9_32,Freark I. van der Berg,2021,https://link.springer.com/chapter/10.1007/978-3-030-81688-9_32,Conference paper
The Discourje project: run-time verification of communication protocols in Clojure,International Journal on Software Tools for Technology Transfer,,,,10.1007/s10009-022-00674-y,Ruben HamersErik HorlingsSung-Shik Jongmans,2022,https://link.springer.com/article/10.1007/s10009-022-00674-y,Article
The $$\aleph $$ -Calculus,Reversible Computation,,,,10.1007/978-3-031-09005-9_11,Hannah Earley,2022,https://link.springer.com/chapter/10.1007/978-3-031-09005-9_11,Conference paper
Efficient Convex Zone Merging in&#xa0;Parametric Timed Automata,Formal Modeling and Analysis of Timed Systems,,,,10.1007/978-3-031-15839-1_12,Étienne AndréDylan MarinhoLaure PetrucciJaco van de Pol,2022,https://link.springer.com/chapter/10.1007/978-3-031-15839-1_12,Conference paper
Overcoming Memory Weakness with&#xa0;Unified Fairness,Computer Aided Verification,,,,10.1007/978-3-031-37706-8_10,Parosh Aziz AbdullaMohamed Faouzi AtigAdwait GodboleShankaranarayanan KrishnaMihir Vahanwala,2023,https://link.springer.com/chapter/10.1007/978-3-031-37706-8_10,Conference paper
Efficient Bounded Exhaustive Input Generation from Program APIs,Fundamental Approaches to Software Engineering,,,,10.1007/978-3-031-30826-0_6,Mariano PolitanoValeria BengoleaFacundo MolinaNazareno AguirreMarcelo F. FriasPablo Ponzio,2023,https://link.springer.com/chapter/10.1007/978-3-031-30826-0_6,Conference paper
Automatic Repair for Network Programs,Tools and Algorithms for the Construction and Analysis of Systems,,,,10.1007/978-3-030-99527-0_19,Lei ShiYuepeng WangRajeev AlurBoon Thau Loo,2022,https://link.springer.com/chapter/10.1007/978-3-030-99527-0_19,Conference paper
A Notion of&#xa0;Equivalence for&#xa0;Refactorings with&#xa0;Abstract Execution,"Leveraging Applications of Formal Methods, Verification and Validation. Software Engineering",,,,10.1007/978-3-031-19756-7_15,Ole Jørgen AbusdalEduard KamburjanViolet Ka I. PunVolker Stolz,2022,https://link.springer.com/chapter/10.1007/978-3-031-19756-7_15,Conference paper
From Verified Scala to&#xa0;STIX File System Embedded Code Using Stainless,NASA Formal Methods,,,,10.1007/978-3-031-06773-0_21,Jad HamzaSimon FelixViktor KunčakIvo NussbaumerFilip Schramka,2022,https://link.springer.com/chapter/10.1007/978-3-031-06773-0_21,Conference paper
A Toolkit for&#xa0;Automated Testing of&#xa0;Dafny,NASA Formal Methods,,,,10.1007/978-3-031-33170-1_24,Aleksandr FedchinTyler DeanJeffrey S. FosterEric MercerZvonimir RakamarićGiles RegerNeha RungtaRobin SalkeldLucas WagnerCassidy Waldrip,2023,https://link.springer.com/chapter/10.1007/978-3-031-33170-1_24,Conference paper
MATTER: A tool for generating end-to-end IoT test scripts,Software Quality Journal,,,,10.1007/s11219-021-09565-y,Dario OlianasMaurizio LeottaFilippo Ricca,2021,https://link.springer.com/article/10.1007/s11219-021-09565-y,Article
Formal reconfiguration model for cloud resources,Software and Systems Modeling,,,,10.1007/s10270-022-00990-6,Aida LahouijLazhar HamelMohamed Graiet,2022,https://link.springer.com/article/10.1007/s10270-022-00990-6,Article
AALpy: An Active Automata Learning Library,Automated Technology for Verification and Analysis,,,,10.1007/978-3-030-88885-5_5,Edi MuškardinBernhard K. AichernigIngo PillAndrea PferscherMartin Tappler,2021,https://link.springer.com/chapter/10.1007/978-3-030-88885-5_5,Conference paper
Is deep learning good enough for software defect prediction?,Innovations in Systems and Software Engineering,,,,10.1007/s11334-023-00542-1,Sushant Kumar PandeyArya HaldarAnil Kumar Tripathi,2023,https://link.springer.com/article/10.1007/s11334-023-00542-1,Article
Learning how to search: generating effective test cases through adaptive fitness function selection,Empirical Software Engineering,,,,10.1007/s10664-021-10048-8,Hussein AlmullaGregory Gay,2022,https://link.springer.com/article/10.1007/s10664-021-10048-8,Article
Experience report on the application of genetic algorithms to reduce costs of the software validation process in the automotive sector during an engine control unit project,Software Quality Journal,,,,10.1007/s11219-021-09582-x,Pedro Miguel Ortega-CabezasAntonio Colmenar-SantosDavid Borge-DiezJorge Juan Blanes-PeiróJorge Higuera-PérezEric Alcaide,2022,https://link.springer.com/article/10.1007/s11219-021-09582-x,Article
"<Emphasis FontCategory=""SansSerif"">DivSIM</Emphasis> , an interactive simulator for <Emphasis FontCategory=""SansSerif"">LLVM</Emphasis> bitcode",International Journal on Software Tools for Technology Transfer,,,,10.1007/s10009-022-00659-x,Petr RočkaiJiří Barnat,2022,https://link.springer.com/article/10.1007/s10009-022-00659-x,Article
ANCHOR: locating android framework-specific crashing faults,Automated Software Engineering,,,,10.1007/s10515-021-00290-1,Pingfan KongLi LiJun GaoTimothée RiomYanjie ZhaoTegawendé F. BissyandéJacques Klein,2021,https://link.springer.com/article/10.1007/s10515-021-00290-1,Article
Automated Software Testing Technologies for Realistic Computer Graphics,Programming and Computer Software,,,,10.1134/S0361768820080034,E. Yu. DenisovA. G. VoloboyE. D. BiryukovM. S. KopylovI. A. Kalugina,2021,https://link.springer.com/article/10.1134/S0361768820080034,Article
cvc5: A Versatile and Industrial-Strength SMT Solver,Tools and Algorithms for the Construction and Analysis of Systems,,,,10.1007/978-3-030-99524-9_24,Haniel BarbosaClark BarrettMartin BrainGereon KremerHanna LachnittMakai MannAbdalrhman MohamedMudathir MohamedAina NiemetzAndres NötzliAlex OzdemirMathias PreinerAndrew ReynoldsYing ShengCesare TinelliYoni Zohar,2022,https://link.springer.com/chapter/10.1007/978-3-030-99524-9_24,Conference paper
Formal Verification of&#xa0;the&#xa0;Burn-to-Claim Blockchain Interoperable Protocol,Formal Methods and Software Engineering,,,,10.1007/978-981-99-7584-6_15,Babu PillaiZhé HóuKamanashis BiswasVallipuram Muthukkumarasamy,2023,https://link.springer.com/chapter/10.1007/978-981-99-7584-6_15,Conference paper
Formally verified bundling and appraisal of evidence for layered attestations,Innovations in Systems and Software Engineering,,,,10.1007/s11334-022-00475-1,Adam PetzPerry Alexander,2022,https://link.springer.com/article/10.1007/s11334-022-00475-1,Article
Active Learning of&#xa0;Deterministic Timed Automata with&#xa0;Myhill-Nerode Style Characterization,Computer Aided Verification,,,,10.1007/978-3-031-37706-8_1,Masaki Waga,2023,https://link.springer.com/chapter/10.1007/978-3-031-37706-8_1,Conference paper
RulEth: Genetic Programming-Driven Derivation of&#xa0;Security Rules for&#xa0;Automotive Ethernet,Machine Learning and Knowledge Discovery in Databases: Applied Data Science and Demo Track,,,,10.1007/978-3-031-43430-3_12,Felix Clemens GailRoland RiekeFlorian Fenzl,2023,https://link.springer.com/chapter/10.1007/978-3-031-43430-3_12,Conference paper
Search-based fairness testing for regression-based machine learning systems,Empirical Software Engineering,,,,10.1007/s10664-022-10116-7,Anjana PereraAldeida AletiChakkrit TantithamthavornJirayus JiarpakdeeBurak TurhanLisa KuhnKatie Walker,2022,https://link.springer.com/article/10.1007/s10664-022-10116-7,Article
Machine learning-based test selection for simulation-based testing of self-driving cars software,Empirical Software Engineering,,,,10.1007/s10664-023-10286-y,Christian BirchlerSajad KhatiriBill BosshardAlessio GambiSebastiano Panichella,2023,https://link.springer.com/article/10.1007/s10664-023-10286-y,Article
Static Garbage Collection,Implementation and Application of Automata,,,,10.1007/978-3-030-23679-3_1,Sebastian Maneth,2019,https://link.springer.com/chapter/10.1007/978-3-030-23679-3_1,Conference paper
Evaluating classifiers in SE research: the ECSER pipeline and two replication studies,Empirical Software Engineering,,,,10.1007/s10664-022-10243-1,Davide Dell’AnnaFatma Başak AydemirFabiano Dalpiaz,2022,https://link.springer.com/article/10.1007/s10664-022-10243-1,Article
Towards Fast Nominal Anti-unification of&#xa0;Letrec-Expressions,Automated Deduction – CADE 29,,,,10.1007/978-3-031-38499-8_26,Manfred Schmidt-SchaußDaniele Nantes-Sobrinho,2023,https://link.springer.com/chapter/10.1007/978-3-031-38499-8_26,Conference paper
Better Late Than Never or: Verifying Asynchronous Components at Runtime,"Formal Techniques for Distributed Objects, Components, and Systems",,,,10.1007/978-3-030-78089-0_14,Duncan Paul AttardLuca AcetoAntonis AchilleosAdrian FrancalanzaAnna IngólfsdóttirKaroliina Lehtinen,2021,https://link.springer.com/chapter/10.1007/978-3-030-78089-0_14,Conference paper
QMaude: Quantitative Specification and&#xa0;Verification in&#xa0;Rewriting Logic,Formal Methods,,,,10.1007/978-3-031-27481-7_15,Rubén RubioNarciso Martí-OlietIsabel PitaAlberto Verdejo,2023,https://link.springer.com/chapter/10.1007/978-3-031-27481-7_15,Conference paper
The probabilistic model checker <span>Storm</span>,International Journal on Software Tools for Technology Transfer,,,,10.1007/s10009-021-00633-z,Christian HenselSebastian JungesJoost-Pieter KatoenTim QuatmannMatthias Volk,2021,https://link.springer.com/article/10.1007/s10009-021-00633-z,Article
Improving timing analysis effectiveness for scenario-based specifications by combining SAT and LP techniques,Software and Systems Modeling,,,,10.1007/s10270-022-00980-8,Longlong LuMinxue PanTian ZhangXuandong Li,2022,https://link.springer.com/article/10.1007/s10270-022-00980-8,Article
Operation Caching and&#xa0;State Compression for&#xa0;Model Checking of&#xa0;High-Level Models,Integrated Formal Methods,,,,10.1007/978-3-031-07727-2_8,Michael Leuschel,2022,https://link.springer.com/chapter/10.1007/978-3-031-07727-2_8,Conference paper
Randomized Reachability Analysis in Uppaal: Fast Error Detection in Timed Systems,Formal Methods for Industrial Critical Systems,,,,10.1007/978-3-030-85248-1_9,Andrej KivirigaKim Guldstrand LarsenUlrik Nyman,2021,https://link.springer.com/chapter/10.1007/978-3-030-85248-1_9,Conference paper
Pick &amp; Mix Isolation Levels: Mixed Serialization Graph Testing,Performance Evaluation and Benchmarking,,,,10.1007/978-3-031-29576-8_1,Jack WaudbyPaul EzhilchelvanJim Webber,2023,https://link.springer.com/chapter/10.1007/978-3-031-29576-8_1,Conference paper
Towards Model Checking Video Streams Using VoxLogicA on&#xa0;GPUs,From Data to Models and Back,,,,10.1007/978-3-031-16011-0_6,Laura BussiVincenzo CianciaFabio GadducciDiego LatellaMieke Massink,2022,https://link.springer.com/chapter/10.1007/978-3-031-16011-0_6,Conference paper
Selectively-Amortized Resource Bounding,Static Analysis,,,,10.1007/978-3-030-88806-0_14,Tianhan LuBor-Yuh Evan ChangAshutosh Trivedi,2021,https://link.springer.com/chapter/10.1007/978-3-030-88806-0_14,Conference paper
Verification and Simulation of Time-Domain Properties for Models of Behaviour,Model-Driven Engineering and Software Development,,,,10.1007/978-3-030-67445-8_10,Miguel CarrilloVladimir Estivill-CastroDavid A. Rosenblueth,2021,https://link.springer.com/chapter/10.1007/978-3-030-67445-8_10,Conference paper
FTFL: A Fisher’s test-based approach for fault localization,Innovations in Systems and Software Engineering,,,,10.1007/s11334-021-00403-9,Arpita DuttaKrishna KunalSaksham Sahai SrivastavaShubham ShankarRajib Mall,2021,https://link.springer.com/article/10.1007/s11334-021-00403-9,Article
<span>CsmithEdge</span>: more effective compiler testing by handling undefined behaviour less conservatively,Empirical Software Engineering,,,,10.1007/s10664-022-10146-1,Karine Even-MendozaCristian CadarAlastair F. Donaldson,2022,https://link.springer.com/article/10.1007/s10664-022-10146-1,Article
Minimum Time Extrema Estimation for Large-Scale Radio-Frequency Identification Systems,Journal of Computer Science and Technology,,,,10.1007/s11390-020-9828-3,Xiao-Jun ZhuLi-Jie XuXiao-Bing WuBing Chen,2020,https://link.springer.com/article/10.1007/s11390-020-9828-3,Article
Revolutionizing software developmental processes by utilizing continuous software approaches,The Journal of Supercomputing,,,,10.1007/s11227-023-05818-8,Habib Ullah KhanWaseem AfsarShah NazirAsra NoorMahwish KundiMashael MaashiHaya Mesfer Alshahrani,2023,https://link.springer.com/article/10.1007/s11227-023-05818-8,Article
A compositional framework for algebraic quantitative online monitoring over continuous-time signals,International Journal on Software Tools for Technology Transfer,,,,10.1007/s10009-023-00719-w,Konstantinos MamourasAgnishom ChattopadhyayZhifu Wang,2023,https://link.springer.com/article/10.1007/s10009-023-00719-w,Article
Improving the prediction of continuous integration build failures using deep learning,Automated Software Engineering,,,,10.1007/s10515-021-00319-5,Islem SaidaniAli OuniMohamed Wiem Mkaouer,2022,https://link.springer.com/article/10.1007/s10515-021-00319-5,Article
<span>EdSketch</span>: execution-driven sketching for Java,International Journal on Software Tools for Technology Transfer,,,,10.1007/s10009-019-00512-8,Jinru HuaYushan ZhangYuqun ZhangSarfraz Khurshid,2019,https://link.springer.com/article/10.1007/s10009-019-00512-8,Article
Symbiotic 9: String Analysis and Backward Symbolic Execution with Loop Folding,Tools and Algorithms for the Construction and Analysis of Systems,,,,10.1007/978-3-030-99527-0_32,Marek ChalupaVincent MihalkovičAnna ŘechtáčkováLukáš ZaoralJan Strejček,2022,https://link.springer.com/chapter/10.1007/978-3-030-99527-0_32,Conference paper
Be Lazy and&#xa0;Don’t Care: Faster CTL Model Checking for&#xa0;Recursive State Machines,Software Engineering and Formal Methods,,,,10.1007/978-3-030-92124-8_19,Clemens DubslaffPatrick WienhöftAnsgar Fehnker,2021,https://link.springer.com/chapter/10.1007/978-3-030-92124-8_19,Conference paper
PFMC: A Parallel Symbolic Model Checker for&#xa0;Security Protocol Verification,Formal Methods  and Software Engineering,,,,10.1007/978-3-031-17244-1_11,Alex JamesAlwen TiuNisansala Yatapanage,2022,https://link.springer.com/chapter/10.1007/978-3-031-17244-1_11,Conference paper
Safe Asynchronous Mixed-Choice for&#xa0;Timed Interactions,Coordination Models and Languages,,,,10.1007/978-3-031-35361-1_12,Jonah PearsLaura BocchiAndy King,2023,https://link.springer.com/chapter/10.1007/978-3-031-35361-1_12,Conference paper
The Static Analyzer Frama-C in SV-COMP (Competition Contribution),Tools and Algorithms for the Construction and Analysis of Systems,,,,10.1007/978-3-030-99527-0_26,Dirk BeyerMartin Spiessl,2022,https://link.springer.com/chapter/10.1007/978-3-030-99527-0_26,Conference paper
Parallel Program Analysis via Range Splitting,Fundamental Approaches to Software Engineering,,,,10.1007/978-3-031-30826-0_11,Jan HaltermannMarie-Christine JakobsCedric RichterHeike Wehrheim,2023,https://link.springer.com/chapter/10.1007/978-3-031-30826-0_11,Conference paper
VeyMont: Parallelising Verified Programs Instead of&#xa0;Verifying Parallel Programs,Formal Methods,,,,10.1007/978-3-031-27481-7_19,Petra van den BosSung-Shik Jongmans,2023,https://link.springer.com/chapter/10.1007/978-3-031-27481-7_19,Conference paper
Applying test case prioritization to software microbenchmarks,Empirical Software Engineering,,,,10.1007/s10664-021-10037-x,Christoph LaaberHarald C. GallPhilipp Leitner,2021,https://link.springer.com/article/10.1007/s10664-021-10037-x,Article
A Sound Strategy to&#xa0;Compile General Recursion into&#xa0;Finite Depth Pattern Matching,Formal Methods: Foundations and Applications,,,,10.1007/978-3-031-22476-8_3,Maycon J. J. AmaroSamuel S. FeitosaRodrigo G. Ribeiro,2022,https://link.springer.com/chapter/10.1007/978-3-031-22476-8_3,Conference paper
Decision Procedures for&#xa0;Sequence Theories,Computer Aided Verification,,,,10.1007/978-3-031-37703-7_2,Artur JeżAnthony W. LinOliver MarkgrafPhilipp Rümmer,2023,https://link.springer.com/chapter/10.1007/978-3-031-37703-7_2,Conference paper
SmartFast: an accurate and robust formal analysis tool for Ethereum smart contracts,Empirical Software Engineering,,,,10.1007/s10664-022-10218-2,Zhaoxuan LiSiqi LuRui ZhangRui XueWenqiu MaRujin LiangZiming ZhaoSheng Gao,2022,https://link.springer.com/article/10.1007/s10664-022-10218-2,Article
A Clean and Efficient Implementation of Choreography Synthesis for Behavioural Contracts,Coordination Models and Languages,,,,10.1007/978-3-030-78142-2_14,Davide BasileMaurice H. ter Beek,2021,https://link.springer.com/chapter/10.1007/978-3-030-78142-2_14,Conference paper
Decoupled Fitness Criteria for&#xa0;Reactive Systems,Software Engineering and Formal Methods,,,,10.1007/978-3-031-47115-5_6,Derek EgolfStavros Tripakis,2023,https://link.springer.com/chapter/10.1007/978-3-031-47115-5_6,Conference paper
Executable Documentation: Test-First in&#xa0;Action,"Leveraging Applications of Formal Methods, Verification and Validation. Software Engineering",,,,10.1007/978-3-031-19756-7_8,Steven SmythJette PetzoldJonas SchürmannFlorian KarbusTiziana MargariaReinhard von HanxledenBernhard Steffen,2022,https://link.springer.com/chapter/10.1007/978-3-031-19756-7_8,Conference paper
SixthSense: Debugging Convergence Problems in Probabilistic Programs via Program Representation Learning,Fundamental Approaches to Software Engineering,,,,10.1007/978-3-030-99429-7_7,Saikat DuttaZixin HuangSasa Misailovic,2022,https://link.springer.com/chapter/10.1007/978-3-030-99429-7_7,Conference paper
Comparing ML-Based Predictions and&#xa0;Static Analyzer Tools for&#xa0;Vulnerability Detection,Computational Science and Its Applications – ICCSA 2022 Workshops,,,,10.1007/978-3-031-10542-5_7,Norbert VándorBalázs MosolygóPéter Hegelűs,2022,https://link.springer.com/chapter/10.1007/978-3-031-10542-5_7,Conference paper
Runtime Verification of&#xa0;Correct-by-Construction Driving Maneuvers,"Leveraging Applications of Formal Methods, Verification and Validation. Verification Principles",,,,10.1007/978-3-031-19849-6_15,Alexander KittelmannTobias RungeTabea BordisIna Schaefer,2022,https://link.springer.com/chapter/10.1007/978-3-031-19849-6_15,Conference paper
An Empirical Comparison of&#xa0;EvoSuite and&#xa0;DSpot for&#xa0;Improving Developer-Written Test Suites with&#xa0;Respect to&#xa0;Mutation Score,Search-Based Software Engineering,,,,10.1007/978-3-031-21251-2_2,Muhammad Firhard RoslanJosé Miguel RojasPhil McMinn,2022,https://link.springer.com/chapter/10.1007/978-3-031-21251-2_2,Conference paper
QUARE: towards a question-answering model for requirements elicitation,Automated Software Engineering,,,,10.1007/s10515-023-00386-w,Johnathan Mauricio Calle GallegoCarlos Mario Zapata Jaramillo,2023,https://link.springer.com/article/10.1007/s10515-023-00386-w,Article
The Trusted Computing Base of the CompCert Verified Compiler,Programming Languages and Systems,,,,10.1007/978-3-030-99336-8_8,David MonniauxSylvain Boulmé,2022,https://link.springer.com/chapter/10.1007/978-3-030-99336-8_8,Conference paper
Security Testing of Android Apps Using Malware Analysis and XGboost Optimized by Adaptive Particle Swarm Optimization,SN Computer Science,,,,10.1007/s42979-023-02411-x,Pawan KumarSukhdip Singh,2023,https://link.springer.com/article/10.1007/s42979-023-02411-x,Article
Halfway Generic Verification of Railway Control Systems,"Reliability, Safety, and Security of Railway Systems. Modelling, Analysis, Verification, and Certification",,,,10.1007/978-3-031-43366-5_11,Gustav ZickertNikitas Stathatos,2023,https://link.springer.com/chapter/10.1007/978-3-031-43366-5_11,Conference paper
ARENA: Enhancing Abstract Refinement for&#xa0;Neural Network Verification,"Verification, Model Checking, and Abstract Interpretation",,,,10.1007/978-3-031-24950-1_17,Yuyi ZhongQuang-Trung TaSiau-Cheng Khoo,2023,https://link.springer.com/chapter/10.1007/978-3-031-24950-1_17,Conference paper
ReSuMo: a regression strategy and tool for mutation testing of solidity smart contracts,Software Quality Journal,,,,10.1007/s11219-023-09637-1,Morena BarboniAndrea MorichettaAndrea PoliniFrancesco Casoni,2023,https://link.springer.com/article/10.1007/s11219-023-09637-1,Article
Deductive Verification of&#xa0;Smart Contracts with&#xa0;Dafny,Formal Methods for Industrial Critical Systems,,,,10.1007/978-3-031-15008-1_5,Franck CassezJoanne FullerHoracio Mijail Antón Quiles,2022,https://link.springer.com/chapter/10.1007/978-3-031-15008-1_5,Conference paper
Verifiable and Scalable Mission-Plan Synthesis for Autonomous Agents,Formal Methods for Industrial Critical Systems,,,,10.1007/978-3-030-58298-2_2,Rong GuEduard EnoiuCristina SeceleanuKristina Lundqvist,2020,https://link.springer.com/chapter/10.1007/978-3-030-58298-2_2,Conference paper
Probabilistic Mission Planning and Analysis for Multi-agent Systems,"Leveraging Applications of Formal Methods, Verification and Validation: Verification Principles",,,,10.1007/978-3-030-61362-4_20,Rong GuEduard EnoiuCristina SeceleanuKristina Lundqvist,2020,https://link.springer.com/chapter/10.1007/978-3-030-61362-4_20,Conference paper
Silent bugs in deep learning frameworks: an empirical study of Keras and TensorFlow,Empirical Software Engineering,,,,10.1007/s10664-023-10389-6,Florian TambonAmin NikanjamLe AnFoutse KhomhGiuliano Antoniol,2023,https://link.springer.com/article/10.1007/s10664-023-10389-6,Article
Model Checking Java Programs with MSVL,Structured Object-Oriented Formal Language and Method,,,,10.1007/978-3-030-13651-2_6,Xinfeng ShuNa LuoBo WangXiaobing WangLiang Zhao,2019,https://link.springer.com/chapter/10.1007/978-3-030-13651-2_6,Conference paper
Quantum Services Generation and&#xa0;Deployment Process: A Quality-Oriented Approach,Quality of Information and Communications Technology,,,,10.1007/978-3-031-43703-8_15,Jaime Alvarado-ValienteJavier Romero-ÁlvarezAna DíazMoisés RodríguezIgnacio García-RodríguezEnrique MoguelJose Garcia-AlonsoJuan M. Murillo,2023,https://link.springer.com/chapter/10.1007/978-3-031-43703-8_15,Conference paper
Bounded DBM-based clock state construction for timed automata in Uppaal,International Journal on Software Tools for Technology Transfer,,,,10.1007/s10009-022-00667-x,Sascha LehmannSibylle Schupp,2022,https://link.springer.com/article/10.1007/s10009-022-00667-x,Article
Verifying the&#xa0;Correctness of&#xa0;HPC Performance Monitoring Data,Parallel Computing Technologies,,,,10.1007/978-3-031-41673-6_15,Danil KashinVadim Voevodin,2023,https://link.springer.com/chapter/10.1007/978-3-031-41673-6_15,Conference paper
Implementing QVT-R via semantic interpretation in UML-RSDS,Software and Systems Modeling,,,,10.1007/s10270-020-00824-3,K. LanoS. Kolahdouz-Rahimi,2020,https://link.springer.com/article/10.1007/s10270-020-00824-3,Article
Automatic Generation of&#xa0;Verified Concurrent Hardware Using VHDL,Formal Methods: Foundations and Applications,,,,10.1007/978-3-031-22476-8_4,Luciano SilvaMarcel Oliveira,2022,https://link.springer.com/chapter/10.1007/978-3-031-22476-8_4,Conference paper
<span>BarrierFinder</span>: recognizing ad hoc barriers,Empirical Software Engineering,,,,10.1007/s10664-020-09862-3,Tao WangXiao YuZhengyi QiuGuoliang JinFrank Mueller,2020,https://link.springer.com/article/10.1007/s10664-020-09862-3,Article
Theorem Proving for&#xa0;Maude Specifications Using Lean,Formal Methods  and Software Engineering,,,,10.1007/978-3-031-17244-1_16,Rubén RubioAdrián Riesco,2022,https://link.springer.com/chapter/10.1007/978-3-031-17244-1_16,Conference paper
Dash: declarative behavioural modelling in Alloy with control state hierarchy,Software and Systems Modeling,,,,10.1007/s10270-022-01012-1,Jose SernaNancy A. DayShahram Esmaeilsabzali,2022,https://link.springer.com/article/10.1007/s10270-022-01012-1,Article
Experimenting with&#xa0;Formal Verification and&#xa0;Model-Based Development in&#xa0;Railways: The Case of&#xa0;UMC and&#xa0;Sparx Enterprise Architect,Formal Methods for Industrial Critical Systems,,,,10.1007/978-3-031-43681-9_1,Davide BasileFranco MazzantiAlessio Ferrari,2023,https://link.springer.com/chapter/10.1007/978-3-031-43681-9_1,Conference paper
Satisfiability Modulo Finite Fields,Computer Aided Verification,,,,10.1007/978-3-031-37703-7_8,Alex OzdemirGereon KremerCesare TinelliClark Barrett,2023,https://link.springer.com/chapter/10.1007/978-3-031-37703-7_8,Conference paper
A Learning Classifier System for Automated Test Case Prioritization and Selection,SN Computer Science,,,,10.1007/s42979-022-01255-1,Lukas RosenbauerDavid PätzelAnthony SteinJörg Hähner,2022,https://link.springer.com/article/10.1007/s42979-022-01255-1,Article
Complete Property-Oriented Module Testing,Testing Software and Systems,,,,10.1007/978-3-031-43240-8_12,Felix BrüningMario GleirscherWen-ling HuangNiklas KrafczykJan PeleskaRobert Sachtleben,2023,https://link.springer.com/chapter/10.1007/978-3-031-43240-8_12,Conference paper
An Architecture for&#xa0;Attesting to&#xa0;the&#xa0;Provenance of&#xa0;Ontologies Using Blockchain Technologies,Business Modeling and Software Design,,,,10.1007/978-3-031-11510-3_11,Simon CurtyHans-Georg FillRafael S. GonçalvesMark A. Musen,2022,https://link.springer.com/chapter/10.1007/978-3-031-11510-3_11,Conference paper
Monitoring with verified guarantees,International Journal on Software Tools for Technology Transfer,,,,10.1007/s10009-023-00712-3,Jan BaumeisterJohann C. DauerBernd FinkbeinerSebastian Schirmer,2023,https://link.springer.com/article/10.1007/s10009-023-00712-3,Article
A Monitoring Tool for&#xa0;Linear-Time $$\mu $$ HML,Coordination Models and Languages,,,,10.1007/978-3-031-08143-9_12,Luca AcetoAntonis AchilleosDuncan Paul AttardLéo ExibardAdrian FrancalanzaAnna Ingólfsdóttir,2022,https://link.springer.com/chapter/10.1007/978-3-031-08143-9_12,Conference paper
The Prusti Project: Formal Verification for&#xa0;Rust,NASA Formal Methods,,,,10.1007/978-3-031-06773-0_5,Vytautas AstrauskasAurel BílýJonáš FialaZachary GrannanChristoph MathejaPeter MüllerFederico PoliAlexander J. Summers,2022,https://link.springer.com/chapter/10.1007/978-3-031-06773-0_5,Conference paper
Modelling flocks of birds and colonies of ants from the bottom up,International Journal on Software Tools for Technology Transfer,,,,10.1007/s10009-023-00731-0,Rocco De NicolaLuca Di StefanoOmar InversoSerenella Valiani,2023,https://link.springer.com/article/10.1007/s10009-023-00731-0,Article
Modeling and Verification of Temporal Constraints for Web Service Composition,Software Engineering and Formal Methods. SEFM 2020 Collocated Workshops,,,,10.1007/978-3-030-67220-1_2,Maya Souilah BenabdelhafidHouda BoubakerMahmoud Boufaida,2021,https://link.springer.com/chapter/10.1007/978-3-030-67220-1_2,Conference paper
A Maude Formalization of&#xa0;Object Nets,Software Architecture. ECSA 2022 Tracks and Workshops,,,,10.1007/978-3-031-36889-9_18,Lorenzo CapraMichael Köhler-Bußmeier,2023,https://link.springer.com/chapter/10.1007/978-3-031-36889-9_18,Conference paper
Deductive Proof of Industrial Smart Contracts Using Why3,Formal Methods. FM 2019 International Workshops,,,,10.1007/978-3-030-54994-7_22,Zeinab NehaïFrançois Bobot,2020,https://link.springer.com/chapter/10.1007/978-3-030-54994-7_22,Conference paper
<span>SSPCatcher</span>: Learning to catch security patches,Empirical Software Engineering,,,,10.1007/s10664-022-10168-9,Arthur D. SawadogoTegawendé F. BissyandéNaouel MohaKevin AllixJacques KleinLi LiYves Le Traon,2022,https://link.springer.com/article/10.1007/s10664-022-10168-9,Article
$$\mathbb {K}$$ —A Semantic Framework for Programming Languages and Formal Analysis,Engineering Trustworthy Software Systems,,,,10.1007/978-3-030-55089-9_4,Xiaohong ChenGrigore Roşu,2020,https://link.springer.com/chapter/10.1007/978-3-030-55089-9_4,Conference paper
On the assessment of generative AI in modeling tasks: an experience report with ChatGPT and UML,Software and Systems Modeling,,,,10.1007/s10270-023-01105-5,Javier CámaraJavier TroyaLola BurgueñoAntonio Vallecillo,2023,https://link.springer.com/article/10.1007/s10270-023-01105-5,Article
Product Programs in the Wild: Retrofitting Program Verifiers to Check Information Flow Security,Computer Aided Verification,,,,10.1007/978-3-030-81685-8_34,Marco EilersSeverin MeierPeter Müller,2021,https://link.springer.com/chapter/10.1007/978-3-030-81685-8_34,Conference paper
Model-Based Static and Runtime Verification for Ethereum Smart Contracts,Model-Driven Engineering and Software Development,,,,10.1007/978-3-030-67445-8_14,Shaun AzzopardiChristian ColomboGordon Pace,2021,https://link.springer.com/chapter/10.1007/978-3-030-67445-8_14,Conference paper
Time4sys2imi: A Tool to Formalize Real-Time System Models Under Uncertainty,Theoretical Aspects of Computing – ICTAC 2019,,,,10.1007/978-3-030-32505-3_7,Étienne AndréJawher JerraySahar Mhiri,2019,https://link.springer.com/chapter/10.1007/978-3-030-32505-3_7,Conference paper
Automating Safety Proofs About Cyber-Physical Systems Using Rewriting Modulo SMT,Rewriting Logic and Its Applications,,,,10.1007/978-3-031-12441-9_11,Vivek NigamCarolyn Talcott,2022,https://link.springer.com/chapter/10.1007/978-3-031-12441-9_11,Conference paper
Building Correct-by-Construction Systems with&#xa0;Formal Patterns,Recent Trends in Algebraic Development Techniques,,,,10.1007/978-3-031-43345-0_1,José Meseguer,2023,https://link.springer.com/chapter/10.1007/978-3-031-43345-0_1,Conference paper
Towards Substructural Property-Based Testing,Logic-Based Program Synthesis and Transformation,,,,10.1007/978-3-030-98869-2_6,Marco MantovaniAlberto Momigliano,2022,https://link.springer.com/chapter/10.1007/978-3-030-98869-2_6,Conference paper
Demystifying the challenges and benefits of analyzing user-reported logs in bug reports,Empirical Software Engineering,,,,10.1007/s10664-020-09893-w,An Ran ChenTse-Hsun (Peter) ChenShaowei Wang,2021,https://link.springer.com/article/10.1007/s10664-020-09893-w,Article
Reducing Flakiness in End-to-End Test Suites: An Experience Report,Quality of Information and Communications Technology,,,,10.1007/978-3-030-85347-1_1,Dario OlianasMaurizio LeottaFilippo RiccaLuca Villa,2021,https://link.springer.com/chapter/10.1007/978-3-030-85347-1_1,Conference paper
A Stream X-Machine Tool for Modelling and Generating Test Cases for Chronic Diseases Based on State-Counting Approach,Programming and Computer Software,,,,10.1134/S0361768821080211,K. PhungD. JayatilakeE. OgunshileM. Aydin,2021,https://link.springer.com/article/10.1134/S0361768821080211,Article
On Benchmarking for Concurrent Runtime Verification,Fundamental Approaches to Software Engineering,,,,10.1007/978-3-030-71500-7_1,Luca AcetoDuncan Paul AttardAdrian FrancalanzaAnna Ingólfsdóttir,2021,https://link.springer.com/chapter/10.1007/978-3-030-71500-7_1,Conference paper
Validating HyDe: Intelligent Method for Inferring Software Architectures from&#xa0;Mobile Codebase,Evaluation of Novel Approaches to Software Engineering,,,,10.1007/978-3-030-96648-5_1,Dragoş DobreanLaura Dioşan,2022,https://link.springer.com/chapter/10.1007/978-3-030-96648-5_1,Conference paper
Event-driven temporal models for explanations - ETeMoX: explaining reinforcement learning,Software and Systems Modeling,,,,10.1007/s10270-021-00952-4,Juan Marcelo Parra-UllauriAntonio García-DomínguezNelly BencomoChanggang ZhengChen ZhenJuan Boubeta-PuigGuadalupe OrtizShufan Yang,2021,https://link.springer.com/article/10.1007/s10270-021-00952-4,Article
Mixed-semantics composition of statecharts for the component-based design of reactive systems,Software and Systems Modeling,,,,10.1007/s10270-020-00806-5,Bence GraicsVince MolnárAndrás VörösIstván MajzikDániel Varró,2020,https://link.springer.com/article/10.1007/s10270-020-00806-5,Article
On-The-Fly Bisimilarity Checking for&#xa0;Fresh-Register Automata,"Dependable Software Engineering. Theories, Tools, and Applications",,,,10.1007/978-3-031-21213-0_12,M. H. BandukaraN. Tzevelekos,2022,https://link.springer.com/chapter/10.1007/978-3-031-21213-0_12,Conference paper
A taxonomy for classifying runtime verification tools,International Journal on Software Tools for Technology Transfer,,,,10.1007/s10009-021-00609-z,Yliès FalconeSrđan KrstićGiles RegerDmitriy Traytel,2021,https://link.springer.com/article/10.1007/s10009-021-00609-z,Article
TaintBench: Automatic real-world malware benchmarking of Android taint analyses,Empirical Software Engineering,,,,10.1007/s10664-021-10013-5,Linghui LuoFelix PauckGoran PiskachevManuel BenzIvan PashchenkoMartin MoryEric BoddenBen HermannFabio Massacci,2021,https://link.springer.com/article/10.1007/s10664-021-10013-5,Article
Verifying OpenJDK’s LinkedList using KeY,Tools and Algorithms for the Construction and Analysis of Systems,,,,10.1007/978-3-030-45237-7_13,Hans-Dieter A. HiepOlaf MaathuisJinting BianFrank S. de BoerMarko van EekelenStijn de Gouw,2020,https://link.springer.com/chapter/10.1007/978-3-030-45237-7_13,Conference paper
Quantitative Verification and&#xa0;Strategy Synthesis for&#xa0;BDI Agents,NASA Formal Methods,,,,10.1007/978-3-031-33170-1_15,Blair ArchibaldMuffy CalderMichele SevegnaniMengwei Xu,2023,https://link.springer.com/chapter/10.1007/978-3-031-33170-1_15,Conference paper
delphic: Practical DEL Planning via&#xa0;Possibilities,Logics in Artificial Intelligence,,,,10.1007/978-3-031-43619-2_39,Alessandro BuriganaPaolo FelliMarco Montali,2023,https://link.springer.com/chapter/10.1007/978-3-031-43619-2_39,Conference paper
Attestation Mechanisms for&#xa0;Trusted Execution Environments Demystified,Distributed Applications and Interoperable Systems,,,,10.1007/978-3-031-16092-9_7,Jämes MénétreyChristian GöttelAnum KhurshidMarcelo PasinPascal FelberValerio SchiavoniShahid Raza,2022,https://link.springer.com/chapter/10.1007/978-3-031-16092-9_7,Conference paper
LCRL: Certified Policy Synthesis via&#xa0;Logically-Constrained Reinforcement Learning,Quantitative Evaluation of Systems,,,,10.1007/978-3-031-16336-4_11,Mohammadhosein HasanbeigDaniel KroeningAlessandro Abate,2022,https://link.springer.com/chapter/10.1007/978-3-031-16336-4_11,Conference paper
Crowdsourced test case generation for android applications via static program analysis,Automated Software Engineering,,,,10.1007/s10515-023-00394-w,Yuying LiYang FengChao GuoZhenyu ChenBaowen Xu,2023,https://link.springer.com/article/10.1007/s10515-023-00394-w,Article
MoGym: Using Formal Models for Training and Verifying Decision-making Agents,Computer Aided Verification,,,,10.1007/978-3-031-13188-2_21,Timo P. GrosHolger HermannsJörg HoffmannMichaela KlauckMaximilian A. KöhlVerena Wolf,2022,https://link.springer.com/chapter/10.1007/978-3-031-13188-2_21,Conference paper
Exploiting Program Slicing and&#xa0;Instruction Clusterization to&#xa0;Identify the&#xa0;Cause of&#xa0;Faulty Temporal Behaviours at&#xa0;System Level,VLSI-SoC: Technology Advancement on SoC Design,,,,10.1007/978-3-031-16818-5_4,Moreno BragaglioSamuele GerminianiGraziano Pravadelli,2022,https://link.springer.com/chapter/10.1007/978-3-031-16818-5_4,Conference paper
An extension of first-order LTL with rules with application to runtime verification,International Journal on Software Tools for Technology Transfer,,,,10.1007/s10009-021-00626-y,Klaus HavelundDoron Peled,2021,https://link.springer.com/article/10.1007/s10009-021-00626-y,Article
Model Checking Multi-interruption Concurrent Programs with TMSVL,Structured Object-Oriented Formal Language and Method,,,,10.1007/978-3-030-77474-5_6,Jin CuiLianxiang Zhu,2021,https://link.springer.com/chapter/10.1007/978-3-030-77474-5_6,Conference paper
Can static analysis tools find more defects?,Empirical Software Engineering,,,,10.1007/s10664-022-10232-4,Sahar MehrpourThomas D. LaToza,2022,https://link.springer.com/article/10.1007/s10664-022-10232-4,Article
Carwash Station Prototype with Automatic Payment Using Intelligent Control Systems,Applied Technologies,,,,10.1007/978-3-030-71503-8_18,Jorge BueleDarío QuilumbaDavid I. IlvisFernando SaáFranklin W. Salazar,2021,https://link.springer.com/chapter/10.1007/978-3-030-71503-8_18,Conference paper
JBMC: Bounded Model Checking for Java Bytecode,Tools and Algorithms for the Construction and Analysis of Systems,,,,10.1007/978-3-030-17502-3_17,Lucas CordeiroDaniel KroeningPeter Schrammel,2019,https://link.springer.com/chapter/10.1007/978-3-030-17502-3_17,Conference paper
"Specifying and verifying usage control models and policies in TLA<span class=""mathjax-tex"">\(^+\)</span>",International Journal on Software Tools for Technology Transfer,,,,10.1007/s10009-020-00600-0,Christos GrompanopoulosAntonios GouglidisAnastasia Mavridou,2021,https://link.springer.com/article/10.1007/s10009-020-00600-0,Article
Modeling and reasoning about uncertainty in goal models: a decision-theoretic approach,Software and Systems Modeling,,,,10.1007/s10270-021-00968-w,Sotirios LiaskosShakil M. KhanJohn Mylopoulos,2022,https://link.springer.com/article/10.1007/s10270-021-00968-w,Article
Clustered Relational Thread-Modular Abstract Interpretation with Local Traces,Programming Languages and Systems,,,,10.1007/978-3-031-30044-8_2,Michael SchwarzSimmo SaanHelmut SeidlJulian ErhardVesal Vojdani,2023,https://link.springer.com/chapter/10.1007/978-3-031-30044-8_2,Conference paper
Towards a Spatial Model Checker on GPU,"Formal Techniques for Distributed Objects, Components, and Systems",,,,10.1007/978-3-030-78089-0_12,Laura BussiVincenzo CianciaFabio Gadducci,2021,https://link.springer.com/chapter/10.1007/978-3-030-78089-0_12,Conference paper
"On Correctness, Precision, and Performance in Quantitative Verification","Leveraging Applications of Formal Methods, Verification and Validation: Tools and Trends",,,,10.1007/978-3-030-83723-5_15,Carlos E. BuddeArnd HartmannsMichaela KlauckJan KřetínskýDavid ParkerTim QuatmannAndrea TurriniZhen Zhang,2021,https://link.springer.com/chapter/10.1007/978-3-030-83723-5_15,Conference paper
Alternating Good-for-MDPs Automata,Automated Technology for Verification and Analysis,,,,10.1007/978-3-031-19992-9_19,Ernst Moritz HahnMateo PerezSven ScheweFabio SomenziAshutosh TrivediDominik Wojtczak,2022,https://link.springer.com/chapter/10.1007/978-3-031-19992-9_19,Conference paper
An Abstract Domain for Objects in Dynamic Programming Languages,Formal Methods. FM 2019 International Workshops,,,,10.1007/978-3-030-54997-8_9,Vincenzo ArceriMichele PasquaIsabella Mastroeni,2020,https://link.springer.com/chapter/10.1007/978-3-030-54997-8_9,Conference paper
Lightweight Verification of Hyperproperties,Automated Technology for Verification and Analysis,,,,10.1007/978-3-031-45332-8_1,Oyendrila DobeStefan SchuppEzio BartocciBorzoo BonakdarpourAxel LegayMiroslav PajicYu Wang,2023,https://link.springer.com/chapter/10.1007/978-3-031-45332-8_1,Conference paper
Fast Left Kan Extensions Using the Chase,Journal of Automated Reasoning,,,,10.1007/s10817-022-09634-2,Joshua MeyersDavid I. SpivakRyan Wisnesky,2022,https://link.springer.com/article/10.1007/s10817-022-09634-2,Article
Detection of Inconsistencies in SysML/OCL Models Using OWL Reasoning,SN Computer Science,,,,10.1007/s42979-022-01577-0,Shan LuAlexey TazinYanji ChenMieczyslaw M. KokarJeff Smith,2023,https://link.springer.com/article/10.1007/s42979-022-01577-0,Article
Comparative Reasoning for&#xa0;Intelligent Agents,Artificial General Intelligence,,,,10.1007/978-3-031-33469-6_13,Patrick HammerPeter IsaevHugo LatapieFrancesco LanzaAntonio ChellaPei Wang,2023,https://link.springer.com/chapter/10.1007/978-3-031-33469-6_13,Conference paper
DevSched: an efficient bug-triaging model for allocating and balancing developer tasks,Iran Journal of Computer Science,,,,10.1007/s42044-023-00153-w,K. M. Aslam UddinMd. Shahriare SatuMd. Mahmudul Hasan RiyadKazi Sakib,2023,https://link.springer.com/article/10.1007/s42044-023-00153-w,Article
Abstraction in&#xa0;Deductive Verification: Model Fields and&#xa0;Model Methods,"Leveraging Applications of Formal Methods, Verification and Validation. Verification Principles",,,,10.1007/978-3-031-19849-6_3,David R. CokGary T. Leavens,2022,https://link.springer.com/chapter/10.1007/978-3-031-19849-6_3,Conference paper
PoS4MPC: Automated Security Policy Synthesis for&#xa0;Secure Multi-party Computation,Computer Aided Verification,,,,10.1007/978-3-031-13185-1_19,Yuxin FanFu SongTaolue ChenLiangfeng ZhangWanwei Liu,2022,https://link.springer.com/chapter/10.1007/978-3-031-13185-1_19,Conference paper
Analyzing neural network behavior through deep statistical model checking,International Journal on Software Tools for Technology Transfer,,,,10.1007/s10009-022-00685-9,Timo P. GrosHolger HermannsJörg HoffmannMichaela KlauckMarcel Steinmetz,2022,https://link.springer.com/article/10.1007/s10009-022-00685-9,Article
Validation of Formal Models by Timed Probabilistic Simulation,Rigorous State-Based Methods,,,,10.1007/978-3-030-77543-8_6,Fabian VuMichael LeuschelAtif Mashkoor,2021,https://link.springer.com/chapter/10.1007/978-3-030-77543-8_6,Conference paper
Formal verification of OIL component specifications using mCRL2,International Journal on Software Tools for Technology Transfer,,,,10.1007/s10009-022-00658-y,Olav BunteLouis C. M. van GoolTim A. C. Willemse,2022,https://link.springer.com/article/10.1007/s10009-022-00658-y,Article
Cost-effective learning-based strategies for test case prioritization in continuous integration of highly-configurable software,Empirical Software Engineering,,,,10.1007/s10664-021-10093-3,Jackson A. Prado LimaWillian D. F. MendonçaSilvia R. VergilioWesley K. G. Assunção,2022,https://link.springer.com/article/10.1007/s10664-021-10093-3,Article
Twinning Automata and Regular Expressions for String Static Analysis,"Verification, Model Checking, and Abstract Interpretation",,,,10.1007/978-3-030-67067-2_13,Luca NegriniVincenzo ArceriPietro FerraraAgostino Cortesi,2021,https://link.springer.com/chapter/10.1007/978-3-030-67067-2_13,Conference paper
Alliance of model-driven engineering with a proof-based formal approach,Innovations in Systems and Software Engineering,,,,10.1007/s11334-020-00366-3,Akram IdaniYves LedruGerman Vega,2020,https://link.springer.com/article/10.1007/s11334-020-00366-3,Article
Verifying Event-B Hybrid Models Using Cyclone,Rigorous State-Based Methods,,,,10.1007/978-3-031-33163-3_13,Hao WuZheng Cheng,2023,https://link.springer.com/chapter/10.1007/978-3-031-33163-3_13,Conference paper
Requirements and GitHub Issues: An Automated Approach for Quality Requirements Classification,Programming and Computer Software,,,,10.1134/S0361768821080193,J. Manuel Pérez-VerdejoÁ. J. Sánchez-GarcíaJ. O. Ocharán-HernándezE. Mezura-MontesK. Cortés-Verdín,2021,https://link.springer.com/article/10.1134/S0361768821080193,Article
Automated verification of concurrent go programs via bounded model checking,Automated Software Engineering,,,,10.1007/s10515-023-00391-z,Nicolas DilleyJulien Lange,2023,https://link.springer.com/article/10.1007/s10515-023-00391-z,Article
Hybrid learning scenario path selection and abstraction framework for smart verification of complex SoCs,The Journal of Supercomputing,,,,10.1007/s11227-021-04117-4,Gaurav SharmaLava BhargavaVinod Kumar,2021,https://link.springer.com/article/10.1007/s11227-021-04117-4,Article
Analysis of recurrent neural networks via property-directed verification of surrogate models,International Journal on Software Tools for Technology Transfer,,,,10.1007/s10009-022-00684-w,Igor KhmelnitskyDaniel NeiderRajarshi RoyXuan XieBenoît BarbotBenedikt BolligAlain FinkelSerge HaddadMartin LeuckerLina Ye,2022,https://link.springer.com/article/10.1007/s10009-022-00684-w,Article
Rewrite-Based Decomposition of Signal Temporal Logic Specifications,NASA Formal Methods,,,,10.1007/978-3-031-33170-1_14,Kevin LeahyMakai MannCristian-Ioan Vasile,2023,https://link.springer.com/chapter/10.1007/978-3-031-33170-1_14,Conference paper
Interface protocol inference to aid understanding legacy software components,Software and Systems Modeling,,,,10.1007/s10270-020-00809-2,Kousar AslamLoek CleophasRamon SchiffelersMark van den Brand,2020,https://link.springer.com/article/10.1007/s10270-020-00809-2,Article
On Implementable Timed Automata,"Formal Techniques for Distributed Objects, Components, and Systems",,,,10.1007/978-3-030-50086-3_5,Sergio Feo-ArenisMilan VujinovićBernd Westphal,2020,https://link.springer.com/chapter/10.1007/978-3-030-50086-3_5,Conference paper
Quantitative modelling and analysis of BDI agents,Software and Systems Modeling,,,,10.1007/s10270-023-01121-5,Blair ArchibaldMuffy CalderMichele SevegnaniMengwei Xu,2023,https://link.springer.com/article/10.1007/s10270-023-01121-5,Article
A hybrid approach of blockchain and semantic web technologies to validating learning outcomes in accordance with legal constraints,International Journal of Information Technology,,,,10.1007/s41870-022-01039-z,Minh Duc NguyenThuy Nguyen-NgocCuong H. Nguyen-DinhAnh Phuong Le,2022,https://link.springer.com/article/10.1007/s41870-022-01039-z,Article
Assurance of Distributed Algorithms and Systems: Runtime Checking of Safety and Liveness,Runtime Verification,,,,10.1007/978-3-030-60508-7_3,Yanhong A. LiuScott D. Stoller,2020,https://link.springer.com/chapter/10.1007/978-3-030-60508-7_3,Conference paper
Model Checking Reconfigurable Interacting Systems,"Leveraging Applications of Formal Methods, Verification and Validation. Adaptation and Learning",,,,10.1007/978-3-031-19759-8_23,Yehia Abd AlrahmanShaun AzzopardiNir Piterman,2022,https://link.springer.com/chapter/10.1007/978-3-031-19759-8_23,Conference paper
Formal testing of timed graph transformation systems using metric temporal graph logic,International Journal on Software Tools for Technology Transfer,,,,10.1007/s10009-020-00585-w,Sven SchneiderMaria MaximovaLucas SakizloglouHolger Giese,2021,https://link.springer.com/article/10.1007/s10009-020-00585-w,Article
The TLA $$^{+}$$ Debugger,Software Engineering and Formal Methods. SEFM 2022 Collocated Workshops,,,,10.1007/978-3-031-26236-4_15,Markus A. Kuppe,2023,https://link.springer.com/chapter/10.1007/978-3-031-26236-4_15,Conference paper
Synthesizing P<span>romela</span> model sketches using abstract lifted model checking,International Journal of Information Technology,,,,10.1007/s41870-023-01550-x,Aleksandar S. Dimovski,2023,https://link.springer.com/article/10.1007/s41870-023-01550-x,Article
An Open Software-Based Framework for Automotive Cybersecurity Testing,"Systems, Software and Services Process Improvement",,,,10.1007/978-3-031-42307-9_22,Thomas FaschangGeorg Macher,2023,https://link.springer.com/chapter/10.1007/978-3-031-42307-9_22,Conference paper
Aplib: Tactical Agents for Testing Computer Games,Engineering Multi-Agent Systems,,,,10.1007/978-3-030-66534-0_2,I. S. W. B. PrasetyaMehdi DastaniRui PradaTanja E. J. VosFrank DignumFitsum Kifetew,2020,https://link.springer.com/chapter/10.1007/978-3-030-66534-0_2,Conference paper
Integrating ADTs in KeY and Their Application to History-Based Reasoning,Formal Methods,,,,10.1007/978-3-030-90870-6_14,Jinting BianHans-Dieter A. HiepFrank S. de BoerStijn de Gouw,2021,https://link.springer.com/chapter/10.1007/978-3-030-90870-6_14,Conference paper
Traits: Correctness-by-Construction for&#xa0;Free,"Formal Techniques for Distributed Objects, Components, and Systems",,,,10.1007/978-3-031-08679-3_9,Tobias RungeAlex PotaninThomas ThümIna Schaefer,2022,https://link.springer.com/chapter/10.1007/978-3-031-08679-3_9,Conference paper
Generative Datalog and&#xa0;Answer Set Programming – Extended Abstract,Logics in Artificial Intelligence,,,,10.1007/978-3-031-43619-2_1,Mario Alviano,2023,https://link.springer.com/chapter/10.1007/978-3-031-43619-2_1,Conference paper
Specification and analysis of legal contracts with Symboleo,Software and Systems Modeling,,,,10.1007/s10270-022-01053-6,Alireza ParvizimosaedSepehr SharifiDaniel AmyotLuigi LogrippoMarco RoveriAidin RastiAli RoudakJohn Mylopoulos,2022,https://link.springer.com/article/10.1007/s10270-022-01053-6,Article
State Model Inference Through the GUI Using Run-Time Test Generation,Research Challenges in Information Science,,,,10.1007/978-3-031-05760-1_32,Ad MuldersOlivia Rodriguez ValdesFernando Pastor RicósPekka AhoBeatriz MarínTanja E. J. Vos,2022,https://link.springer.com/chapter/10.1007/978-3-031-05760-1_32,Conference paper
Exploring Performance Assurance Practices and Challenges in Agile Software Development: An Ethnographic Study,Empirical Software Engineering,,,,10.1007/s10664-021-10069-3,Luca Traini,2022,https://link.springer.com/article/10.1007/s10664-021-10069-3,Article
Certified Semantics for Relational Programming,Programming Languages and Systems,,,,10.1007/978-3-030-64437-6_9,Dmitry RozplokhasAndrey VyatkinDmitry Boulytchev,2020,https://link.springer.com/chapter/10.1007/978-3-030-64437-6_9,Conference paper
Fast Verified SCCs for&#xa0;Probabilistic Model Checking,Automated Technology for Verification and Analysis,,,,10.1007/978-3-031-45329-8_9,Arnd HartmannsBram KohlenPeter Lammich,2023,https://link.springer.com/chapter/10.1007/978-3-031-45329-8_9,Conference paper
Learning Assumptions for&#xa0;Compositional Verification of&#xa0;Timed Automata,Computer Aided Verification,,,,10.1007/978-3-031-37706-8_3,Hanyue ChenYu SuMiaomiao ZhangZhiming LiuJunri Mi,2023,https://link.springer.com/chapter/10.1007/978-3-031-37706-8_3,Conference paper
Pragmatic reuse for DSML development,Software and Systems Modeling,,,,10.1007/s10270-020-00831-4,Stefan KlikovitsDidier Buchs,2020,https://link.springer.com/article/10.1007/s10270-020-00831-4,Article
Spectra: a specification language for reactive systems,Software and Systems Modeling,,,,10.1007/s10270-021-00868-z,Shahar MaozJan Oliver Ringert,2021,https://link.springer.com/article/10.1007/s10270-021-00868-z,Article
"Gillian, Part II: Real-World Verification for JavaScript and C",Computer Aided Verification,,,,10.1007/978-3-030-81688-9_38,Petar MaksimovićSacha-Élie AyounJosé Fragoso SantosPhilippa Gardner,2021,https://link.springer.com/chapter/10.1007/978-3-030-81688-9_38,Conference paper
PET – A Partial Exploration Tool for&#xa0;Probabilistic Verification,Automated Technology for Verification and Analysis,,,,10.1007/978-3-031-19992-9_20,Tobias Meggendorfer,2022,https://link.springer.com/chapter/10.1007/978-3-031-19992-9_20,Conference paper
Handling uncertainty in SBSE: a possibilistic evolutionary approach for code smells detection,Empirical Software Engineering,,,,10.1007/s10664-022-10142-5,Sofien BoutaibMaha ElarbiSlim BechikhFabio PalombaLamjed Ben Said,2022,https://link.springer.com/article/10.1007/s10664-022-10142-5,Article
Verification and refutation of C programs based on <i>k</i>-induction and invariant inference,International Journal on Software Tools for Technology Transfer,,,,10.1007/s10009-020-00564-1,Omar M. AlhawiHerbert RochaMikhail R. GadelhaLucas C. CordeiroEddie Batista,2020,https://link.springer.com/article/10.1007/s10009-020-00564-1,Article
COOL 2 – A Generic Reasoner for&#xa0;Modal Fixpoint Logics (System Description),Automated Deduction – CADE 29,,,,10.1007/978-3-031-38499-8_14,Oliver GörlitzDaniel HausmannMerlin HummlDirk PattinsonSimon PruckerLutz Schröder,2023,https://link.springer.com/chapter/10.1007/978-3-031-38499-8_14,Conference paper
Deciding Program Properties via&#xa0;Complete Abstractions on&#xa0;Bounded Domains,Static Analysis,,,,10.1007/978-3-031-22308-2_9,Roberto BruniRoberta GoriNicolas Manini,2022,https://link.springer.com/chapter/10.1007/978-3-031-22308-2_9,Conference paper
A Comprehensive Requirement Capturing Model Enabling the Automated Formalisation of NL Requirements,SN Computer Science,,,,10.1007/s42979-022-01449-7,Mohamed OsamaAya Zaki-IsmailMohamed AbdelrazekJohn GrundyAmani Ibrahim,2022,https://link.springer.com/article/10.1007/s42979-022-01449-7,Article
Measuring and achieving test coverage of attack simulations extended version,Software and Systems Modeling,,,,10.1007/s10270-022-01042-9,Simon HacksLinus PerssonNicklas Hersén,2022,https://link.springer.com/article/10.1007/s10270-022-01042-9,Article
Optimization of association rules using hybrid data mining technique,Innovations in Systems and Software Engineering,,,,10.1007/s11334-021-00387-6,Sahana P. ShankarE. NareshHarshit Agrawal,2021,https://link.springer.com/article/10.1007/s11334-021-00387-6,Article
The Refinement Calculus of Reactive Systems Toolset,International Journal on Software Tools for Technology Transfer,,,,10.1007/s10009-020-00561-4,Iulia DragomirViorel PreoteasaStavros Tripakis,2020,https://link.springer.com/article/10.1007/s10009-020-00561-4,Article
A Prototype for Data Race Detection in CSeq 3,Tools and Algorithms for the Construction and Analysis of Systems,,,,10.1007/978-3-030-99527-0_23,Alex CotoOmar InversoEmerson SalesEmilio Tuosto,2022,https://link.springer.com/chapter/10.1007/978-3-030-99527-0_23,Conference paper
A Library Modeling Language for the Static Analysis of C Programs,Static Analysis,,,,10.1007/978-3-030-65474-0_11,Abdelraouf OuadjaoutAntoine Miné,2020,https://link.springer.com/chapter/10.1007/978-3-030-65474-0_11,Conference paper
Behavioral interfaces for executable DSLs,Software and Systems Modeling,,,,10.1007/s10270-020-00798-2,Dorian LeroyErwan BousseManuel WimmerTanja MayerhoferBenoit CombemaleWieland Schwinger,2020,https://link.springer.com/article/10.1007/s10270-020-00798-2,Article
Memoized Pull-Tabbing for Functional Logic Programming,Functional and Constraint Logic Programming,,,,10.1007/978-3-030-75333-7_4,Michael HanusFinn Teegen,2021,https://link.springer.com/chapter/10.1007/978-3-030-75333-7_4,Conference paper
GATE: Gradual Effect Types,"Leveraging Applications of Formal Methods, Verification and Validation",,,,10.1007/978-3-030-89159-6_21,Philip Wadler,2021,https://link.springer.com/chapter/10.1007/978-3-030-89159-6_21,Conference paper
Runtime Verification of&#xa0;Kotlin Coroutines,Runtime Verification,,,,10.1007/978-3-031-17196-3_12,Denis FurianShaun AzzopardiYliès FalconeGerardo Schneider,2022,https://link.springer.com/chapter/10.1007/978-3-031-17196-3_12,Conference paper
Generative Grammar Based on Arithmetic Operations for Realtime Composition,"Perception, Representations, Image, Sound, Music",,,,10.1007/978-3-030-70210-6_19,Guido Kramann,2021,https://link.springer.com/chapter/10.1007/978-3-030-70210-6_19,Conference paper
TLTk: A Toolbox for Parallel Robustness Computation of Temporal Logic Specifications,Runtime Verification,,,,10.1007/978-3-030-60508-7_22,Joseph CralleyOurania SpantidiBardh HoxhaGeorgios Fainekos,2020,https://link.springer.com/chapter/10.1007/978-3-030-60508-7_22,Conference paper
Synthesizing History and&#xa0;Prophecy Variables for&#xa0;Symbolic Model Checking,"Verification, Model Checking, and Abstract Interpretation",,,,10.1007/978-3-031-24950-1_15,Cole VickKenneth L. McMillan,2023,https://link.springer.com/chapter/10.1007/978-3-031-24950-1_15,Conference paper
Verifying Visibility-Based Weak Consistency,Programming Languages and Systems,,,,10.1007/978-3-030-44914-8_11,Siddharth KrishnaMichael EmmiConstantin EneaDejan Jovanović,2020,https://link.springer.com/chapter/10.1007/978-3-030-44914-8_11,Conference paper
Automated Grading of Regular Expressions,Programming Languages and Systems,,,,10.1007/978-3-031-30044-8_4,Su-Hyeon KimYoungwook KimYo-Sub HanHyeonseung ImSang-Ki Ko,2023,https://link.springer.com/chapter/10.1007/978-3-031-30044-8_4,Conference paper
Gazer-Theta: LLVM-based Verifier Portfolio with BMC/CEGAR (Competition Contribution),Tools and Algorithms for the Construction and Analysis of Systems,,,,10.1007/978-3-030-72013-1_27,Zsófia ÁdámGyula SallaiÁkos Hajdu,2021,https://link.springer.com/chapter/10.1007/978-3-030-72013-1_27,Conference paper
An Overview of the Maude Strategy Language and its Applications,Rewriting Logic and Its Applications,,,,10.1007/978-3-031-12441-9_4,Rubén Rubio,2022,https://link.springer.com/chapter/10.1007/978-3-031-12441-9_4,Conference paper
Evaluating seed selection for fuzzing JavaScript engines,Empirical Software Engineering,,,,10.1007/s10664-023-10340-9,Ming WenYongcong  WangYifan XiaHai Jin,2023,https://link.springer.com/article/10.1007/s10664-023-10340-9,Article
Teaching Formal Methods for Fun Using Maude,Formal Methods – Fun for Everybody,,,,10.1007/978-3-030-71374-4_3,Peter Csaba Ölveczky,2021,https://link.springer.com/chapter/10.1007/978-3-030-71374-4_3,Conference paper
Using Deep Ontologies in&#xa0;Formal Software Engineering,Rigorous State-Based Methods,,,,10.1007/978-3-031-33163-3_2,Achim D. BruckerIdir Ait-SadouneNicolas MéricBurkhart Wolff,2023,https://link.springer.com/chapter/10.1007/978-3-031-33163-3_2,Conference paper
Software testing and Android applications: a large-scale empirical study,Empirical Software Engineering,,,,10.1007/s10664-021-10059-5,Fabiano PecorelliGemma CatolinoFilomena FerrucciAndrea De LuciaFabio Palomba,2021,https://link.springer.com/article/10.1007/s10664-021-10059-5,Article
Making $$\textsf {IP}=\textsf {PSPACE}$$ Practical: Efficient Interactive Protocols for&#xa0;BDD Algorithms,Computer Aided Verification,,,,10.1007/978-3-031-37709-9_21,Eszter CouillardPhilipp CzernerJavier EsparzaRupak Majumdar,2023,https://link.springer.com/chapter/10.1007/978-3-031-37709-9_21,Conference paper
Configurable Benchmarks for&#xa0;C Model Checkers,NASA Formal Methods,,,,10.1007/978-3-031-06773-0_18,Xaver FinkPhilipp BergerJoost-Pieter Katoen,2022,https://link.springer.com/chapter/10.1007/978-3-031-06773-0_18,Conference paper
GSDetector: a tool for automatic detection of bad smells in GRL goal models,International Journal on Software Tools for Technology Transfer,,,,10.1007/s10009-022-00662-2,Mawal A. MohammedJameleddine HassineMohammad Alshayeb,2022,https://link.springer.com/article/10.1007/s10009-022-00662-2,Article
An Approach to Modeling and Verifying Multi-level Interrupt Systems with TMSVL,Structured Object-Oriented Formal Language and Method,,,,10.1007/978-3-030-41418-4_5,Jin CuiXu LuBuwen Liang,2020,https://link.springer.com/chapter/10.1007/978-3-030-41418-4_5,Conference paper
Runtime Verification with&#xa0;Imperfect Information Through Indistinguishability Relations,Software Engineering and Formal Methods,,,,10.1007/978-3-031-17108-6_21,Angelo FerrandoVadim Malvone,2022,https://link.springer.com/chapter/10.1007/978-3-031-17108-6_21,Conference paper
Testing Methods for Blockchain Applications,"High-Performance Computing Systems and Technologies in Scientific Research, Automation of Control and Production",,,,10.1007/978-3-030-94141-3_32,Sergey StaroletovRoman Galkin,2022,https://link.springer.com/chapter/10.1007/978-3-030-94141-3_32,Conference paper
A Session Subtyping Tool,Coordination Models and Languages,,,,10.1007/978-3-030-78142-2_6,Lorenzo BacchianiMario BravettiJulien LangeGianluigi Zavattaro,2021,https://link.springer.com/chapter/10.1007/978-3-030-78142-2_6,Conference paper
Probabilistic modelling and verification using RoboChart and PRISM,Software and Systems Modeling,,,,10.1007/s10270-021-00916-8,Kangfeng YeAna CavalcantiSimon FosterAlvaro MiyazawaJim Woodcock,2021,https://link.springer.com/article/10.1007/s10270-021-00916-8,Article
Formal verification of neural agents in non-deterministic environments,Autonomous Agents and Multi-Agent Systems,,,,10.1007/s10458-021-09529-3,Michael E. AkintundeElena BotoevaPanagiotis KouvarosAlessio Lomuscio,2021,https://link.springer.com/article/10.1007/s10458-021-09529-3,Article
Scriptless Testing for Extended Reality Systems,Research Challenges in Information Science,,,,10.1007/978-3-031-05760-1_56,Fernando Pastor Ricós,2022,https://link.springer.com/chapter/10.1007/978-3-031-05760-1_56,Conference paper
Advances in Automatic Software Verification: SV-COMP 2020,Tools and Algorithms for the Construction and Analysis of Systems,,,,10.1007/978-3-030-45237-7_21,Dirk Beyer,2020,https://link.springer.com/chapter/10.1007/978-3-030-45237-7_21,Conference paper
A Formal Model of&#xa0;Train Control with&#xa0;AI-Based Obstacle Detection,"Reliability, Safety, and Security of Railway Systems. Modelling, Analysis, Verification, and Certification",,,,10.1007/978-3-031-43366-5_8,Jan GruteserDavid GeleßusMichael LeuschelJan RoßbachFabian Vu,2023,https://link.springer.com/chapter/10.1007/978-3-031-43366-5_8,Conference paper
C-SMC: A Hybrid Statistical Model Checking and Concrete Runtime Engine for Analyzing C Programs,Model Checking Software,,,,10.1007/978-3-030-84629-9_6,Antoine ChenoyFabien DucheneThomas Given-WilsonAxel Legay,2021,https://link.springer.com/chapter/10.1007/978-3-030-84629-9_6,Conference paper
An Infrastructure for Faithful Execution of Remote Attestation Protocols,NASA Formal Methods,,,,10.1007/978-3-030-76384-8_17,Adam PetzPerry Alexander,2021,https://link.springer.com/chapter/10.1007/978-3-030-76384-8_17,Conference paper
Towards the&#xa0;Combination of&#xa0;Model Checking and&#xa0;Runtime Verification on&#xa0;Multi-agent Systems,"Advances in Practical Applications of Agents, Multi-Agent Systems, and Complex Systems Simulation. The PAAMS Collection",,,,10.1007/978-3-031-18192-4_12,Angelo FerrandoVadim Malvone,2022,https://link.springer.com/chapter/10.1007/978-3-031-18192-4_12,Conference paper
Statistical Model Checking for&#xa0; $$\textsf {P}$$,Formal Methods for Industrial Critical Systems,,,,10.1007/978-3-031-43681-9_3,Francisco DuránNicolás PozasCarlos RamírezCamilo Rocha,2023,https://link.springer.com/chapter/10.1007/978-3-031-43681-9_3,Conference paper
Automated Reasoning with Restricted Intensional Sets,Journal of Automated Reasoning,,,,10.1007/s10817-021-09589-w,Maximiliano CristiáGianfranco Rossi,2021,https://link.springer.com/article/10.1007/s10817-021-09589-w,Article
"Mixed-Neighborhood, Multi-speed Cellular Automata for&#xa0;Safety-Aware Pedestrian Prediction",Software Engineering and Formal Methods,,,,10.1007/978-3-030-92124-8_28,Sebastian vom DorffChih-Hong ChengHasan EsenMartin Fränzle,2021,https://link.springer.com/chapter/10.1007/978-3-030-92124-8_28,Conference paper
Deductive Verification Based Abstraction for&#xa0;Software Model Checking,"Leveraging Applications of Formal Methods, Verification and Validation. Verification Principles",,,,10.1007/978-3-031-19849-6_2,Jesper AmilonChristian LidströmDilian Gurov,2022,https://link.springer.com/chapter/10.1007/978-3-031-19849-6_2,Conference paper
Parallel Roles for Practical Deterministic Parallel Programming,Languages and Compilers for Parallel Computing,,,,10.1007/978-3-030-35225-7_12,Michael FaesThomas R. Gross,2019,https://link.springer.com/chapter/10.1007/978-3-030-35225-7_12,Conference paper
Modeling and Analyzing Resource-Sensitive Actors: A Tutorial Introduction,Coordination Models and Languages,,,,10.1007/978-3-030-78142-2_1,Rudolf SchlatteEinar Broch JohnsenEduard KamburjanSilvia Lizeth Tapia Tarifa,2021,https://link.springer.com/chapter/10.1007/978-3-030-78142-2_1,Conference paper
Active Learning of&#xa0;One-Clock Timed Automata Using Constraint Solving,Automated Technology for Verification and Analysis,,,,10.1007/978-3-031-19992-9_16,Runqing XuJie AnBohua Zhan,2022,https://link.springer.com/chapter/10.1007/978-3-031-19992-9_16,Conference paper
Blended Graphical and&#xa0;Textual Modelling of&#xa0;UML-RT State-Machines: An Industrial Experience,Software Architecture,,,,10.1007/978-3-031-15116-3_2,Malvina LatifajFederico CiccozziMuhammad Waseem AnwarMattias Mohlin,2022,https://link.springer.com/chapter/10.1007/978-3-031-15116-3_2,Conference paper
Statistical Model Checking of Complex Robotic Systems,Model Checking Software,,,,10.1007/978-3-030-30923-7_7,Mohammed FoughaliFélix IngrandCristina Seceleanu,2019,https://link.springer.com/chapter/10.1007/978-3-030-30923-7_7,Conference paper
Formal Specification and Verification for Real-Time Scheduling Based on PAR,Structured Object-Oriented Formal Language and Method,,,,10.1007/978-3-030-13651-2_7,Zhen YouZhuo ChengJinyun XueQimin HuWuping Xie,2019,https://link.springer.com/chapter/10.1007/978-3-030-13651-2_7,Conference paper
A Novel Trustworthiness Measurement Method for&#xa0;Software System Based on&#xa0;Fuzzy Set,Artificial Intelligence Logic and Applications,,,,10.1007/978-981-19-7510-3_19,Qilong NieYixiang ChenHongwei Tao,2022,https://link.springer.com/chapter/10.1007/978-981-19-7510-3_19,Conference paper
Smart Contracts: Application Scenarios for Deductive Program Verification,Formal Methods. FM 2019 International Workshops,,,,10.1007/978-3-030-54994-7_21,Bernhard BeckertJonas SchifflMattias Ulbrich,2020,https://link.springer.com/chapter/10.1007/978-3-030-54994-7_21,Conference paper
Experimenting with an Intrinsically-Typed Probabilistic Programming Language in&#xa0;Coq,Programming Languages and Systems,,,,10.1007/978-981-99-8311-7_9,Ayumu SaitoReynald Affeldt,2023,https://link.springer.com/chapter/10.1007/978-981-99-8311-7_9,Conference paper
Seeding Contradiction: A Fast Method for&#xa0;Generating Full-Coverage Test Suites,Testing Software and Systems,,,,10.1007/978-3-031-43240-8_4,Li HuangBertrand MeyerManuel Oriol,2023,https://link.springer.com/chapter/10.1007/978-3-031-43240-8_4,Conference paper
Minimizing False-Rejection Rates in&#xa0;Gas Leak Testing Using an&#xa0;Ensemble Multiclass Classifier for&#xa0;Unbalanced Data,"Advanced Research in Technologies, Information, Innovation and Sustainability",,,,10.1007/978-3-031-20319-0_32,Diogo CostaEugénio M. RochaPedro Ramalho,2022,https://link.springer.com/chapter/10.1007/978-3-031-20319-0_32,Conference paper
Inference of&#xa0;Over-Constrained NFA of&#xa0;Size $$k+1$$ to&#xa0;Efficiently and&#xa0;Systematically Derive NFA of&#xa0;Size k for&#xa0;Grammar Learning,Computational Science – ICCS 2023,,,,10.1007/978-3-031-35995-8_10,Tomasz JastrząbFrédéric LardeuxEric Monfroy,2023,https://link.springer.com/chapter/10.1007/978-3-031-35995-8_10,Conference paper
Formal Verification of Database Applications Using Predicate Abstraction,SN Computer Science,,,,10.1007/s42979-020-00426-2,Md Imran AlamRaju Halder,2021,https://link.springer.com/article/10.1007/s42979-020-00426-2,Article
A survey on automation approaches of smart contract generation,The Journal of Supercomputing,,,,10.1007/s11227-023-05262-8,Rawya MarsSaoussen CheikhrouhouSlim KallelAhmed Hadj Kacem,2023,https://link.springer.com/article/10.1007/s11227-023-05262-8,Article
Varda: A Framework for&#xa0;Compositional Distributed Programming,Networked Systems,,,,10.1007/978-3-031-17436-0_2,Laurent ProsperiAhmed BouajjaniMarc Shapiro,2022,https://link.springer.com/chapter/10.1007/978-3-031-17436-0_2,Conference paper
DiverGet: a Search-Based Software Testing approach for Deep Neural Network Quantization assessment,Empirical Software Engineering,,,,10.1007/s10664-022-10202-w,Ahmed Haj YahmedHoussem Ben BraiekFoutse KhomhSonia BouzidiRania Zaatour,2022,https://link.springer.com/article/10.1007/s10664-022-10202-w,Article
Formalizing Spark Applications with MSVL,Structured Object-Oriented Formal Language and Method,,,,10.1007/978-3-030-77474-5_13,Meng WangShushan Li,2021,https://link.springer.com/chapter/10.1007/978-3-030-77474-5_13,Conference paper
Efficient Computation of&#xa0;Behavioral Changes in&#xa0;Declarative Process Models,"Enterprise, Business-Process and Information Systems Modeling",,,,10.1007/978-3-031-34241-7_10,Nicolai SchützenmeierCarl CoreaPatrick DelfmannStefan Jablonski,2023,https://link.springer.com/chapter/10.1007/978-3-031-34241-7_10,Conference paper
Model vs system level testing of autonomous driving systems: a replication and extension study,Empirical Software Engineering,,,,10.1007/s10664-023-10306-x,Andrea StoccoBrian PulferPaolo Tonella,2023,https://link.springer.com/article/10.1007/s10664-023-10306-x,Article
Domain Precision in&#xa0;Galois Connection-Less Abstract Interpretation,Static Analysis,,,,10.1007/978-3-031-44245-2_19,Isabella MastroeniMichele Pasqua,2023,https://link.springer.com/chapter/10.1007/978-3-031-44245-2_19,Conference paper
A comparison of reinforcement learning frameworks for software testing tasks,Empirical Software Engineering,,,,10.1007/s10664-023-10363-2,Paulina Stevia Nouwou MindomAmin NikanjamFoutse Khomh,2023,https://link.springer.com/article/10.1007/s10664-023-10363-2,Article
Verification and Validation Plan in a Software Product: A Practical Study,Applied Technologies,,,,10.1007/978-3-031-03884-6_38,Cathy Pamela Guevara-VegaRobert Alexander Patiño ChalacánPablo Andrés LandetaXavier Mauricio Rea-PeñafielJosé Antonio Quiña-Mera,2022,https://link.springer.com/chapter/10.1007/978-3-031-03884-6_38,Conference paper
Automated Safety Verification of Programs Invoking Neural Networks,Computer Aided Verification,,,,10.1007/978-3-030-81685-8_9,Maria ChristakisHasan Ferit EniserHolger HermannsJörg HoffmannYugesh KothariJianlin LiJorge A. NavasValentin Wüstholz,2021,https://link.springer.com/chapter/10.1007/978-3-030-81685-8_9,Conference paper
Extending ASMETA with Time Features,Rigorous State-Based Methods,,,,10.1007/978-3-030-77543-8_8,Andrea BombardaSilvia BonfantiAngelo GargantiniElvinia Riccobene,2021,https://link.springer.com/chapter/10.1007/978-3-030-77543-8_8,Conference paper
Live Software Development Environment Using Virtual Reality: A Prototype and Experiment,Evaluation of Novel Approaches to Software Engineering,,,,10.1007/978-3-030-40223-5_5,Diogo AmaralGil DominguesJoão Pedro DiasHugo Sereno FerreiraAdemar AguiarRui NóbregaFilipe Figueiredo Correia,2020,https://link.springer.com/chapter/10.1007/978-3-030-40223-5_5,Conference paper
Prototyping Games Using Formal Methods,Formal Methods – Fun for Everybody,,,,10.1007/978-3-030-71374-4_6,Sebastian KringsPhilipp Körner,2021,https://link.springer.com/chapter/10.1007/978-3-030-71374-4_6,Conference paper
Nested Monitors: Monitors as Expressions to Build Monitors,Runtime Verification,,,,10.1007/978-3-030-88494-9_9,Felipe GorostiagaCésar Sánchez,2021,https://link.springer.com/chapter/10.1007/978-3-030-88494-9_9,Conference paper
Mining Precise Test Oracle Modelled by&#xa0;FSM,Testing Software and Systems,,,,10.1007/978-3-031-04673-5_2,Omer Nguena Timo,2022,https://link.springer.com/chapter/10.1007/978-3-031-04673-5_2,Conference paper
Symbolic Computation in Maude: Some Tapas,Logic-Based Program Synthesis and Transformation,,,,10.1007/978-3-030-68446-4_1,José Meseguer,2021,https://link.springer.com/chapter/10.1007/978-3-030-68446-4_1,Conference paper
Formal translation of YAWL workflow models to the Alloy formal specifications: a testing application,Software and Systems Modeling,,,,10.1007/s10270-022-01043-8,Mehran RivadehSeyed-Hassan Mirian-Hosseinabadi,2022,https://link.springer.com/article/10.1007/s10270-022-01043-8,Article
Program Semantics and&#xa0;Verification Technique for&#xa0;AI-Centred Programs,Formal Methods,,,,10.1007/978-3-031-27481-7_27,Fortunat RajaonaIoana BoureanuVadim MalvoneFrancesco Belardinelli,2023,https://link.springer.com/chapter/10.1007/978-3-031-27481-7_27,Conference paper
Apply Formal Methods in Certifying the SyberX High-Assurance Kernel,Formal Methods,,,,10.1007/978-3-030-90870-6_46,Wenjing XuYongwang ZhaoChengtao CaoJean Raphael Ngnie SighomLei WangZhe JiangShihong Zou,2021,https://link.springer.com/chapter/10.1007/978-3-030-90870-6_46,Conference paper
Mismorphism: The Heart of the Weird Machine,Security Protocols XXVII,,,,10.1007/978-3-030-57043-9_11,Prashant AnantharamanVijay KothariJ. Peter BradyIra Ray JenkinsSameed AliMichael C. MillianRoss KoppelJim BlytheSergey BratusSean W. Smith,2020,https://link.springer.com/chapter/10.1007/978-3-030-57043-9_11,Conference paper
A calculus for modular loop acceleration and non-termination proofs,International Journal on Software Tools for Technology Transfer,,,,10.1007/s10009-022-00670-2,Florian FrohnCarsten Fuhs,2022,https://link.springer.com/article/10.1007/s10009-022-00670-2,Article
Model checking strategy-controlled systems in rewriting logic,Automated Software Engineering,,,,10.1007/s10515-021-00307-9,Rubén RubioNarciso Martí-OlietIsabel PitaAlberto Verdejo,2021,https://link.springer.com/article/10.1007/s10515-021-00307-9,Article
Probabilistic Metric Temporal Graph Logic,Graph Transformation,,,,10.1007/978-3-031-09843-7_4,Sven SchneiderMaria MaximovaHolger Giese,2022,https://link.springer.com/chapter/10.1007/978-3-031-09843-7_4,Conference paper
On Reconciling Schedulability Analysis and Model Checking in Robotics,New Trends in Model and Data Engineering,,,,10.1007/978-3-030-32213-7_3,Mohammed Foughali,2019,https://link.springer.com/chapter/10.1007/978-3-030-32213-7_3,Conference paper
SMT-Based Modeling and&#xa0;Verification of&#xa0;Spiking Neural Networks: A Case Study,"Verification, Model Checking, and Abstract Interpretation",,,,10.1007/978-3-031-24950-1_2,Soham BanerjeeSumana GhoshAnsuman BanerjeeSwarup K. Mohalik,2023,https://link.springer.com/chapter/10.1007/978-3-031-24950-1_2,Conference paper
BUBEN: Automated Library Abstractions Enabling Scalable Bug Detection for Large Programs with I/O and Complex Environment,Automated Technology for Verification and Analysis,,,,10.1007/978-3-030-31784-3_13,Pavel Parízek,2019,https://link.springer.com/chapter/10.1007/978-3-030-31784-3_13,Conference paper
An Efficient Subsumption Test Pipeline for&#xa0;BS(LRA) Clauses,Automated Reasoning,,,,10.1007/978-3-031-10769-6_10,Martin BrombergerLorenz LeutgebChristoph Weidenbach,2022,https://link.springer.com/chapter/10.1007/978-3-031-10769-6_10,Conference paper
CoCo 2019: report on the eighth confluence competition,International Journal on Software Tools for Technology Transfer,,,,10.1007/s10009-021-00620-4,Aart MiddeldorpJulian NageleKiraku Shintani,2021,https://link.springer.com/article/10.1007/s10009-021-00620-4,Article
Systematic mapping study on domain-specific language development tools,Empirical Software Engineering,,,,10.1007/s10664-020-09872-1,Aníbal IungJoão CarbonellLuciano MarchezanElder RodriguesMaicon BernardinoFabio Paulo BassoBruno Medeiros,2020,https://link.springer.com/article/10.1007/s10664-020-09872-1,Article
Efficient Concurrent Execution of Smart Contracts in Blockchains Using Object-Based Transactional Memory,Networked Systems,,,,10.1007/978-3-030-67087-0_6,Parwat Singh AnjanaHagit AttiyaSweta KumariSathya PeriArchit Somani,2021,https://link.springer.com/chapter/10.1007/978-3-030-67087-0_6,Conference paper
A normative approach for resilient multiagent systems,Autonomous Agents and Multi-Agent Systems,,,,10.1007/s10458-023-09627-4,Geeta MahalaÖzgür KafalıHoa DamAditya GhoseMunindar P. Singh,2023,https://link.springer.com/article/10.1007/s10458-023-09627-4,Article
Actor-Based Runtime Verification with MESA,Runtime Verification,,,,10.1007/978-3-030-60508-7_12,Nastaran ShafieiKlaus HavelundPeter Mehlitz,2020,https://link.springer.com/chapter/10.1007/978-3-030-60508-7_12,Conference paper
Tri-level regression testing using nature-inspired algorithms,Innovations in Systems and Software Engineering,,,,10.1007/s11334-021-00384-9,Anu BajajOm Prakash Sangwan,2021,https://link.springer.com/article/10.1007/s11334-021-00384-9,Article
Cybersecurity Education and Formal Methods,Formal Methods – Fun for Everybody,,,,10.1007/978-3-030-71374-4_8,James H. DavenportTom Crick,2021,https://link.springer.com/chapter/10.1007/978-3-030-71374-4_8,Conference paper
Automated generation of consistent models using qualitative abstractions and exploration strategies,Software and Systems Modeling,,,,10.1007/s10270-021-00918-6,Aren A. BabikianOszkár SemeráthAnqi LiKristóf MarussyDániel Varró,2021,https://link.springer.com/article/10.1007/s10270-021-00918-6,Article
Shades of&#xa0;Iteration: From Elgot to&#xa0;Kleene,Recent Trends in Algebraic Development Techniques,,,,10.1007/978-3-031-43345-0_5,Sergey Goncharov,2023,https://link.springer.com/chapter/10.1007/978-3-031-43345-0_5,Conference paper
A survey on runtime testing of dynamically adaptable and distributed systems,Software Quality Journal,,,,10.1007/s11219-021-09558-x,Mariam LahamiMoez Krichen,2021,https://link.springer.com/article/10.1007/s11219-021-09558-x,Article
Causality-Based Game Solving,Computer Aided Verification,,,,10.1007/978-3-030-81685-8_42,Christel BaierNorine CoenenBernd FinkbeinerFlorian FunkeSimon JantschJulian Siber,2021,https://link.springer.com/chapter/10.1007/978-3-030-81685-8_42,Conference paper
Verified Software Units for&#xa0;Simple DFA Modules and&#xa0;Objects in&#xa0;C,"Leveraging Applications of Formal Methods, Verification and Validation. Software Engineering",,,,10.1007/978-3-031-19756-7_14,Lennart Beringer,2022,https://link.springer.com/chapter/10.1007/978-3-031-19756-7_14,Conference paper
A Logical Framework for&#xa0;Reasoning About Local and&#xa0;Global Properties of&#xa0;Collective Systems,Quantitative Evaluation of Systems,,,,10.1007/978-3-031-16336-4_7,Michele LoretiAniqa Rehman,2022,https://link.springer.com/chapter/10.1007/978-3-031-16336-4_7,Conference paper
Formal Controller Synthesis for&#xa0;Markov Jump Linear Systems with&#xa0;Uncertain Dynamics,Quantitative Evaluation of Systems,,,,10.1007/978-3-031-43835-6_2,Luke RickardThom BadingsLicio RomaoAlessandro Abate,2023,https://link.springer.com/chapter/10.1007/978-3-031-43835-6_2,Conference paper
On Configuring a Testbed for Dependability Experiments: Guidelines and Fault Injection Case Study,"Computer Safety, Reliability, and Security",,,,10.1007/978-3-030-54549-9_28,João R. CamposErnesto CostaMarco Vieira,2020,https://link.springer.com/chapter/10.1007/978-3-030-54549-9_28,Conference paper
Automatic Program Instrumentation for&#xa0;Automatic Verification,Computer Aided Verification,,,,10.1007/978-3-031-37709-9_14,Jesper AmilonZafer EsenDilian GurovChristian LidströmPhilipp Rümmer,2023,https://link.springer.com/chapter/10.1007/978-3-031-37709-9_14,Conference paper
A Retrospective Look at the Monitoring and Checking (MaC) Framework,Runtime Verification,,,,10.1007/978-3-030-32079-9_1,Sampath KannanMoonzoo KimInsup LeeOleg SokolskyMahesh Viswanathan,2019,https://link.springer.com/chapter/10.1007/978-3-030-32079-9_1,Conference paper
Compositional Automata Learning of Synchronous Systems,Fundamental Approaches to Software Engineering,,,,10.1007/978-3-031-30826-0_3,Thomas NeeleMatteo Sammartino,2023,https://link.springer.com/chapter/10.1007/978-3-031-30826-0_3,Conference paper
Counterexample classification,Software and Systems Modeling,,,,10.1007/s10270-023-01118-0,Cole VickEunsuk KangStavros Tripakis,2023,https://link.springer.com/article/10.1007/s10270-023-01118-0,Article
Modeling and formal analysis of virtually synchronous cyber-physical systems in AADL,International Journal on Software Tools for Technology Transfer,,,,10.1007/s10009-022-00665-z,Jaehun LeeKyungmin BaePeter Csaba ÖlveczkySharon KimMinseok Kang,2022,https://link.springer.com/article/10.1007/s10009-022-00665-z,Article
A Monoidal View on&#xa0;Fixpoint Checks,Graph Transformation,,,,10.1007/978-3-031-36709-0_1,Paolo BaldanRichard EggertBarbara KönigTimo MattTommaso Padoan,2023,https://link.springer.com/chapter/10.1007/978-3-031-36709-0_1,Conference paper
NORMA: a tool for the analysis of Relay-based Railway Interlocking Systems,Tools and Algorithms for the Construction and Analysis of Systems,,,,10.1007/978-3-030-99524-9_7,Arturo AmendolaAnna BecchiRoberto CavadaAlessandro CimattiAndrea FerrandoLorenzo PilatiGiuseppe ScaglioneAlberto TacchellaMarco Zamboni,2022,https://link.springer.com/chapter/10.1007/978-3-030-99524-9_7,Conference paper
Behavioural Types for Memory and Method Safety in a Core Object-Oriented Language,Programming Languages and Systems,,,,10.1007/978-3-030-64437-6_6,Mario BravettiAdrian FrancalanzaIaroslav GolovanovHans HüttelMathias S. JakobsenMikkel K. KettunenAntónio Ravara,2020,https://link.springer.com/chapter/10.1007/978-3-030-64437-6_6,Conference paper
A Formal Semantics of the GraalVM Intermediate Representation,Automated Technology for Verification and Analysis,,,,10.1007/978-3-030-88885-5_8,Brae J. WebbMark UttingIan J. Hayes,2021,https://link.springer.com/chapter/10.1007/978-3-030-88885-5_8,Conference paper
Mutation testing with hyperproperties,Software and Systems Modeling,,,,10.1007/s10270-020-00850-1,Andreas FellnerMitra Tabaei BefroueiGeorg Weissenbacher,2021,https://link.springer.com/article/10.1007/s10270-020-00850-1,Article
An empirical study of vulnerabilities in edge frameworks to support security testing improvement,Empirical Software Engineering,,,,10.1007/s10664-023-10330-x,Jahanzaib MalikFabrizio Pastore,2023,https://link.springer.com/article/10.1007/s10664-023-10330-x,Article
Test case selection and prioritization using machine learning: a systematic literature review,Empirical Software Engineering,,,,10.1007/s10664-021-10066-6,Rongqi PanMojtaba BagherzadehTaher A. GhalebLionel Briand,2021,https://link.springer.com/article/10.1007/s10664-021-10066-6,Article
A domain-specific language to design false data injection tests for air traffic control systems,International Journal on Software Tools for Technology Transfer,,,,10.1007/s10009-021-00604-4,Alexandre VernotteAymeric CretinBruno LegeardFabien Peureux,2021,https://link.springer.com/article/10.1007/s10009-021-00604-4,Article
Scalability resilience framework using application-level fault injection for cloud-based software services,Journal of Cloud Computing,,,,10.1186/s13677-021-00277-z,Amro Al-Said AhmadPeter Andras,2022,https://link.springer.com/article/10.1186/s13677-021-00277-z,Article
Learning Realtime One-Counter Automata,Tools and Algorithms for the Construction and Analysis of Systems,,,,10.1007/978-3-030-99524-9_13,Véronique BruyèreGuillermo A. PérezGaëtan Staquet,2022,https://link.springer.com/chapter/10.1007/978-3-030-99524-9_13,Conference paper
Non-linear Optimization Methods for&#xa0;Learning Regular Distributions,Formal Methods  and Software Engineering,,,,10.1007/978-3-031-17244-1_4,Wenjing ChuShuo ChenMarcello Bonsangue,2022,https://link.springer.com/chapter/10.1007/978-3-031-17244-1_4,Conference paper
Stateful Black-Box Fuzzing of&#xa0;Bluetooth Devices Using Automata Learning,NASA Formal Methods,,,,10.1007/978-3-031-06773-0_20,Andrea PferscherBernhard K. Aichernig,2022,https://link.springer.com/chapter/10.1007/978-3-031-06773-0_20,Conference paper
An approach for performance requirements verification and test environments generation,Requirements Engineering,,,,10.1007/s00766-022-00379-3,Waleed AbdeenXingru ChenMichael Unterkalmsteiner,2022,https://link.springer.com/article/10.1007/s00766-022-00379-3,Article
Improving ENIGMA-style Clause Selection while Learning From History,Automated Deduction – CADE 28,,,,10.1007/978-3-030-79876-5_31,Martin Suda,2021,https://link.springer.com/chapter/10.1007/978-3-030-79876-5_31,Conference paper
Verified Rust Monitors for Lola Specifications,Runtime Verification,,,,10.1007/978-3-030-60508-7_24,Bernd FinkbeinerStefan OswaldNoemi PassingMaximilian Schwenger,2020,https://link.springer.com/chapter/10.1007/978-3-030-60508-7_24,Conference paper
Software microbenchmarking in the cloud. How bad is it really?,Empirical Software Engineering,,,,10.1007/s10664-019-09681-1,Christoph LaaberJoel ScheunerPhilipp Leitner,2019,https://link.springer.com/article/10.1007/s10664-019-09681-1,Article
Verification of&#xa0;Programs with&#xa0;Exceptions Through Operator Precedence Automata,Software Engineering and Formal Methods,,,,10.1007/978-3-030-92124-8_17,Francesco PontiggiaMichele ChiariMatteo Pradella,2021,https://link.springer.com/chapter/10.1007/978-3-030-92124-8_17,Conference paper
Synthesis of&#xa0;Distributed Protocols by&#xa0;Enumeration Modulo Isomorphisms,Automated Technology for Verification and Analysis,,,,10.1007/978-3-031-45329-8_13,Derek EgolfStavros Tripakis,2023,https://link.springer.com/chapter/10.1007/978-3-031-45329-8_13,Conference paper
Efficient Bounded Model Checking of Heap-Manipulating Programs using Tight Field Bounds,Fundamental Approaches to Software Engineering,,,,10.1007/978-3-030-71500-7_11,Pablo PonzioAriel GodioNicolás RosnerMarcelo ArroyoNazareno AguirreMarcelo F. Frias,2021,https://link.springer.com/chapter/10.1007/978-3-030-71500-7_11,Conference paper
ADCL: Acceleration Driven Clause Learning for&#xa0;Constrained Horn Clauses,Static Analysis,,,,10.1007/978-3-031-44245-2_13,Florian FrohnJürgen Giesl,2023,https://link.springer.com/chapter/10.1007/978-3-031-44245-2_13,Conference paper
Automatic test improvement with DSpot: a study with ten mature open-source projects,Empirical Software Engineering,,,,10.1007/s10664-019-09692-y,Benjamin DanglotOscar Luis Vera-PérezBenoit BaudryMartin Monperrus,2019,https://link.springer.com/article/10.1007/s10664-019-09692-y,Article
Learning Model Checking and the Kernel Trick for Signal Temporal Logic on Stochastic Processes,Tools and Algorithms for the Construction and Analysis of Systems,,,,10.1007/978-3-030-99524-9_15,Luca BortolussiGiuseppe Maria GalloJan KřetínskýLaura Nenzi,2022,https://link.springer.com/chapter/10.1007/978-3-030-99524-9_15,Conference paper
Specifying Framing Conditions for Smart Contracts,"Leveraging Applications of Formal Methods, Verification and Validation: Applications",,,,10.1007/978-3-030-61467-6_4,Bernhard BeckertJonas Schiffl,2020,https://link.springer.com/chapter/10.1007/978-3-030-61467-6_4,Conference paper
Proving Termination of&#xa0;C Programs with&#xa0;Lists,Automated Deduction – CADE 29,,,,10.1007/978-3-031-38499-8_16,Jera HenselJürgen Giesl,2023,https://link.springer.com/chapter/10.1007/978-3-031-38499-8_16,Conference paper
MAG $$\pi $$ : Types for Failure-Prone Communication,Programming Languages and Systems,,,,10.1007/978-3-031-30044-8_14,Matthew Alan Le BrunOrnela Dardha,2023,https://link.springer.com/chapter/10.1007/978-3-031-30044-8_14,Conference paper
Model-based Player Experience Testing with Emotion Pattern Verification,Fundamental Approaches to Software Engineering,,,,10.1007/978-3-031-30826-0_9,Saba Gholizadeh AnsariI. S. W. B. PrasetyaDavide PrandiFitsum Meshesha KifetewMehdi DastaniFrank DignumGabriele Keller,2023,https://link.springer.com/chapter/10.1007/978-3-031-30826-0_9,Conference paper
Model-Based Simulation at Runtime with Abstract State Machines,Software Architecture,,,,10.1007/978-3-030-59155-7_29,Elvinia RiccobenePatrizia Scandurra,2020,https://link.springer.com/chapter/10.1007/978-3-030-59155-7_29,Conference paper
An actor-based framework for asynchronous event-based cyber-physical systems,Software and Systems Modeling,,,,10.1007/s10270-021-00877-y,Iman JahandidehFatemeh GhassemiMarjan Sirjani,2021,https://link.springer.com/article/10.1007/s10270-021-00877-y,Article
Formal verification of group and propagated trust in multi-agent systems,Autonomous Agents and Multi-Agent Systems,,,,10.1007/s10458-021-09542-6,Nagat DrawelJamal BentaharAmine LaarejGaith Rjoub,2022,https://link.springer.com/article/10.1007/s10458-021-09542-6,Article
From Statistical Model Checking to Run-Time Monitoring Using a Bayesian Network Approach,Runtime Verification,,,,10.1007/978-3-030-60508-7_30,Manfred JaegerKim G. LarsenAlessandro Tibo,2020,https://link.springer.com/chapter/10.1007/978-3-030-60508-7_30,Conference paper
Evaluating the impact of falsely detected performance bug-inducing changes in JIT models,Empirical Software Engineering,,,,10.1007/s10664-021-10004-6,Sophia QuachMaxime LamotheBram AdamsYasutaka KameiWeiyi Shang,2021,https://link.springer.com/article/10.1007/s10664-021-10004-6,Article
Automated patch assessment for program repair at scale,Empirical Software Engineering,,,,10.1007/s10664-020-09920-w,He YeMatias MartinezMartin Monperrus,2021,https://link.springer.com/article/10.1007/s10664-020-09920-w,Article
A Refactoring for&#xa0;Data Minimisation Using Formal Verification,"Leveraging Applications of Formal Methods, Verification and Validation. Software Engineering",,,,10.1007/978-3-031-19756-7_19,Florian LanzingerMattias UlbrichAlexander Weigl,2022,https://link.springer.com/chapter/10.1007/978-3-031-19756-7_19,Conference paper
Mining understandable state machine models from embedded code,Empirical Software Engineering,,,,10.1007/s10664-020-09865-0,Wasim SaidJochen QuanteRainer Koschke,2020,https://link.springer.com/article/10.1007/s10664-020-09865-0,Article
Decidability of&#xa0;Liveness for&#xa0;Concurrent Objects on&#xa0;the&#xa0;TSO Memory Model,"Dependable Software Engineering. Theories, Tools, and Applications",,,,10.1007/978-3-031-21213-0_10,Chao WangGustavo PetriYi LvTeng LongZhiming Liu,2022,https://link.springer.com/chapter/10.1007/978-3-031-21213-0_10,Conference paper
Pragmatic Gradual Polymorphism with References,Programming Languages and Systems,,,,10.1007/978-3-031-30044-8_6,Wenjia YeBruno C. d. S. Oliveira,2023,https://link.springer.com/chapter/10.1007/978-3-031-30044-8_6,Conference paper
An Overview of Cloud Computing Testing Research,Cloud Computing – CLOUD 2019,,,,10.1007/978-3-030-23502-4_21,Jia YaoBabak Maleki ShojaNasseh Tabrizi,2019,https://link.springer.com/chapter/10.1007/978-3-030-23502-4_21,Conference paper
Embedding High-Level Formal Specifications into Applications,Formal Methods – The Next 30 Years,,,,10.1007/978-3-030-30942-8_31,Philipp KörnerJens BendispostoJannik DunkelauSebastian KringsMichael Leuschel,2019,https://link.springer.com/chapter/10.1007/978-3-030-30942-8_31,Conference paper
Bytecode-Based Multiple Condition Coverage: An Initial Investigation,Search-Based Software Engineering,,,,10.1007/978-3-030-59762-7_16,Srujana BollinaGregory Gay,2020,https://link.springer.com/chapter/10.1007/978-3-030-59762-7_16,Conference paper
Commutativity for&#xa0;Concurrent Program Termination Proofs,Computer Aided Verification,,,,10.1007/978-3-031-37706-8_6,Danya LetteAzadeh Farzan,2023,https://link.springer.com/chapter/10.1007/978-3-031-37706-8_6,Conference paper
Principled and Pragmatic Specification of Programming Languages,Formal Methods Teaching,,,,10.1007/978-3-030-32441-4_11,Adrian JohnstoneElizabeth Scott,2019,https://link.springer.com/chapter/10.1007/978-3-030-32441-4_11,Conference paper
Constrained permutation-based test scenario generation from concurrent activity diagrams,Innovations in Systems and Software Engineering,,,,10.1007/s11334-021-00389-4,Mahesh ShiroleRajeev Kumar,2021,https://link.springer.com/article/10.1007/s11334-021-00389-4,Article
Verification supported refactoring of embedded <span>sql</span>,Software Quality Journal,,,,10.1007/s11219-020-09517-y,Mirko SpasićMilena Vujošević Janičić,2020,https://link.springer.com/article/10.1007/s11219-020-09517-y,Article
Applicative Intersection Types,Programming Languages and Systems,,,,10.1007/978-3-031-21037-2_8,Xu XueBruno C. d. S. OliveiraNingning Xie,2022,https://link.springer.com/chapter/10.1007/978-3-031-21037-2_8,Conference paper
Learning Finite State Models from Recurrent Neural Networks,Integrated Formal Methods,,,,10.1007/978-3-031-07727-2_13,Edi MuškardinBernhard K. AichernigIngo PillMartin Tappler,2022,https://link.springer.com/chapter/10.1007/978-3-031-07727-2_13,Conference paper
Live synthesis,Innovations in Systems and Software Engineering,,,,10.1007/s11334-022-00447-5,Bernd FinkbeinerFelix KleinNiklas Metzger,2022,https://link.springer.com/article/10.1007/s11334-022-00447-5,Article
Effectiveness of Annotation-Based Static Type Inference,Functional and Constraint Logic Programming,,,,10.1007/978-3-030-75333-7_5,Isabel WingenPhilipp Körner,2021,https://link.springer.com/chapter/10.1007/978-3-030-75333-7_5,Conference paper
Bounded-Memory Runtime Enforcement,Model Checking Software,,,,10.1007/978-3-031-15077-7_7,Saumya ShankarAntoine RolletSrinivas PinisettyYliès Falcone,2022,https://link.springer.com/chapter/10.1007/978-3-031-15077-7_7,Conference paper
Abstraction-Refinement for&#xa0;Hierarchical Probabilistic Models,Computer Aided Verification,,,,10.1007/978-3-031-13185-1_6,Sebastian JungesMatthijs T. J. Spaan,2022,https://link.springer.com/chapter/10.1007/978-3-031-13185-1_6,Conference paper
HyperProb: A Model Checker for Probabilistic Hyperproperties,Formal Methods,,,,10.1007/978-3-030-90870-6_35,Oyendrila DobeErika ÁbrahámEzio BartocciBorzoo Bonakdarpour,2021,https://link.springer.com/chapter/10.1007/978-3-030-90870-6_35,Conference paper
Modelling Flocks of&#xa0;Birds from&#xa0;the&#xa0;Bottom Up,"Leveraging Applications of Formal Methods, Verification and Validation. Adaptation and Learning",,,,10.1007/978-3-031-19759-8_6,Rocco De NicolaLuca Di StefanoOmar InversoSerenella Valiani,2022,https://link.springer.com/chapter/10.1007/978-3-031-19759-8_6,Conference paper
PAYNT: A Tool for Inductive Synthesis of Probabilistic Programs,Computer Aided Verification,,,,10.1007/978-3-030-81685-8_40,Roman AndriushchenkoMilan ČeškaSebastian JungesJoost-Pieter KatoenŠimon Stupinský,2021,https://link.springer.com/chapter/10.1007/978-3-030-81685-8_40,Conference paper
CEGAR-Tableaux: Improved Modal Satisfiability via Modal Clause-Learning and SAT,Automated Reasoning with Analytic Tableaux and Related Methods,,,,10.1007/978-3-030-86059-2_5,Rajeev GoréCormac Kikkert,2021,https://link.springer.com/chapter/10.1007/978-3-030-86059-2_5,Conference paper
Deep specification and proof preservation for the CoqTL transformation language,Software and Systems Modeling,,,,10.1007/s10270-022-01004-1,Zheng ChengMassimo Tisi,2022,https://link.springer.com/article/10.1007/s10270-022-01004-1,Article
Verification of Smart Contract Business Logic,Fundamentals of Software Engineering,,,,10.1007/978-3-030-31517-7_16,Wolfgang AhrendtRichard BubelJoshua EllulGordon J. PaceRaúl PardoVincent RebiscoulGerardo Schneider,2019,https://link.springer.com/chapter/10.1007/978-3-030-31517-7_16,Conference paper
Scalable Typestate Analysis for&#xa0;Low-Latency Environments,Integrated Formal Methods,,,,10.1007/978-3-031-07727-2_18,Alen ArslanagićPavle SubotićJorge A. Pérez,2022,https://link.springer.com/chapter/10.1007/978-3-031-07727-2_18,Conference paper
SOS Rules for Equivalences of Reaction Systems,Functional and Constraint Logic Programming,,,,10.1007/978-3-030-75333-7_1,Linda BrodoRoberto BruniMoreno Falaschi,2021,https://link.springer.com/chapter/10.1007/978-3-030-75333-7_1,Conference paper
$$\pi $$ with Leftovers: A Mechanisation in Agda,"Formal Techniques for Distributed Objects, Components, and Systems",,,,10.1007/978-3-030-78089-0_9,Uma ZalakainOrnela Dardha,2021,https://link.springer.com/chapter/10.1007/978-3-030-78089-0_9,Conference paper
On Verification of Smart Contracts via Model Checking,Theoretical Aspects of Software Engineering,,,,10.1007/978-3-031-10363-6_7,Yulong BaoXue-Yang ZhuWenhui ZhangWuwei ShenPengfei SunYingqi Zhao,2022,https://link.springer.com/chapter/10.1007/978-3-031-10363-6_7,Conference paper
Automaton-based comparison of Declare process models,Software and Systems Modeling,,,,10.1007/s10270-022-01069-y,Nicolai SchützenmeierMartin KäppelLars AckermannStefan JablonskiSebastian Petter,2022,https://link.springer.com/article/10.1007/s10270-022-01069-y,Article
On effort-aware metrics for defect prediction,Empirical Software Engineering,,,,10.1007/s10664-022-10186-7,Jonida ÇarkaMatteo EspositoDavide Falessi,2022,https://link.springer.com/article/10.1007/s10664-022-10186-7,Article
Fingerprinting Bluetooth Low Energy Devices via Active Automata Learning,Formal Methods,,,,10.1007/978-3-030-90870-6_28,Andrea PferscherBernhard K. Aichernig,2021,https://link.springer.com/chapter/10.1007/978-3-030-90870-6_28,Conference paper
Designing XML Schema Inference Algorithm for&#xa0;Intra-enterprise Use,Perspectives in Business Informatics Research,,,,10.1007/978-3-031-16947-2_3,Dmitry UraevEduard Babkin,2022,https://link.springer.com/chapter/10.1007/978-3-031-16947-2_3,Conference paper
Exploring effective uses of the tagged memory for reducing bounds checking overheads,The Journal of Supercomputing,,,,10.1007/s11227-022-04694-y,Jiwon SeoInyoung BangYungi ChoJangseop ShinDongil HwangDonghyun KwonYeongpil ChoYunheung Paek,2022,https://link.springer.com/article/10.1007/s11227-022-04694-y,Article
IELE: A Rigorously Designed Language and Tool Ecosystem for the Blockchain,Formal Methods – The Next 30 Years,,,,10.1007/978-3-030-30942-8_35,Theodoros KasampalisDwight GuthBrandon MooreTraian Florin ȘerbănuțăYi ZhangDaniele FilarettiVirgil ȘerbănuțăRalph JohnsonGrigore Roşu,2019,https://link.springer.com/chapter/10.1007/978-3-030-30942-8_35,Conference paper
Test input generation from cause–effect graphs,Software Quality Journal,,,,10.1007/s11219-021-09560-3,Deniz Kavzak UfuktepeTolga AyavFevzi Belli,2021,https://link.springer.com/article/10.1007/s11219-021-09560-3,Article
Exposing bugs in JavaScript engines through test transplantation and differential testing,Software Quality Journal,,,,10.1007/s11219-020-09537-8,Igor LimaJefferson SilvaBreno MirandaGustavo PintoMarcelo d’Amorim,2021,https://link.springer.com/article/10.1007/s11219-020-09537-8,Article
Highly Automated Formal Proofs over Memory Usage of Assembly Code,Tools and Algorithms for the Construction and Analysis of Systems,,,,10.1007/978-3-030-45237-7_6,Freek VerbeekJoshua A. BockenekBinoy Ravindran,2020,https://link.springer.com/chapter/10.1007/978-3-030-45237-7_6,Conference paper
Correct program parallelisations,International Journal on Software Tools for Technology Transfer,,,,10.1007/s10009-020-00601-z,S. BlomS. DarabiM. HuismanM. Safari,2021,https://link.springer.com/article/10.1007/s10009-020-00601-z,Article
A Formal Model for Checking Cryptographic API Usage in JavaScript,Computer Security – ESORICS 2019,,,,10.1007/978-3-030-29959-0_17,Duncan MitchellJohannes Kinder,2019,https://link.springer.com/chapter/10.1007/978-3-030-29959-0_17,Conference paper
Oblivious Online Monitoring for&#xa0;Safety LTL Specification via&#xa0;Fully Homomorphic Encryption,Computer Aided Verification,,,,10.1007/978-3-031-13185-1_22,Ryotaro BannoKotaro MatsuokaNaoki MatsumotoSong BianMasaki WagaKohei Suenaga,2022,https://link.springer.com/chapter/10.1007/978-3-031-13185-1_22,Conference paper
<span>DroidLeaks</span>: a comprehensive database of resource leaks in Android apps,Empirical Software Engineering,,,,10.1007/s10664-019-09715-8,Yepang LiuJue WangLili WeiChang XuShing-Chi CheungTianyong WuJun YanJian Zhang,2019,https://link.springer.com/article/10.1007/s10664-019-09715-8,Article
Search-Based Testing for Scratch Programs,Search-Based Software Engineering,,,,10.1007/978-3-030-59762-7_5,Adina DeinerChristoph FrädrichGordon FraserSophia GesererNiklas Zantner,2020,https://link.springer.com/chapter/10.1007/978-3-030-59762-7_5,Conference paper
Formal requirements modeling for cyber-physical systems engineering: an integrated solution based on FORM-L and Modelica,Requirements Engineering,,,,10.1007/s00766-021-00359-z,Daniel BouskelaAlberto FalconeAlfredo GarroAudrey JardinMartin OtterNguyen ThuyAndrea Tundis,2021,https://link.springer.com/article/10.1007/s00766-021-00359-z,Article
How to&#xa0;Settle the&#xa0;ReDoS Problem: Back to&#xa0;the&#xa0;Classical Automata Theory,Implementation and Application of Automata,,,,10.1007/978-3-031-07469-1_3,Sicheol SungHyunjoon CheonYo-Sub Han,2022,https://link.springer.com/chapter/10.1007/978-3-031-07469-1_3,Conference paper
"No More, No Less",Coordination Models and Languages,,,,10.1007/978-3-030-22397-7_9,Maurizio GabbrielliSaverio GiallorenzoIvan LaneseFabrizio MontesiMarco PeressottiStefano Pio Zingaro,2019,https://link.springer.com/chapter/10.1007/978-3-030-22397-7_9,Conference paper
libfsmtest An&#xa0;Open Source Library for&#xa0;FSM-Based Testing,Testing Software and Systems,,,,10.1007/978-3-031-04673-5_1,Moritz BergenthalNiklas KrafczykJan PeleskaRobert Sachtleben,2022,https://link.springer.com/chapter/10.1007/978-3-031-04673-5_1,Conference paper
Unifying Splitting,Journal of Automated Reasoning,,,,10.1007/s10817-023-09660-8,Gabriel EbnerJasmin BlanchetteSophie Tourret,2023,https://link.springer.com/article/10.1007/s10817-023-09660-8,Article
A Symbolic Algorithm for the Case-Split Rule in String Constraint Solving,Programming Languages and Systems,,,,10.1007/978-3-030-64437-6_18,Yu-Fang ChenVojtěch HavlenaOndřej LengálAndrea Turrini,2020,https://link.springer.com/chapter/10.1007/978-3-030-64437-6_18,Conference paper
Mutation Operators for Large Scale Data Processing Programs in Spark,Advanced Information Systems Engineering,,,,10.1007/978-3-030-49435-3_30,João Batista de Souza NetoAnamaria Martins MoreiraGenoveva Vargas-SolarMartin Alejandro Musicante,2020,https://link.springer.com/chapter/10.1007/978-3-030-49435-3_30,Conference paper
The 2020 Expert Survey on Formal Methods,Formal Methods for Industrial Critical Systems,,,,10.1007/978-3-030-58298-2_1,Hubert GaravelMaurice H. ter BeekJaco van de Pol,2020,https://link.springer.com/chapter/10.1007/978-3-030-58298-2_1,Conference paper
Dependability of Model-Driven Executable DSLs,Software Architecture,,,,10.1007/978-3-030-59155-7_27,Akram Idani,2020,https://link.springer.com/chapter/10.1007/978-3-030-59155-7_27,Conference paper
RTLola Cleared for Take-Off: Monitoring Autonomous Aircraft,Computer Aided Verification,,,,10.1007/978-3-030-53291-8_3,Jan BaumeisterBernd FinkbeinerSebastian SchirmerMaximilian SchwengerChristoph Torens,2020,https://link.springer.com/chapter/10.1007/978-3-030-53291-8_3,Conference paper
cpalockator: Thread-Modular Analysis with Projections,Tools and Algorithms for the Construction and Analysis of Systems,,,,10.1007/978-3-030-72013-1_25,Pavel AndrianovVadim MutilinAlexey Khoroshilov,2021,https://link.springer.com/chapter/10.1007/978-3-030-72013-1_25,Conference paper
Untangling the&#xa0;Graphs of&#xa0;Timed Automata to&#xa0;Decrease the&#xa0;Number of&#xa0;Clocks,Integrated Formal Methods,,,,10.1007/978-3-031-07727-2_10,Neda SaeedloeiFeliks Kluźniak,2022,https://link.springer.com/chapter/10.1007/978-3-031-07727-2_10,Conference paper
Process Algebra Can Save Lives: Static Analysis of&#xa0;XACML Access Control Policies Using mCRL2,"Formal Techniques for Distributed Objects, Components, and Systems",,,,10.1007/978-3-031-08679-3_2,Hamed ArshadRoss HorneChristian JohansenOlaf OweTim A. C. Willemse,2022,https://link.springer.com/chapter/10.1007/978-3-031-08679-3_2,Conference paper
ReSuMo: Regression Mutation Testing for&#xa0;Solidity Smart Contracts,Quality of Information and Communications Technology,,,,10.1007/978-3-031-14179-9_5,Morena BarboniFrancesco CasoniAndrea MorichettaAndrea Polini,2022,https://link.springer.com/chapter/10.1007/978-3-031-14179-9_5,Conference paper
Creusot: A&#xa0;Foundry for&#xa0;the&#xa0;Deductive Verification of&#xa0;Rust Programs,Formal Methods  and Software Engineering,,,,10.1007/978-3-031-17244-1_6,Xavier DenisJacques-Henri JourdanClaude Marché,2022,https://link.springer.com/chapter/10.1007/978-3-031-17244-1_6,Conference paper
Formally Verified Animation for&#xa0;RoboChart Using Interaction Trees,Formal Methods  and Software Engineering,,,,10.1007/978-3-031-17244-1_24,Kangfeng YeSimon FosterJim Woodcock,2022,https://link.springer.com/chapter/10.1007/978-3-031-17244-1_24,Conference paper
Trace Refinement in&#xa0;B and&#xa0;Event-B,Formal Methods  and Software Engineering,,,,10.1007/978-3-031-17244-1_19,Sebastian StockAtif MashkoorMichael LeuschelAlexander Egyed,2022,https://link.springer.com/chapter/10.1007/978-3-031-17244-1_19,Conference paper
A Complete Inference System for Skip-free Guarded Kleene Algebra with Tests,Programming Languages and Systems,,,,10.1007/978-3-031-30044-8_12,Tobias KappéTodd SchmidAlexandra Silva,2023,https://link.springer.com/chapter/10.1007/978-3-031-30044-8_12,Conference paper
Cross-level Co-simulation and Verification of an Automatic Transmission Control on Embedded Processor,Software Engineering and Formal Methods. SEFM 2020 Collocated Workshops,,,,10.1007/978-3-030-67220-1_20,Cinzia BernardeschiAndrea DomeniciMaurizio PalmieriSergio SaponaraTanguy SassolasArief WicaksanaLilia Zaourar,2021,https://link.springer.com/chapter/10.1007/978-3-030-67220-1_20,Conference paper
Theoretical and Implementational Aspects of the Formal Language Server (LaSer),Beyond the Horizon of Computability,,,,10.1007/978-3-030-51466-2_25,Stavros Konstantinidis,2020,https://link.springer.com/chapter/10.1007/978-3-030-51466-2_25,Conference paper
Reliable Reconstruction of Fine-grained Proofs in a Proof Assistant,Automated Deduction – CADE 28,,,,10.1007/978-3-030-79876-5_26,Hans-Jörg SchurrMathias FleuryMartin Desharnais,2021,https://link.springer.com/chapter/10.1007/978-3-030-79876-5_26,Conference paper
Early Verification of&#xa0;Legal Compliance via&#xa0;Bounded Satisfiability Checking,Computer Aided Verification,,,,10.1007/978-3-031-37709-9_18,Nick FengLina MarssoMehrdad SabetzadehMarsha Chechik,2023,https://link.springer.com/chapter/10.1007/978-3-031-37709-9_18,Conference paper
Improving Search-Based Android Test Generation Using Surrogate Models,Search-Based Software Engineering,,,,10.1007/978-3-031-21251-2_4,Michael AuerFelix AdlerGordon Fraser,2022,https://link.springer.com/chapter/10.1007/978-3-031-21251-2_4,Conference paper
Coverage Analysis of Net Inscriptions in Coloured Petri Net Models,Verification and Evaluation of Computer and Communication Systems,,,,10.1007/978-3-030-65955-4_6,Faustin AhishakiyeJosé Ignacio Requeno JaraboLars Michael KristensenVolker Stolz,2020,https://link.springer.com/chapter/10.1007/978-3-030-65955-4_6,Conference paper
Delay-Bounded Scheduling Without Delay!,Computer Aided Verification,,,,10.1007/978-3-030-81685-8_18,Andrew JohnsonThomas Wahl,2021,https://link.springer.com/chapter/10.1007/978-3-030-81685-8_18,Conference paper
On systematically building a controlled natural language for functional requirements,Empirical Software Engineering,,,,10.1007/s10664-021-09956-6,Alvaro VeizagaMauricio AlferezDamiano TorreMehrdad SabetzadehLionel Briand,2021,https://link.springer.com/article/10.1007/s10664-021-09956-6,Article
Towards an Efficient Performance Testing Through Dynamic Workload Adaptation,Testing Software and Systems,,,,10.1007/978-3-030-31280-0_13,Osvaldo Huerta-GuevaraVanessa Ayala-RiveraLiam MurphyA. Omar Portillo-Dominguez,2019,https://link.springer.com/chapter/10.1007/978-3-030-31280-0_13,Conference paper
An Institutional Approach to Communicating UML State Machines,Fundamental Approaches to Software Engineering,,,,10.1007/978-3-030-99429-7_12,Tobias RosenbergerAlexander KnappMarkus Roggenbach,2022,https://link.springer.com/chapter/10.1007/978-3-030-99429-7_12,Conference paper
Static analysis for discovering IoT vulnerabilities,International Journal on Software Tools for Technology Transfer,,,,10.1007/s10009-020-00592-x,Pietro FerraraAmit Kr MandalAgostino CortesiFausto Spoto,2020,https://link.springer.com/article/10.1007/s10009-020-00592-x,Article
Verifying safety of synchronous fault-tolerant algorithms by bounded model checking,International Journal on Software Tools for Technology Transfer,,,,10.1007/s10009-021-00637-9,Ilina StoilkovskaIgor KonnovJosef WidderFlorian Zuleger,2021,https://link.springer.com/article/10.1007/s10009-021-00637-9,Article
Improving Software Regression Testing Using a&#xa0;Machine Learning-Based Method for&#xa0;Test Type Selection,Product-Focused Software Process Improvement,,,,10.1007/978-3-031-21388-5_33,Khaled Walid Al-SabbaghMiroslaw StaronRegina Hebig,2022,https://link.springer.com/chapter/10.1007/978-3-031-21388-5_33,Conference paper
<i>CGT-FL</i>: using cooperative game theory to effective fault localization in presence of coincidental correctness,Empirical Software Engineering,,,,10.1007/s10664-020-09859-y,Farid Feyzi,2020,https://link.springer.com/article/10.1007/s10664-020-09859-y,Article
Generating Failing Test Suites for&#xa0;Quantum Programs With Search,Search-Based Software Engineering,,,,10.1007/978-3-030-88106-1_2,Xinyi WangPaolo ArcainiTao YueShaukat Ali,2021,https://link.springer.com/chapter/10.1007/978-3-030-88106-1_2,Conference paper
Safe Sessions of Channel Actions in Clojure: A Tour of the Discourje Project,"Leveraging Applications of Formal Methods, Verification and Validation: Verification Principles",,,,10.1007/978-3-030-61362-4_28,Ruben HamersSung-Shik Jongmans,2020,https://link.springer.com/chapter/10.1007/978-3-030-61362-4_28,Conference paper
Formal Verification of&#xa0;Neural Network Controllers for&#xa0;Collision-Free Flight,Software Verification,,,,10.1007/978-3-030-95561-8_9,Daniel GeninIvan PapushaJoshua BruléTyler YoungGalen MullinsYanni KouskoulasRosa WuAurora Schmidt,2022,https://link.springer.com/chapter/10.1007/978-3-030-95561-8_9,Conference paper
Using an SMT Solver for Checking the&#xa0;Completeness of FSM-Based Tests,Testing Software and Systems,,,,10.1007/978-3-030-64881-7_18,Evgenii VinarskiiAndrey LaputenkoNina Yevtushenko,2020,https://link.springer.com/chapter/10.1007/978-3-030-64881-7_18,Conference paper
PAC Learning of Deterministic One-Clock Timed Automata,Formal Methods and Software Engineering,,,,10.1007/978-3-030-63406-3_8,Wei ShenJie AnBohua ZhanMiaomiao ZhangBai XueNaijun Zhan,2020,https://link.springer.com/chapter/10.1007/978-3-030-63406-3_8,Conference paper
Prioritization and parallel execution of test cases for certification testing of embedded systems,Software Quality Journal,,,,10.1007/s11219-022-09594-1,Şahin DirimOkan Örsan ÖzenerHasan Sözer,2022,https://link.springer.com/article/10.1007/s11219-022-09594-1,Article
Dynamic Analysis Method for Concurrency Bugs in Multi-process/Multi-thread Environments,International Journal of Parallel Programming,,,,10.1007/s10766-020-00661-3,Jihyun ParkByoungju ChoiSeungyeun Jang,2020,https://link.springer.com/article/10.1007/s10766-020-00661-3,Article
Automatic Optimizations for Stream-Based Monitoring Languages,Runtime Verification,,,,10.1007/978-3-030-60508-7_25,Jan BaumeisterBernd FinkbeinerMatthis KruseMaximilian Schwenger,2020,https://link.springer.com/chapter/10.1007/978-3-030-60508-7_25,Conference paper
Information-flow Interfaces,Fundamental Approaches to Software Engineering,,,,10.1007/978-3-030-99429-7_1,Ezio BartocciThomas FerrèreThomas A. HenzingerDejan NickovicAna Oliveira da Costa,2022,https://link.springer.com/chapter/10.1007/978-3-030-99429-7_1,Conference paper
Bio-Inspired Optimization of Test Data Generation for Concurrent Software,Search-Based Software Engineering,,,,10.1007/978-3-030-27455-9_9,Ricardo F. VilelaVictor H. S. C. PintoThelma E. ColanziSimone R. S. Souza,2019,https://link.springer.com/chapter/10.1007/978-3-030-27455-9_9,Conference paper
GACAL: Conjecture-Based Verification,Tools and Algorithms for the Construction and Analysis of Systems,,,,10.1007/978-3-030-45237-7_26,Benjamin QuiringPanagiotis Manolios,2020,https://link.springer.com/chapter/10.1007/978-3-030-45237-7_26,Conference paper
Test Case Selection with&#xa0;Incremental ML,Product-Focused Software Process Improvement,,,,10.1007/978-3-031-21388-5_28,Markus MulkahainenKari SystäHannu-Matti Järvinen,2022,https://link.springer.com/chapter/10.1007/978-3-031-21388-5_28,Conference paper
Hybrid SynchAADL: Modeling and Formal Analysis of Virtually Synchronous CPSs in AADL,Computer Aided Verification,,,,10.1007/978-3-030-81685-8_23,Jaehun LeeSharon KimKyungmin BaePeter Csaba Ölveczky,2021,https://link.springer.com/chapter/10.1007/978-3-030-81685-8_23,Conference paper
Debugging Smart Contract’s Business Logic Using Symbolic Model Checking,Programming and Computer Software,,,,10.1134/S0361768819080164,E. Shishkin,2019,https://link.springer.com/article/10.1134/S0361768819080164,Article
Property-Directed Verification and&#xa0;Robustness Certification of&#xa0;Recurrent Neural Networks,Automated Technology for Verification and Analysis,,,,10.1007/978-3-030-88885-5_24,Igor KhmelnitskyDaniel NeiderRajarshi RoyXuan XieBenoît BarbotBenedikt BolligAlain FinkelSerge HaddadMartin LeuckerLina Ye,2021,https://link.springer.com/chapter/10.1007/978-3-030-88885-5_24,Conference paper
VeriVANca framework: verification of VANETs by property-based message passing of actors in Rebeca with inheritance,International Journal on Software Tools for Technology Transfer,,,,10.1007/s10009-020-00579-8,Farnaz YousefiEhsan KhamespanahMohammed GharibMarjan SirjaniAli Movaghar,2020,https://link.springer.com/article/10.1007/s10009-020-00579-8,Article
Testing Your (Static Analysis) Truths,Logic-Based Program Synthesis and Transformation,,,,10.1007/978-3-030-68446-4_14,Ignacio CassoJosé F. MoralesP. López-GarcíaManuel V. Hermenegildo,2021,https://link.springer.com/chapter/10.1007/978-3-030-68446-4_14,Conference paper
A Program Logic for Dependence Analysis,Integrated Formal Methods,,,,10.1007/978-3-030-34968-4_5,Richard BubelReiner HähnleAsmae Heydari Tabar,2019,https://link.springer.com/chapter/10.1007/978-3-030-34968-4_5,Conference paper
Pardinus: A Temporal Relational Model Finder,Journal of Automated Reasoning,,,,10.1007/s10817-022-09642-2,Nuno MacedoJulien BrunelDavid ChemouilAlcino Cunha,2022,https://link.springer.com/article/10.1007/s10817-022-09642-2,Article
A Conceptual Framework for Software Fault Prediction Using Neural Networks,Modelling and Development of Intelligent Systems,,,,10.1007/978-3-030-39237-6_12,Camelia SerbanFlorentin Bota,2020,https://link.springer.com/chapter/10.1007/978-3-030-39237-6_12,Conference paper
Verification of a Failure Management Protocol for Stateful IoT Applications,Formal Methods for Industrial Critical Systems,,,,10.1007/978-3-030-58298-2_12,Umar OzeerGwen SalaünLoïc LetondeurFrançois-Gaël OttogalliJean-Marc Vincent,2020,https://link.springer.com/chapter/10.1007/978-3-030-58298-2_12,Conference paper
"A Calculus with&#xa0;Recursive Types, Record Concatenation and&#xa0;Subtyping",Programming Languages and Systems,,,,10.1007/978-3-031-21037-2_9,Yaoda ZhouBruno C. d. S. OliveiraAndong Fan,2022,https://link.springer.com/chapter/10.1007/978-3-031-21037-2_9,Conference paper
Incorporating Monitors in Reactive Synthesis Without Paying the Price,Automated Technology for Verification and Analysis,,,,10.1007/978-3-030-88885-5_22,Shaun AzzopardiNir PitermanGerardo Schneider,2021,https://link.springer.com/chapter/10.1007/978-3-030-88885-5_22,Conference paper
Generating Formal Software Architecture Descriptions from Semi-Formal SysML-Based Models: A Model-Driven Approach,Computational Science and Its Applications – ICCSA 2021,,,,10.1007/978-3-030-86970-0_28,Camila AraújoThais BatistaEverton CavalcanteFlavio Oquendo,2021,https://link.springer.com/chapter/10.1007/978-3-030-86970-0_28,Conference paper
Every build you break: developer-oriented assistance for build failure resolution,Empirical Software Engineering,,,,10.1007/s10664-019-09765-y,Carmine VassalloSebastian ProkschTimothy ZempHarald C. Gall,2019,https://link.springer.com/article/10.1007/s10664-019-09765-y,Article
A Framework of&#xa0;Runtime Monitoring for&#xa0;Correct Execution of&#xa0;Smart Contracts,Blockchain – ICBC 2022,,,,10.1007/978-3-031-23495-8_7,R. K. Shyamasundar,2022,https://link.springer.com/chapter/10.1007/978-3-031-23495-8_7,Conference paper
Region and effect inference for safe parallelism,Automated Software Engineering,,,,10.1007/s10515-019-00257-3,Alexandros TzannesStephen T. HeumannLamyaa EloussiMohsen VakilianVikram S. AdveMichael Han,2019,https://link.springer.com/article/10.1007/s10515-019-00257-3,Article
Formal Verification of OIL Component Specifications using mCRL2,Formal Methods for Industrial Critical Systems,,,,10.1007/978-3-030-58298-2_10,Olav BunteLouis C. M. van GoolTim A. C. Willemse,2020,https://link.springer.com/chapter/10.1007/978-3-030-58298-2_10,Conference paper
Soundness Conditions for Big-Step Semantics,Programming Languages and Systems,,,,10.1007/978-3-030-44914-8_7,Francesco DagninoViviana BonoElena ZuccaMariangiola Dezani-Ciancaglini,2020,https://link.springer.com/chapter/10.1007/978-3-030-44914-8_7,Conference paper
Computing Optimal Repairs of Quantified&#xa0;ABoxes w.r.t. Static $$\mathcal {EL}$$ TBoxes,Automated Deduction – CADE 28,,,,10.1007/978-3-030-79876-5_18,Franz BaaderPatrick KoopmannFrancesco KriegelAdrian Nuradiansyah,2021,https://link.springer.com/chapter/10.1007/978-3-030-79876-5_18,Conference paper
A deterministic parsing algorithm for ambiguous regular expressions,Acta Informatica,,,,10.1007/s00236-020-00366-7,Angelo BorsottiLuca BreveglieriStefano Crespi ReghizziAngelo Morzenti,2020,https://link.springer.com/article/10.1007/s00236-020-00366-7,Article
Modular Indirect Push-Button Formal Verification of Multi-threaded Code Generators,Software Engineering and Formal Methods,,,,10.1007/978-3-030-30446-1_22,Anton WijsMaciej Wiłkowski,2019,https://link.springer.com/chapter/10.1007/978-3-030-30446-1_22,Conference paper
Analyzing system software components using API model guided symbolic execution,Automated Software Engineering,,,,10.1007/s10515-020-00276-5,Tuba YavuzKen (Yihang) Bai,2020,https://link.springer.com/article/10.1007/s10515-020-00276-5,Article
Methods for Live Testing of Cloud Services,Testing Software and Systems,,,,10.1007/978-3-030-64881-7_13,Oussama JebbarFerhat KhendekMaria Toeroe,2020,https://link.springer.com/chapter/10.1007/978-3-030-64881-7_13,Conference paper
String Abstract Domains and Their Combination,Logic-Based Program Synthesis and Transformation,,,,10.1007/978-3-030-98869-2_1,Harald Søndergaard,2022,https://link.springer.com/chapter/10.1007/978-3-030-98869-2_1,Conference paper
A synergistic approach to improving symbolic execution using test ranges,Innovations in Systems and Software Engineering,,,,10.1007/s11334-019-00331-9,Guowei YangRui QiuSarfraz KhurshidCorina S. PăsăreanuJunye Wen,2019,https://link.springer.com/article/10.1007/s11334-019-00331-9,Article
Deciding S1S: Down the Rabbit Hole and Through the Looking Glass,Networked Systems,,,,10.1007/978-3-030-91014-3_15,Vojtěch HavlenaOndřej LengálBarbora Šmahlíková,2021,https://link.springer.com/chapter/10.1007/978-3-030-91014-3_15,Conference paper
Practical Theory of&#xa0;Computation on&#xa0;Structures,Theoretical Aspects of Software Engineering,,,,10.1007/978-3-031-10363-6_1,Klaus-Dieter Schewe,2022,https://link.springer.com/chapter/10.1007/978-3-031-10363-6_1,Conference paper
The Relation of Test-Related Factors to Software Quality: A Case Study on Apache Systems,Empirical Software Engineering,,,,10.1007/s10664-020-09891-y,Fabiano PecorelliFabio PalombaAndrea De Lucia,2021,https://link.springer.com/article/10.1007/s10664-020-09891-y,Article
The Decidability of Verification under PS 2.0,Programming Languages and Systems,,,,10.1007/978-3-030-72019-3_1,Parosh Aziz AbdullaMohamed Faouzi AtigAdwait GodboleS. KrishnaViktor Vafeiadis,2021,https://link.springer.com/chapter/10.1007/978-3-030-72019-3_1,Conference paper
Software Improvement with Gin: A Case Study,Search-Based Software Engineering,,,,10.1007/978-3-030-27455-9_14,Justyna PetkeAlexander E. I. Brownlee,2019,https://link.springer.com/chapter/10.1007/978-3-030-27455-9_14,Conference paper
A Unifying Splitting Framework,Automated Deduction – CADE 28,,,,10.1007/978-3-030-79876-5_20,Gabriel EbnerJasmin BlanchetteSophie Tourret,2021,https://link.springer.com/chapter/10.1007/978-3-030-79876-5_20,Conference paper
Temporal Reasoning Through Automatic Translation of&#xa0;tock-CSP into&#xa0;Timed Automata,Formal Methods: Foundations and Applications,,,,10.1007/978-3-030-92137-8_5,Abdulrazaq AbbaAna CavalcantiJeremy Jacob,2021,https://link.springer.com/chapter/10.1007/978-3-030-92137-8_5,Conference paper
Automata Learning Meets Shielding,"Leveraging Applications of Formal Methods, Verification and Validation. Verification Principles",,,,10.1007/978-3-031-19849-6_20,Martin TapplerStefan PrangerBettina KönighoferEdi MuškardinRoderick BloemKim Larsen,2022,https://link.springer.com/chapter/10.1007/978-3-031-19849-6_20,Conference paper
Nested Session Types,Programming Languages and Systems,,,,10.1007/978-3-030-72019-3_7,Ankush DasHenry DeYoungAndreia MordidoFrank Pfenning,2021,https://link.springer.com/chapter/10.1007/978-3-030-72019-3_7,Conference paper
Test Case Generation Framework for Client-Server Apps: Reverse Engineering Approach,Computational Science and Its Applications – ICCSA 2020,,,,10.1007/978-3-030-58814-4_54,Emine Dumlu DemircioğluOya Kalıpsız,2020,https://link.springer.com/chapter/10.1007/978-3-030-58814-4_54,Conference paper
Reusing Predicate Precision in Value Analysis,Integrated Formal Methods,,,,10.1007/978-3-031-07727-2_5,Marie-Christine Jakobs,2022,https://link.springer.com/chapter/10.1007/978-3-031-07727-2_5,Conference paper
Sound Automation of Magic Wands,Computer Aided Verification,,,,10.1007/978-3-031-13188-2_7,Thibault DardinierGaurav ParthasarathyNoé WeeksPeter MüllerAlexander J. Summers,2022,https://link.springer.com/chapter/10.1007/978-3-031-13188-2_7,Conference paper
SMT-Friendly Formalization of the Solidity Memory Model,Programming Languages and Systems,,,,10.1007/978-3-030-44914-8_9,Ákos HajduDejan Jovanović,2020,https://link.springer.com/chapter/10.1007/978-3-030-44914-8_9,Conference paper
Simplifying Alternating Automata for&#xa0;Emptiness Testing,Programming Languages and Systems,,,,10.1007/978-3-030-89051-3_14,Pavol VargovčíkLukáš Holík,2021,https://link.springer.com/chapter/10.1007/978-3-030-89051-3_14,Conference paper
State Will do,Trends in Functional Programming,,,,10.1007/978-3-030-57761-2_10,Willem SeynaeveKoen PauwelsTom Schrijvers,2020,https://link.springer.com/chapter/10.1007/978-3-030-57761-2_10,Conference paper
MC/DC Test Cases Generation Based on&#xa0;BDDs,"Dependable Software Engineering. Theories, Tools, and Applications",,,,10.1007/978-3-030-91265-9_10,Faustin AhishakiyeJosé Ignacio Requeno JaraboLars Michael KristensenVolker Stolz,2021,https://link.springer.com/chapter/10.1007/978-3-030-91265-9_10,Conference paper
A Language-Based Causal Model for Safety,Theoretical Aspects of Software Engineering,,,,10.1007/978-3-031-10363-6_20,Marcello BonsangueGeorgiana CaltaisHui FengHünkar Can Tunç,2022,https://link.springer.com/chapter/10.1007/978-3-031-10363-6_20,Conference paper
A Fault Localization Method Based on&#xa0;Dynamic Failed Execution Blocks,Structured Object-Oriented Formal Language and Method,,,,10.1007/978-3-030-41418-4_21,Baoyi PanTing ShuJinsong XiaZuohua DingMingyue Jiang,2020,https://link.springer.com/chapter/10.1007/978-3-030-41418-4_21,Conference paper
Validation of the Hybrid ERTMS/ETCS Level 3 using <span>Spin</span>,International Journal on Software Tools for Technology Transfer,,,,10.1007/s10009-019-00539-x,Paolo ArcainiJan KofroňPavel Ježek,2019,https://link.springer.com/article/10.1007/s10009-019-00539-x,Article
Nominal Unification with Letrec and Environment-Variables,Logic-Based Program Synthesis and Transformation,,,,10.1007/978-3-030-68446-4_5,Manfred Schmidt-SchaußYunus Kutz,2021,https://link.springer.com/chapter/10.1007/978-3-030-68446-4_5,Conference paper
Property-Based Test Case Generators for Free,Tests and Proofs,,,,10.1007/978-3-030-31157-5_12,Emanuele De AngelisFabio FioravantiAdrián PalaciosAlberto PettorossiMaurizio Proietti,2019,https://link.springer.com/chapter/10.1007/978-3-030-31157-5_12,Conference paper
Works for Me! Cannot Reproduce – A Large Scale Empirical Study of Non-reproducible Bugs,Empirical Software Engineering,,,,10.1007/s10664-022-10153-2,Mohammad M. RahmanFoutse KhomhMarco Castelluccio,2022,https://link.springer.com/article/10.1007/s10664-022-10153-2,Article
"Assume, guarantee or repair: a regular framework for non regular properties",International Journal on Software Tools for Technology Transfer,,,,10.1007/s10009-022-00669-9,Hadar FrenkelOrna GrumbergCorina S. PăsăreanuSarai Sheinvald,2022,https://link.springer.com/article/10.1007/s10009-022-00669-9,Article
Compressing Automatically Generated Unit Test Suites Through Test Parameterization,Fundamentals of Software Engineering,,,,10.1007/978-3-030-89247-0_15,Aidin AzamnouriSamad Paydar,2021,https://link.springer.com/chapter/10.1007/978-3-030-89247-0_15,Conference paper
Teaching Model Checking via Games and&#xa0;Puzzles,Formal Methods – Fun for Everybody,,,,10.1007/978-3-030-71374-4_7,Bernd-Holger Schlingloff,2021,https://link.springer.com/chapter/10.1007/978-3-030-71374-4_7,Conference paper
Probabilistic Hyperproperties with&#xa0;Rewards,NASA Formal Methods,,,,10.1007/978-3-031-06773-0_35,Oyendrila DobeLukas WilkeErika ÁbrahámEzio BartocciBorzoo Bonakdarpour,2022,https://link.springer.com/chapter/10.1007/978-3-031-06773-0_35,Conference paper
Practical Applications of the Alternating Cycle Decomposition,Tools and Algorithms for the Construction and Analysis of Systems,,,,10.1007/978-3-030-99527-0_6,Antonio CasaresAlexandre Duret-LutzKlara J. MeyerFlorian RenkinSalomon Sickert,2022,https://link.springer.com/chapter/10.1007/978-3-030-99527-0_6,Conference paper
The Complexity of&#xa0;Evaluating Nfer,Theoretical Aspects of Software Engineering,,,,10.1007/978-3-031-10363-6_26,Sean KauffmanMartin Zimmermann,2022,https://link.springer.com/chapter/10.1007/978-3-031-10363-6_26,Conference paper
Efficient Verification of Reconfigurable Discrete-Event System Using Isabelle/HOL Theorem Prover and&#xa0;Hadoop,Software Technologies,,,,10.1007/978-3-030-83007-6_11,Sohaib SoualahYousra HafidiMohamed KhalguiAllaoua ChaouiLaid Kahloul,2021,https://link.springer.com/chapter/10.1007/978-3-030-83007-6_11,Conference paper
The 2019 Comparison of Tools for the Analysis of Quantitative Formal Models,Tools and Algorithms for the Construction and Analysis of Systems,,,,10.1007/978-3-030-17502-3_5,Ernst Moritz HahnArnd HartmannsChristian HenselMichaela KlauckJoachim KleinJan KřetínskýDavid ParkerTim QuatmannEnno RuijtersMarcel Steinmetz,2019,https://link.springer.com/chapter/10.1007/978-3-030-17502-3_5,Conference paper
Runtime Verification of Contracts with Themulus,Software Engineering and Formal Methods,,,,10.1007/978-3-030-58768-0_13,Alberto Aranda GarcíaMaría-Emilia CambroneroChristian ColomboLuis LlanaGordon J. Pace,2020,https://link.springer.com/chapter/10.1007/978-3-030-58768-0_13,Conference paper
A Formal Modeling Approach for Portable Low-Level OS Functionality,Software Engineering and Formal Methods,,,,10.1007/978-3-030-58768-0_9,Renata Martins GomesBernhard AichernigMarcel Baunach,2020,https://link.springer.com/chapter/10.1007/978-3-030-58768-0_9,Conference paper
RETRACTED ARTICLE: The smell of fear: on the relation between test smells and flaky tests,Empirical Software Engineering,,,,10.1007/s10664-019-09683-z,Fabio PalombaAndy Zaidman,2019,https://link.springer.com/article/10.1007/s10664-019-09683-z,Article
Generating Timed UI Tests from Counterexamples,Tests and Proofs,,,,10.1007/978-3-030-79379-1_4,Dominik DinerGordon FraserSebastian SchweiklAndreas Stahlbauer,2021,https://link.springer.com/chapter/10.1007/978-3-030-79379-1_4,Conference paper
Towards Better Test Coverage: Merging Unit Tests for&#xa0;Autonomous Systems $$^{\dagger }$$,NASA Formal Methods,,,,10.1007/978-3-031-06773-0_7,Josefine B. GraebenerApurva BadithelaRichard M. Murray,2022,https://link.springer.com/chapter/10.1007/978-3-031-06773-0_7,Conference paper
Verifying Reachability for&#xa0;TSO Programs with&#xa0;Dynamic Thread Creation,Networked Systems,,,,10.1007/978-3-031-17436-0_19,Parosh Aziz AbdullaMohamed Faouzi AtigAhmed BouajjaniK. Narayan KumarPrakash Saivasan,2022,https://link.springer.com/chapter/10.1007/978-3-031-17436-0_19,Conference paper
DYNAMOJM: A JMeter Tool for Performance Testing Using Dynamic Workload Adaptation,Testing Software and Systems,,,,10.1007/978-3-030-31280-0_14,Osvaldo Huerta-GuevaraVanessa Ayala-RiveraLiam MurphyA. Omar Portillo-Dominguez,2019,https://link.springer.com/chapter/10.1007/978-3-030-31280-0_14,Conference paper
Subformula Linking for Intuitionistic Logic with Application to Type Theory,Automated Deduction – CADE 28,,,,10.1007/978-3-030-79876-5_12,Kaustuv Chaudhuri,2021,https://link.springer.com/chapter/10.1007/978-3-030-79876-5_12,Conference paper
Equivalence Class Definition for Automated Testing of Satellite On-Board Image Processing,Software Technologies,,,,10.1007/978-3-030-52991-8_1,Ulrike WitteckDenis GrießbachPaula Herber,2020,https://link.springer.com/chapter/10.1007/978-3-030-52991-8_1,Conference paper
Randomized Refinement Checking of&#xa0;Timed I/O Automata,"Dependable Software Engineering. Theories, Tools, and Applications",,,,10.1007/978-3-030-62822-2_5,Andrej KivirigaKim Guldstrand LarsenUlrik Nyman,2020,https://link.springer.com/chapter/10.1007/978-3-030-62822-2_5,Conference paper
Foundations for Parallel Information Flow Control Runtime Systems,Principles of Security and Trust,,,,10.1007/978-3-030-17138-4_1,Marco VassenaGary SoellerPeter AmidonMatthew ChanJohn RennerDeian Stefan,2019,https://link.springer.com/chapter/10.1007/978-3-030-17138-4_1,Conference paper
An Experimental Study on Flakiness and Fragility of Randoop Regression Test Suites,Fundamentals of Software Engineering,,,,10.1007/978-3-030-31517-7_8,Samad PaydarAidin Azamnouri,2019,https://link.springer.com/chapter/10.1007/978-3-030-31517-7_8,Conference paper
A Comprehensive Framework for Saturation Theorem Proving,Journal of Automated Reasoning,,,,10.1007/s10817-022-09621-7,Uwe WaldmannSophie TourretSimon RobillardJasmin Blanchette,2022,https://link.springer.com/article/10.1007/s10817-022-09621-7,Article
Can We Design Software as We Talk?,"Enterprise, Business-Process and Information Systems Modeling",,,,10.1007/978-3-030-49418-6_22,Marcela RuizBjörn Hasselman,2020,https://link.springer.com/chapter/10.1007/978-3-030-49418-6_22,Conference paper
Learning and statistical model checking of system response times,Software Quality Journal,,,,10.1007/s11219-018-9432-8,Bernhard K. AichernigPriska BauerstätterElisabeth JöbstlSeverin KannRobert KorošecWillibald KrennCristinel MateisRupert SchlickRichard Schumi,2019,https://link.springer.com/article/10.1007/s11219-018-9432-8,Article
"A Formally Verified, Optimized Monitor for Metric First-Order Dynamic Logic",Automated Reasoning,,,,10.1007/978-3-030-51074-9_25,David BasinThibault DardinierLukas HeimesSrđan KrstićMartin RaszykJoshua SchneiderDmitriy Traytel,2020,https://link.springer.com/chapter/10.1007/978-3-030-51074-9_25,Conference paper
One Step at a Time,Programming Languages and Systems,,,,10.1007/978-3-030-17184-1_8,Ferdinand VeselyKathleen Fisher,2019,https://link.springer.com/chapter/10.1007/978-3-030-17184-1_8,Conference paper
Model-Checking Structured Context-Free Languages,Computer Aided Verification,,,,10.1007/978-3-030-81688-9_18,Michele ChiariDino MandrioliMatteo Pradella,2021,https://link.springer.com/chapter/10.1007/978-3-030-81688-9_18,Conference paper
Symbolic Pathfinder for SV-COMP,Tools and Algorithms for the Construction and Analysis of Systems,,,,10.1007/978-3-030-17502-3_21,Yannic NollerCorina S. PăsăreanuAymeric FromherzXuan-Bach D. LeWillem Visser,2019,https://link.springer.com/chapter/10.1007/978-3-030-17502-3_21,Conference paper
SAW: A Tool for Safety Analysis of Weakly-Hard Systems,Computer Aided Verification,,,,10.1007/978-3-030-53288-8_26,Chao HuangKai-Chieh ChangChung-Wei LinQi Zhu,2020,https://link.springer.com/chapter/10.1007/978-3-030-53288-8_26,Conference paper
Affine Loop Invariant Generation via&#xa0;Matrix Algebra,Computer Aided Verification,,,,10.1007/978-3-031-13185-1_13,Yucheng JiHongfei FuBin FangHaibo Chen,2022,https://link.springer.com/chapter/10.1007/978-3-031-13185-1_13,Conference paper
Explaining Hyperproperty Violations,Computer Aided Verification,,,,10.1007/978-3-031-13185-1_20,Norine CoenenRaimund DachseltBernd FinkbeinerHadar FrenkelChristopher HahnTom HorakNiklas MetzgerJulian Siber,2022,https://link.springer.com/chapter/10.1007/978-3-031-13185-1_20,Conference paper
Software Quality for AI: Where We Are Now?,Software Quality: Future Perspectives on Software Engineering Quality,,,,10.1007/978-3-030-65854-0_4,Valentina LenarduzziFrancesco LomioSergio MoreschiniDavide TaibiDamian Andrew Tamburri,2021,https://link.springer.com/chapter/10.1007/978-3-030-65854-0_4,Conference paper
ANEGMA: an automated negotiation model for e-markets,Autonomous Agents and Multi-Agent Systems,,,,10.1007/s10458-021-09513-x,Pallavi BaggaNicola PaolettiBedour AlrayesKostas Stathis,2021,https://link.springer.com/article/10.1007/s10458-021-09513-x,Article
Algorithm selection for software validation based on graph kernels,Automated Software Engineering,,,,10.1007/s10515-020-00270-x,Cedric RichterEyke HüllermeierMarie-Christine JakobsHeike Wehrheim,2020,https://link.springer.com/article/10.1007/s10515-020-00270-x,Article
Dynamic test prioritization of product lines: An application on configurable simulation models,Software Quality Journal,,,,10.1007/s11219-021-09571-0,Urtzi MarkiegiAitor ArrietaLeire EtxeberriaGoiuria Sagardui,2021,https://link.springer.com/article/10.1007/s11219-021-09571-0,Article
Seminator 2 Can Complement Generalized Büchi Automata via Improved Semi-determinization,Computer Aided Verification,,,,10.1007/978-3-030-53291-8_2,František BlahoudekAlexandre Duret-LutzJan Strejček,2020,https://link.springer.com/chapter/10.1007/978-3-030-53291-8_2,Conference paper
GDL as a unifying domain description language for declarative automated negotiation,Autonomous Agents and Multi-Agent Systems,,,,10.1007/s10458-020-09491-6,Dave de JongeDongmo Zhang,2021,https://link.springer.com/article/10.1007/s10458-020-09491-6,Article
DEQ: Equivalence Checker for Deterministic Register Automata,Automated Technology for Verification and Analysis,,,,10.1007/978-3-030-31784-3_20,A. S. MurawskiS. J. RamsayN. Tzevelekos,2019,https://link.springer.com/chapter/10.1007/978-3-030-31784-3_20,Conference paper
Scriptless Testing at the GUI Level in an Industrial Setting,Research Challenges in Information Science,,,,10.1007/978-3-030-50316-1_16,Hatim ChahimMehmet DuranTanja E. J. VosPekka AhoNelly Condori Fernandez,2020,https://link.springer.com/chapter/10.1007/978-3-030-50316-1_16,Conference paper
Model-Based Testing for MQTT Applications,Knowledge-Based Software Engineering: 2020,,,,10.1007/978-3-030-53949-8_5,Kotaro TanabeYoshinori TanabeMasami Hagiya,2020,https://link.springer.com/chapter/10.1007/978-3-030-53949-8_5,Conference paper
Querying Medical Imaging Datasets Using Spatial Logics (Position Paper),Advances in Model and Data Engineering in the Digitalization Era,,,,10.1007/978-3-030-87657-9_22,Gina BelmonteGiovanna BrocciaLaura BussiVincenzo CianciaDiego LatellaMieke Massink,2021,https://link.springer.com/chapter/10.1007/978-3-030-87657-9_22,Conference paper
Capitalizing on Developer-Tester Communication – A Case Study,Product-Focused Software Process Improvement,,,,10.1007/978-3-030-91452-3_17,Prabhat RamPilar RodríguezAntonin AbherveAlessandra BagnatoMarkku Oivo,2021,https://link.springer.com/chapter/10.1007/978-3-030-91452-3_17,Conference paper
$$\mathbb {K}$$ and KIV: Towards Deductive Verification for Arbitrary Programming Languages,Recent Trends in Algebraic Development Techniques,,,,10.1007/978-3-030-73785-6_6,Dominik KlumppPhilip Lenzen,2021,https://link.springer.com/chapter/10.1007/978-3-030-73785-6_6,Conference paper
Conditional Descriptor Revision and Its Modelling by a CSP,Logics in Artificial Intelligence,,,,10.1007/978-3-030-75775-5_4,Jonas HaldimannKai SauerwaldMartin von BergGabriele Kern-IsbernerChristoph Beierle,2021,https://link.springer.com/chapter/10.1007/978-3-030-75775-5_4,Conference paper
Can Commit Change History Reveal Potential Fault Prone Classes? A Study on GitHub Repositories,Software Technologies,,,,10.1007/978-3-030-29157-0_12,Chun Yong ChongSai Peck Lee,2019,https://link.springer.com/chapter/10.1007/978-3-030-29157-0_12,Conference paper
The Understandability of Models for Behaviour,Model-Driven Engineering and Software Development,,,,10.1007/978-3-030-37873-8_3,Vladimir Estivill-CastroRené Hexel,2020,https://link.springer.com/chapter/10.1007/978-3-030-37873-8_3,Conference paper
A formal approach to finding inconsistencies in a metamodel,Software and Systems Modeling,,,,10.1007/s10270-020-00849-8,Hao WuMarie Farrell,2021,https://link.springer.com/article/10.1007/s10270-020-00849-8,Article
Virtualization of stateful services via machine learning,Software Quality Journal,,,,10.1007/s11219-019-09468-z,Hasan Ferit EnişerAlper Sen,2019,https://link.springer.com/article/10.1007/s11219-019-09468-z,Article
Semantic Foundations for Deterministic Dataflow and Stream Processing,Programming Languages and Systems,,,,10.1007/978-3-030-44914-8_15,Konstantinos Mamouras,2020,https://link.springer.com/chapter/10.1007/978-3-030-44914-8_15,Conference paper
Combined software and hardware fault injection vulnerability detection,Innovations in Systems and Software Engineering,,,,10.1007/s11334-020-00364-5,Thomas Given-WilsonNisrine JafriAxel Legay,2020,https://link.springer.com/article/10.1007/s11334-020-00364-5,Article
TarTar: A Timed Automata Repair Tool,Computer Aided Verification,,,,10.1007/978-3-030-53288-8_25,Martin KölblStefan LeueThomas Wies,2020,https://link.springer.com/chapter/10.1007/978-3-030-53288-8_25,Conference paper
The SDK4ED Platform for Embedded Software Quality Improvement - Preliminary Overview,Computational Science and Its Applications – ICCSA 2020,,,,10.1007/978-3-030-58811-3_73,Miltiadis SiavvasDimitrios TsoukalasCharalampos MarantosAngeliki-Agathi TsintziraMarija JankovicDimitrios SoudrisAlexander ChatzigeorgiouDionysios Kehagias,2020,https://link.springer.com/chapter/10.1007/978-3-030-58811-3_73,Conference paper
N-PAT: A Nested Model-Checker,Automated Reasoning,,,,10.1007/978-3-030-51054-1_22,Hadrien BrideCheng-Hao CaiJin Song DongRajeev GoreZhé HóuBrendan MahonyJim McCarthy,2020,https://link.springer.com/chapter/10.1007/978-3-030-51054-1_22,Conference paper
ROLL 1.0: $$\omega $$ -Regular Language Learning Library,Tools and Algorithms for the Construction and Analysis of Systems,,,,10.1007/978-3-030-17462-0_23,Yong LiXuechao SunAndrea TurriniYu-Fang ChenJunnan Xu,2019,https://link.springer.com/chapter/10.1007/978-3-030-17462-0_23,Conference paper
Active Model Learning of&#xa0;Stochastic Reactive Systems,Software Engineering and Formal Methods,,,,10.1007/978-3-030-92124-8_27,Martin TapplerEdi MuškardinBernhard K. AichernigIngo Pill,2021,https://link.springer.com/chapter/10.1007/978-3-030-92124-8_27,Conference paper
Difference Verification with Conditions,Software Engineering and Formal Methods,,,,10.1007/978-3-030-58768-0_8,Dirk BeyerMarie-Christine JakobsThomas Lemberger,2020,https://link.springer.com/chapter/10.1007/978-3-030-58768-0_8,Conference paper
Verifying Secure Speculation in Isabelle/HOL,Formal Methods,,,,10.1007/978-3-030-90870-6_3,Matt GriffinBrijesh Dongol,2021,https://link.springer.com/chapter/10.1007/978-3-030-90870-6_3,Conference paper
Evaluation of Software Product Quality Metrics,Evaluation of Novel Approaches to Software Engineering,,,,10.1007/978-3-030-40223-5_8,Arthur-Jozsef MolnarAlexandra NeamţuSimona Motogna,2020,https://link.springer.com/chapter/10.1007/978-3-030-40223-5_8,Conference paper
"A Model-Based Approach to the Design, Verification and Deployment of Railway Interlocking System","Leveraging Applications of Formal Methods, Verification and Validation: Applications",,,,10.1007/978-3-030-61467-6_16,Arturo AmendolaAnna BecchiRoberto CavadaAlessandro CimattiAlberto GriggioGiuseppe ScaglioneAngelo SusiAlberto TacchellaMatteo Tessi,2020,https://link.springer.com/chapter/10.1007/978-3-030-61467-6_16,Conference paper
ConSORT: Context- and Flow-Sensitive Ownership Refinement Types for Imperative Programs,Programming Languages and Systems,,,,10.1007/978-3-030-44914-8_25,John TomanRen SiqiKohei SuenagaAtsushi IgarashiNaoki Kobayashi,2020,https://link.springer.com/chapter/10.1007/978-3-030-44914-8_25,Conference paper
Event-Based Semantics of UML 2.X Concurrent Sequence Diagrams for Formal Verification,Journal of Computer Science and Technology,,,,10.1007/s11390-021-1673-5,Inès MouakherFatma DhaouJ. Christian Attiogbé,2022,https://link.springer.com/article/10.1007/s11390-021-1673-5,Article
Model-based testing of autonomous robots using TestIt,Journal of Reliable Intelligent Environments,,,,10.1007/s40860-019-00095-w,Gert KanterJüri Vain,2020,https://link.springer.com/article/10.1007/s40860-019-00095-w,Article
On the assessment of software defect prediction models via ROC curves,Empirical Software Engineering,,,,10.1007/s10664-020-09861-4,Sandro MorascaLuigi Lavazza,2020,https://link.springer.com/article/10.1007/s10664-020-09861-4,Article
Automated Requirements-Based Testing of Black-Box Reactive Systems,NASA Formal Methods,,,,10.1007/978-3-030-55754-6_9,Massimo NarizzanoLuca PulinaArmando TacchellaSimone Vuotto,2020,https://link.springer.com/chapter/10.1007/978-3-030-55754-6_9,Conference paper
Model-based ideal testing of hardware description language (HDL) programs,Software and Systems Modeling,,,,10.1007/s10270-021-00934-6,Onur KilinccekerErcument TurkFevzi BelliMoharram Challenger,2021,https://link.springer.com/article/10.1007/s10270-021-00934-6,Article
Automated Attacker Synthesis for Distributed Protocols,"Computer Safety, Reliability, and Security",,,,10.1007/978-3-030-54549-9_9,Max von HippelCole VickStavros TripakisCristina Nita-Rotaru,2020,https://link.springer.com/chapter/10.1007/978-3-030-54549-9_9,Conference paper
Measuring Coverage of Prolog Programs Using Mutation Testing,Functional and Constraint Logic Programming,,,,10.1007/978-3-030-16202-3_3,Alexandros EfremidisJoshua SchmidtSebastian KringsPhilipp Körner,2019,https://link.springer.com/chapter/10.1007/978-3-030-16202-3_3,Conference paper
Extending DIVINE with Symbolic Verification Using SMT,Tools and Algorithms for the Construction and Analysis of Systems,,,,10.1007/978-3-030-17502-3_14,Henrich LaukoVladimír ŠtillPetr RočkaiJiří Barnat,2019,https://link.springer.com/chapter/10.1007/978-3-030-17502-3_14,Conference paper
Declarative Stream Runtime Verification (hLola),Programming Languages and Systems,,,,10.1007/978-3-030-64437-6_2,Martín CeresaFelipe GorostiagaCésar Sánchez,2020,https://link.springer.com/chapter/10.1007/978-3-030-64437-6_2,Conference paper
Anomaly Detection in DevOps Toolchain,Software Engineering Aspects of Continuous Development and New Paradigms of Software Production and Deployment,,,,10.1007/978-3-030-39306-9_3,Antonio CapizziSalvatore DistefanoLuiz J. P. AraújoManuel MazzaraMuhammad AhmadEvgeny Bobrov,2020,https://link.springer.com/chapter/10.1007/978-3-030-39306-9_3,Conference paper
Language-independent look-ahead for checking multi-perspective declarative process models,Software and Systems Modeling,,,,10.1007/s10270-020-00857-8,Martin KäppelLars AckermannStefan SchönigStefan Jablonski,2021,https://link.springer.com/article/10.1007/s10270-020-00857-8,Article
Porous Invariants,Computer Aided Verification,,,,10.1007/978-3-030-81688-9_8,Engel LefaucheuxJoël OuaknineDavid PurserJames Worrell,2021,https://link.springer.com/chapter/10.1007/978-3-030-81688-9_8,Conference paper
Using Model Learning for the Generation of Mock Components,Testing Software and Systems,,,,10.1007/978-3-030-64881-7_1,Sébastien SalvaElliott Blot,2020,https://link.springer.com/chapter/10.1007/978-3-030-64881-7_1,Conference paper
A Case Study on Parametric Verification of Failure Detectors,"Formal Techniques for Distributed Objects, Components, and Systems",,,,10.1007/978-3-030-78089-0_8,Thanh-Hai TranIgor KonnovJosef Widder,2021,https://link.springer.com/chapter/10.1007/978-3-030-78089-0_8,Conference paper
"Automata-based monitoring for LTL-FO<span class=""mathjax-tex"">\(^+\)</span>",International Journal on Software Tools for Technology Transfer,,,,10.1007/s10009-020-00566-z,Raphaël KhourySylvain HalléYannick Lebrun,2020,https://link.springer.com/article/10.1007/s10009-020-00566-z,Article
Abstractions for Collective Adaptive Systems,"Leveraging Applications of Formal Methods, Verification and Validation: Engineering Principles",,,,10.1007/978-3-030-61470-6_15,Omar InversoCatia TrubianiEmilio Tuosto,2020,https://link.springer.com/chapter/10.1007/978-3-030-61470-6_15,Conference paper
Testing adaptation policies for software components,Software Quality Journal,,,,10.1007/s11219-019-09487-w,Frédéric DadeauJean-Philippe GrosOlga Kouchnarenko,2020,https://link.springer.com/article/10.1007/s11219-019-09487-w,Article
Deep Statistical Model Checking,"Formal Techniques for Distributed Objects, Components, and Systems",,,,10.1007/978-3-030-50086-3_6,Timo P. GrosHolger HermannsJörg HoffmannMichaela KlauckMarcel Steinmetz,2020,https://link.springer.com/chapter/10.1007/978-3-030-50086-3_6,Conference paper
Stateless Model Checking Under a Reads-Value-From Equivalence,Computer Aided Verification,,,,10.1007/978-3-030-81685-8_16,Pratyush AgarwalKrishnendu ChatterjeeShreya PathakAndreas PavlogiannisViktor Toman,2021,https://link.springer.com/chapter/10.1007/978-3-030-81685-8_16,Conference paper
A Formal Approach to Secure Design of RESTful Web APIs Using SOFL,Structured Object-Oriented Formal Language and Method,,,,10.1007/978-3-030-77474-5_8,Busalire EmekaSoichiro HidakaShaoying Liu,2021,https://link.springer.com/chapter/10.1007/978-3-030-77474-5_8,Conference paper
Reflections on Termination of Linear Loops,Computer Aided Verification,,,,10.1007/978-3-030-81688-9_3,Shaowei ZhuZachary Kincaid,2021,https://link.springer.com/chapter/10.1007/978-3-030-81688-9_3,Conference paper
Towards Measuring Test Coverage of&#xa0;Attack Simulations,"Enterprise, Business-Process and Information Systems Modeling",,,,10.1007/978-3-030-79186-5_20,Nicklas HersénSimon HacksKonrad Fögen,2021,https://link.springer.com/chapter/10.1007/978-3-030-79186-5_20,Conference paper
Who Carries the Burden of Modularity?,"Leveraging Applications of Formal Methods, Verification and Validation: Verification Principles",,,,10.1007/978-3-030-61362-4_1,Dilian GurovReiner HähnleEduard Kamburjan,2020,https://link.springer.com/chapter/10.1007/978-3-030-61362-4_1,Conference paper
"Theory and Practice of Second-Order Rewriting: Foundation, Evolution, and&#xa0;SOL",Functional and Logic Programming,,,,10.1007/978-3-030-59025-3_1,Makoto Hamana,2020,https://link.springer.com/chapter/10.1007/978-3-030-59025-3_1,Conference paper
Extracting High-Level System Specifications from Source Code via Abstract State Machines,Model and Data Engineering,,,,10.1007/978-3-030-32065-2_19,Flavio FerrarottiJosef PichlerMichael MoserGeorg Buchgeher,2019,https://link.springer.com/chapter/10.1007/978-3-030-32065-2_19,Conference paper
GrapeL: Combining Graph Pattern Matching and Complex Event Processing,Systems Modelling and Management,,,,10.1007/978-3-030-58167-1_13,Sebastian EhmesLars FritscheKonrad Altenhofen,2020,https://link.springer.com/chapter/10.1007/978-3-030-58167-1_13,Conference paper
Impact of Test Suite Coverage on Overfitting in Genetic Improvement of&#xa0;Software,Search-Based Software Engineering,,,,10.1007/978-3-030-59762-7_14,Mingyi LimGiovani GuizzoJustyna Petke,2020,https://link.springer.com/chapter/10.1007/978-3-030-59762-7_14,Conference paper
Soft Subexponentials and Multiplexing,Automated Reasoning,,,,10.1007/978-3-030-51074-9_29,Max KanovichStepan KuznetsovVivek NigamAndre Scedrov,2020,https://link.springer.com/chapter/10.1007/978-3-030-51074-9_29,Conference paper
Exploiting Modularity of SOS Semantics to Define Quantitative Extensions of Reaction Systems,Theory and Practice of Natural Computing,,,,10.1007/978-3-030-90425-8_2,Linda BrodoRoberto BruniMoreno FalaschiRoberta GoriFrancesca LeviPaolo Milazzo,2021,https://link.springer.com/chapter/10.1007/978-3-030-90425-8_2,Conference paper
MSFL: A Model for Fault Localization Using Mutation-Spectra Technique,Lean and Agile Software Development,,,,10.1007/978-3-030-67084-9_10,Arpita DuttaSangharatna Godboley,2021,https://link.springer.com/chapter/10.1007/978-3-030-67084-9_10,Conference paper
"A Testing Perspective on Algebraic, Denotational, and Operational Semantics",Unifying Theories of Programming,,,,10.1007/978-3-030-31038-7_2,Bernhard K. Aichernig,2019,https://link.springer.com/chapter/10.1007/978-3-030-31038-7_2,Conference paper
Explaining Violations of Properties in Control-Flow Temporal Logic,Runtime Verification,,,,10.1007/978-3-030-32079-9_12,Joshua Heneage DawesGiles Reger,2019,https://link.springer.com/chapter/10.1007/978-3-030-32079-9_12,Conference paper
Automated Verification of Embedded Control Software,"Leveraging Applications of Formal Methods, Verification and Validation: Applications",,,,10.1007/978-3-030-61467-6_15,Dilian GurovPaula HerberIna Schaefer,2020,https://link.springer.com/chapter/10.1007/978-3-030-61467-6_15,Conference paper
Concise Outlines for a Complex Logic: A Proof Outline Checker for TaDA,Formal Methods,,,,10.1007/978-3-030-90870-6_22,Felix A. WolfMalte SchwerhoffPeter Müller,2021,https://link.springer.com/chapter/10.1007/978-3-030-90870-6_22,Conference paper
Towards Automated Patch Management in a Hybrid Cloud,Service-Oriented Computing,,,,10.1007/978-3-030-33702-5_26,Ubaid Ullah HafeezAlexei KarveBraulio DumbaAnshul GandhiSai Zeng,2019,https://link.springer.com/chapter/10.1007/978-3-030-33702-5_26,Conference paper
"First-Order Theory of Rewriting for Linear Variable-Separated Rewrite Systems: Automation, Formalization, Certification",Journal of Automated Reasoning,,,,10.1007/s10817-023-09661-7,Aart MiddeldorpAlexander LochmannFabian Mitterwallner,2023,https://link.springer.com/article/10.1007/s10817-023-09661-7,Article
Formal Specification of a Security Framework for Smart Contracts,Formal Methods. FM 2019 International Workshops,,,,10.1007/978-3-030-54994-7_30,Mikhail MandrykinJake O’ShannessyJacob PayneIlya Shchepetkov,2020,https://link.springer.com/chapter/10.1007/978-3-030-54994-7_30,Conference paper
A Game-theoretic approach to analyze interacting actors in GRL goal models,Requirements Engineering,,,,10.1007/s00766-021-00349-1,Jameleddine HassineDhaker KroumiDaniel Amyot,2021,https://link.springer.com/article/10.1007/s00766-021-00349-1,Article
Learning Fault Models of Cyber Physical Systems,Formal Methods and Software Engineering,,,,10.1007/978-3-030-63406-3_9,Teck Ping KhooJun SunSudipta Chattopadhyay,2020,https://link.springer.com/chapter/10.1007/978-3-030-63406-3_9,Conference paper
Full-program induction: verifying array programs sans loop invariants,International Journal on Software Tools for Technology Transfer,,,,10.1007/s10009-022-00676-w,Supratik ChakrabortyAshutosh GuptaDivyesh Unadkat,2022,https://link.springer.com/article/10.1007/s10009-022-00676-w,Article
Automatic Discovery of Fair Paths in Infinite-State Transition Systems,Automated Technology for Verification and Analysis,,,,10.1007/978-3-030-88885-5_3,Alessandro CimattiAlberto GriggioEnrico Magnago,2021,https://link.springer.com/chapter/10.1007/978-3-030-88885-5_3,Conference paper
Temporal-logic query checking over finite data streams,International Journal on Software Tools for Technology Transfer,,,,10.1007/s10009-022-00656-0,Samuel HuangRance Cleaveland,2022,https://link.springer.com/article/10.1007/s10009-022-00656-0,Article
Formal Modeling and Analysis of Medical Systems,Coordination Models and Languages,,,,10.1007/978-3-030-50029-0_24,Mahsa ZarneshanFatemeh GhassemiMarjan Sirjani,2020,https://link.springer.com/chapter/10.1007/978-3-030-50029-0_24,Conference paper
HybridTiger: Hybrid Model Checking and Domination-based Partitioning for Efficient Multi-Goal Test-Suite Generation (Competition Contribution),Fundamental Approaches to Software Engineering,,,,10.1007/978-3-030-45234-6_26,Sebastian RulandMalte LochauMarie-Christine Jakobs,2020,https://link.springer.com/chapter/10.1007/978-3-030-45234-6_26,Conference paper
"Extensible Extraction of Efficient Imperative Programs with Foreign Functions, Manually Managed Memory, and Proofs",Automated Reasoning,,,,10.1007/978-3-030-51054-1_7,Clément Pit-ClaudelPeng WangBenjamin DelawareJason GrossAdam Chlipala,2020,https://link.springer.com/chapter/10.1007/978-3-030-51054-1_7,Conference paper
How to be sure a faulty system does not always appear healthy?,Innovations in Systems and Software Engineering,,,,10.1007/s11334-019-00357-z,Philippe DagueLulu HeLina Ye,2019,https://link.springer.com/article/10.1007/s11334-019-00357-z,Article
Cheap CTL Compassion in NuSMV,"Verification, Model Checking, and Abstract Interpretation",,,,10.1007/978-3-030-39322-9_12,Daniel HausmannTadeusz LitakChristoph RauchMatthias Zinner,2020,https://link.springer.com/chapter/10.1007/978-3-030-39322-9_12,Conference paper
Annotary: A Concolic Execution System for Developing Secure Smart Contracts,Computer Security – ESORICS 2019,,,,10.1007/978-3-030-29959-0_36,Konrad WeissJulian Schütte,2019,https://link.springer.com/chapter/10.1007/978-3-030-29959-0_36,Conference paper
Validating the Hybrid ERTMS/ETCS Level 3 concept with Electrum,International Journal on Software Tools for Technology Transfer,,,,10.1007/s10009-019-00540-4,Alcino CunhaNuno Macedo,2019,https://link.springer.com/article/10.1007/s10009-019-00540-4,Article
Towards Finding Longer Proofs,Automated Reasoning with Analytic Tableaux and Related Methods,,,,10.1007/978-3-030-86059-2_10,Zsolt ZomboriAdrián CsiszárikHenryk MichalewskiCezary KaliszykJosef Urban,2021,https://link.springer.com/chapter/10.1007/978-3-030-86059-2_10,Conference paper
Formal Verification of Memory Preservation of x86-64 Binaries,"Computer Safety, Reliability, and Security",,,,10.1007/978-3-030-26601-1_3,Joshua A. BockenekFreek VerbeekPeter LammichBinoy Ravindran,2019,https://link.springer.com/chapter/10.1007/978-3-030-26601-1_3,Conference paper
Interface Automata for Shared Memory,Acta Informatica,,,,10.1007/s00236-021-00408-8,Ayleen SchinkoWalter VoglerJohannes GareisN. Tri NguyenGerald Lüttgen,2021,https://link.springer.com/article/10.1007/s00236-021-00408-8,Article
Enhancing Symbolic Execution of Heap-Based Programs with Separation Logic for Test Input Generation,Automated Technology for Verification and Analysis,,,,10.1007/978-3-030-31784-3_12,Long H. PhamQuang Loc LeQuoc-Sang PhanJun SunShengchao Qin,2019,https://link.springer.com/chapter/10.1007/978-3-030-31784-3_12,Conference paper
Live Synthesis,Automated Technology for Verification and Analysis,,,,10.1007/978-3-030-88885-5_11,Bernd FinkbeinerFelix KleinNiklas Metzger,2021,https://link.springer.com/chapter/10.1007/978-3-030-88885-5_11,Conference paper
<span>Sentinel</span>: generating GUI tests for sensor leaks in Android and Android wear apps,Software Quality Journal,,,,10.1007/s11219-019-09484-z,Haowei WuHailong ZhangYan WangAtanas Rountev,2019,https://link.springer.com/article/10.1007/s11219-019-09484-z,Article
Parallelized Sequential Composition and&#xa0;Hardware Weak Memory Models,Software Engineering and Formal Methods,,,,10.1007/978-3-030-92124-8_12,Robert J. Colvin,2021,https://link.springer.com/chapter/10.1007/978-3-030-92124-8_12,Conference paper
Deriving Interaction Scenarios for Timed Distributed Systems by Symbolic Execution,Advances in Model and Data Engineering in the Digitalization Era,,,,10.1007/978-3-030-87657-9_4,Boutheina BannourArnault LapitrePascale Le Gall,2021,https://link.springer.com/chapter/10.1007/978-3-030-87657-9_4,Conference paper
Reductions and abstractions for formal verification of distributed round-based algorithms,Software Quality Journal,,,,10.1007/s11219-020-09539-6,Raul BarbosaAlcides FonsecaFilipe Araujo,2021,https://link.springer.com/article/10.1007/s11219-020-09539-6,Article
Concise Read-Only Specifications for Better Synthesis of Programs with Pointers,Programming Languages and Systems,,,,10.1007/978-3-030-44914-8_6,Andreea CosteaAmy ZhuNadia PolikarpovaIlya Sergey,2020,https://link.springer.com/chapter/10.1007/978-3-030-44914-8_6,Conference paper
Security assurance cases—state of the art of an emerging approach,Empirical Software Engineering,,,,10.1007/s10664-021-09971-7,Mazen MohamadJan-Philipp SteghöferRiccardo Scandariato,2021,https://link.springer.com/article/10.1007/s10664-021-09971-7,Article
Cost Analysis for an Actor-Based Workflow Modelling Language,Formal Methods: Foundations and Applications,,,,10.1007/978-3-030-92137-8_7,Muhammad Rizwan AliViolet Ka I Pun,2021,https://link.springer.com/chapter/10.1007/978-3-030-92137-8_7,Conference paper
Optimized Sound and Complete Data Race Detection in Structured Parallel Programs,Languages and Compilers for Parallel Computing,,,,10.1007/978-3-030-34627-0_8,Kyle StoreyJacob PowellBen OglesJoshua HookerPeter AldousEric Mercer,2019,https://link.springer.com/chapter/10.1007/978-3-030-34627-0_8,Conference paper
ElasTest: An Elastic Platform for E2E Testing Complex Distributed Large Software Systems,Advances in Service-Oriented and Cloud Computing,,,,10.1007/978-3-030-63161-1_20,Juan Francisco Ribera LaszkowskiAndy EdmondsPiyush HarshFrancisco GortazarThomas Michael Bohnert,2020,https://link.springer.com/chapter/10.1007/978-3-030-63161-1_20,Conference paper
Quantifying Software Reliability via Model-Counting,Quantitative Evaluation of Systems,,,,10.1007/978-3-030-85172-9_4,Samuel TeuberAlexander Weigl,2021,https://link.springer.com/chapter/10.1007/978-3-030-85172-9_4,Conference paper
Towards Integrated Correctness Analysis and Performance Evaluation of Software Systems (Doctoral Forum Paper),Software Engineering for Resilient Systems,,,,10.1007/978-3-030-30856-8_8,Ioannis Stefanakos,2019,https://link.springer.com/chapter/10.1007/978-3-030-30856-8_8,Conference paper
Machine learning techniques for software testing effort prediction,Software Quality Journal,,,,10.1007/s11219-020-09545-8,Cuauhtémoc López-Martín,2021,https://link.springer.com/article/10.1007/s11219-020-09545-8,Article
Constructive Hybrid Games,Automated Reasoning,,,,10.1007/978-3-030-51074-9_26,Rose BohrerAndré Platzer,2020,https://link.springer.com/chapter/10.1007/978-3-030-51074-9_26,Conference paper
Combining Machine and Automata Learning for Network Traffic Classification,Topics in Theoretical Computer Science,,,,10.1007/978-3-030-57852-7_2,Zeynab Sabahi-KavianiFatemeh GhassemiZahra Alimadadi,2020,https://link.springer.com/chapter/10.1007/978-3-030-57852-7_2,Conference paper
Universal Invariant Checking of Parametric Systems with Quantifier-free SMT Reasoning,Automated Deduction – CADE 28,,,,10.1007/978-3-030-79876-5_8,Alessandro CimattiAlberto GriggioGianluca Redondi,2021,https://link.springer.com/chapter/10.1007/978-3-030-79876-5_8,Conference paper
Monitoring Spatio-Temporal Properties (Invited Tutorial),Runtime Verification,,,,10.1007/978-3-030-60508-7_2,Laura NenziEzio BartocciLuca BortolussiMichele LoretiEnnio Visconti,2020,https://link.springer.com/chapter/10.1007/978-3-030-60508-7_2,Conference paper
Verification of Concurrent Programs Using Petri Net Unfoldings,"Verification, Model Checking, and Abstract Interpretation",,,,10.1007/978-3-030-67067-2_9,Daniel DietschMatthias HeizmannDominik KlumppMehdi NaouarAndreas PodelskiClaus Schätzle,2021,https://link.springer.com/chapter/10.1007/978-3-030-67067-2_9,Conference paper
Reentrancy? Yes. Reentrancy Bug? No.,"Dependable Software Engineering. Theories, Tools, and Applications",,,,10.1007/978-3-030-62822-2_2,Qinxiang CaoZhongye Wang,2020,https://link.springer.com/chapter/10.1007/978-3-030-62822-2_2,Conference paper
Mutation Testing of Smart Contracts at Scale,Tests and Proofs,,,,10.1007/978-3-030-50995-8_2,Pieter HartelRichard Schumi,2020,https://link.springer.com/chapter/10.1007/978-3-030-50995-8_2,Conference paper
Bridging Arrays and ADTs in Recursive Proofs,Tools and Algorithms for the Construction and Analysis of Systems,,,,10.1007/978-3-030-72013-1_2,Grigory FedyukovichGidon Ernst,2021,https://link.springer.com/chapter/10.1007/978-3-030-72013-1_2,Conference paper
Model-based test case generation and prioritization: a systematic literature review,Software and Systems Modeling,,,,10.1007/s10270-021-00924-8,Muhammad Luqman Mohd-ShafieWan Mohd Nasir Wan KadirHorst LichterMuhammad KhatibsyarbiniMohd Adham Isa,2021,https://link.springer.com/article/10.1007/s10270-021-00924-8,Article
A Reversible Operational Semantics for Imperative Programming Languages,Formal Methods and Software Engineering,,,,10.1007/978-3-030-63406-3_6,Maribel FernándezIan Mackie,2020,https://link.springer.com/chapter/10.1007/978-3-030-63406-3_6,Conference paper
Canonical Representations for Direct Generation of Strategies in High-Level Petri Games,Application and Theory of Petri Nets and Concurrency,,,,10.1007/978-3-030-76983-3_6,Manuel GiesekingNick Würdemann,2021,https://link.springer.com/chapter/10.1007/978-3-030-76983-3_6,Conference paper
Simple and Efficient Computation of Minimal Weak Control Closure,Static Analysis,,,,10.1007/978-3-030-65474-0_10,Abu Naser Masud,2020,https://link.springer.com/chapter/10.1007/978-3-030-65474-0_10,Conference paper
An Abstract Machine for Strong Call by Value,Programming Languages and Systems,,,,10.1007/978-3-030-64437-6_8,Małgorzata BiernackaDariusz BiernackiWitold CharatonikTomasz Drab,2020,https://link.springer.com/chapter/10.1007/978-3-030-64437-6_8,Conference paper
Practical Abstractions for Automated Verification of Shared-Memory Concurrency,"Verification, Model Checking, and Abstract Interpretation",,,,10.1007/978-3-030-39322-9_19,Wytse OortwijnDilian GurovMarieke Huisman,2020,https://link.springer.com/chapter/10.1007/978-3-030-39322-9_19,Conference paper
Specification testing of agent-based simulation using property-based testing,Autonomous Agents and Multi-Agent Systems,,,,10.1007/s10458-020-09473-8,Jonathan ThalerPeer-Olaf Siebers,2020,https://link.springer.com/article/10.1007/s10458-020-09473-8,Article
Automatic Synthesis of Transiently Correct Network Updates via Petri Games,Application and Theory of Petri Nets and Concurrency,,,,10.1007/978-3-030-76983-3_7,Martin DidriksenPeter G. JensenJonathan F. JønlerAndrei-Ioan KatonaSangey D. L. LamaFrederik B. LottrupShahab ShajaratJiří Srba,2021,https://link.springer.com/chapter/10.1007/978-3-030-76983-3_7,Conference paper
Model Checking Finite-Horizon Markov Chains with Probabilistic Inference,Computer Aided Verification,,,,10.1007/978-3-030-81688-9_27,Steven HoltzenSebastian JungesMarcell Vazquez-ChanlatteTodd MillsteinSanjit A. SeshiaGuy Van den Broeck,2021,https://link.springer.com/chapter/10.1007/978-3-030-81688-9_27,Conference paper
Formal Verification of Developer Tests: A Research Agenda Inspired by Mutation Testing,"Leveraging Applications of Formal Methods, Verification and Validation: Engineering Principles",,,,10.1007/978-3-030-61470-6_2,Serge DemeyerAli ParsaiSten VercammenBrent van BladelMehrdad Abdi,2020,https://link.springer.com/chapter/10.1007/978-3-030-61470-6_2,Conference paper
Counterexample Classification,Software Engineering and Formal Methods,,,,10.1007/978-3-030-92124-8_18,Cole VickEunsuk KangStavros Tripakis,2021,https://link.springer.com/chapter/10.1007/978-3-030-92124-8_18,Conference paper
An Introduction to Software Verification with Whiley,Engineering Trustworthy Software Systems,,,,10.1007/978-3-030-17601-3_1,David J. PearceMark UttingLindsay Groves,2019,https://link.springer.com/chapter/10.1007/978-3-030-17601-3_1,Conference paper
An Extension of LTL with Rules and Its Application to Runtime Verification,Runtime Verification,,,,10.1007/978-3-030-32079-9_14,Klaus HavelundDoron Peled,2019,https://link.springer.com/chapter/10.1007/978-3-030-32079-9_14,Conference paper
Petri Net Invariant Synthesis,Networked Systems,,,,10.1007/978-3-030-91014-3_13,Peter ChiniFlorian Furbach,2021,https://link.springer.com/chapter/10.1007/978-3-030-91014-3_13,Conference paper
An SMT Encoding of LLVM’s Memory Model for Bounded Translation Validation,Computer Aided Verification,,,,10.1007/978-3-030-81688-9_35,Juneyoung LeeDongjoo KimChung-Kil HurNuno P. Lopes,2021,https://link.springer.com/chapter/10.1007/978-3-030-81688-9_35,Conference paper
An improved approach on the model checking for an agent-based simulation system,Software and Systems Modeling,,,,10.1007/s10270-020-00807-4,Yinling LiuTao WangHaiqing ZhangVincent Cheutet,2020,https://link.springer.com/article/10.1007/s10270-020-00807-4,Article
The School of Squiggol,Formal Methods. FM 2019 International Workshops,,,,10.1007/978-3-030-54997-8_2,Jeremy Gibbons,2020,https://link.springer.com/chapter/10.1007/978-3-030-54997-8_2,Conference paper
Improving Symbolic Automata Learning with Concolic Execution,Fundamental Approaches to Software Engineering,,,,10.1007/978-3-030-45234-6_1,Donato ClunPhillip van HeerdenAntonio FilieriWillem Visser,2020,https://link.springer.com/chapter/10.1007/978-3-030-45234-6_1,Conference paper
Counterexample- and Simulation-Guided Floating-Point Loop Invariant Synthesis,Static Analysis,,,,10.1007/978-3-030-65474-0_8,Anastasiia IzychevaEva DarulovaHelmut Seidl,2020,https://link.springer.com/chapter/10.1007/978-3-030-65474-0_8,Conference paper
Formal Methods Applicability on Space Applications Specification and Implementation Using MORA-TSP,Formal Methods – The Next 30 Years,,,,10.1007/978-3-030-30942-8_42,Daniel SilveiraAndreas JungMarcel VerhoefTiago Jorge,2019,https://link.springer.com/chapter/10.1007/978-3-030-30942-8_42,Conference paper
Paracosm: A Test Framework for Autonomous Driving Simulations,Fundamental Approaches to Software Engineering,,,,10.1007/978-3-030-71500-7_9,Rupak MajumdarAman MathurMarcus PirronLaura StegnerDamien Zufferey,2021,https://link.springer.com/chapter/10.1007/978-3-030-71500-7_9,Conference paper
Efficient SMT-Based Analysis of Failure Propagation,Computer Aided Verification,,,,10.1007/978-3-030-81688-9_10,Marco BozzanoAlessandro CimattiAnthony Fernandes PiresAlberto GriggioMartin JonášGreg Kimberly,2021,https://link.springer.com/chapter/10.1007/978-3-030-81688-9_10,Conference paper
Exploring Type-Level Bisimilarity towards More Expressive Multiparty Session Types,Programming Languages and Systems,,,,10.1007/978-3-030-44914-8_10,Sung-Shik JongmansNobuko Yoshida,2020,https://link.springer.com/chapter/10.1007/978-3-030-44914-8_10,Conference paper
Verification of Multi-agent Systems with Timeouts for Migration and Communication,Theoretical Aspects of Computing – ICTAC 2019,,,,10.1007/978-3-030-32505-3_9,Bogdan AmanGabriel Ciobanu,2019,https://link.springer.com/chapter/10.1007/978-3-030-32505-3_9,Conference paper
Automated Formal Analysis of Side-Channel Attacks on Probabilistic Systems,Computer Security – ESORICS 2019,,,,10.1007/978-3-030-29959-0_16,Chris NovakovicDavid Parker,2019,https://link.springer.com/chapter/10.1007/978-3-030-29959-0_16,Conference paper
Model-based testing of stochastically timed systems,Innovations in Systems and Software Engineering,,,,10.1007/s11334-019-00349-z,Marcus GerholdArnd HartmannsMariëlle Stoelinga,2019,https://link.springer.com/article/10.1007/s11334-019-00349-z,Article
Teaching Deductive Verification Through Frama-C and SPARK for Non Computer Scientists,Formal Methods Teaching,,,,10.1007/978-3-030-32441-4_2,Léo CreuseClaire DrossChristophe GarionJérôme HuguesJoffrey Huguet,2019,https://link.springer.com/chapter/10.1007/978-3-030-32441-4_2,Conference paper
Legion: Best-First Concolic Testing (Competition Contribution),Fundamental Approaches to Software Engineering,,,,10.1007/978-3-030-45234-6_31,Dongge LiuGidon ErnstToby MurrayBenjamin I. P. Rubinstein,2020,https://link.springer.com/chapter/10.1007/978-3-030-45234-6_31,Conference paper
Security analysis of permission re-delegation vulnerabilities in Android apps,Empirical Software Engineering,,,,10.1007/s10664-020-09879-8,Biniam Fisseha DemissieMariano CeccatoLwin Khin Shar,2020,https://link.springer.com/article/10.1007/s10664-020-09879-8,Article
RoboChart: modelling and verification of the functional behaviour of robotic applications,Software & Systems Modeling,,,,10.1007/s10270-018-00710-z,Alvaro MiyazawaPedro RibeiroWei LiAna CavalcantiJon TimmisJim Woodcock,2019,https://link.springer.com/article/10.1007/s10270-018-00710-z,Article
From parametric trace slicing to rule systems,International Journal on Software Tools for Technology Transfer,,,,10.1007/s10009-021-00608-0,Giles RegerDavid Rydeheard,2021,https://link.springer.com/article/10.1007/s10009-021-00608-0,Article
ESBMC: Scalable and Precise Test Generation based on the Floating-Point Theory,Fundamental Approaches to Software Engineering,,,,10.1007/978-3-030-45234-6_27,Mikhail R. GadelhaRafael MenezesFelipe R. MonteiroLucas C. CordeiroDenis Nicole,2020,https://link.springer.com/chapter/10.1007/978-3-030-45234-6_27,Conference paper
Symbiotic 7: Integration of Predator and More,Tools and Algorithms for the Construction and Analysis of Systems,,,,10.1007/978-3-030-45237-7_31,Marek ChalupaTomáš JašekLukáš TomovičMartin HruškaVeronika ŠokováPaulína AyaziováJan StrejčekTomáš Vojnar,2020,https://link.springer.com/chapter/10.1007/978-3-030-45237-7_31,Conference paper
VeriAbs : Verification by Abstraction and Test Generation (Competition Contribution),Tools and Algorithms for the Construction and Analysis of Systems,,,,10.1007/978-3-030-45237-7_25,Mohammad AfzalSupratik ChakrabortyAvriti ChauhanBharti ChimdyalwarPriyanka DarkeAshutosh GuptaShrawan KumarCharles Babu MDivyesh UnadkatR Venkatesh,2020,https://link.springer.com/chapter/10.1007/978-3-030-45237-7_25,Conference paper
2LS: Heap Analysis and Memory Safety,Tools and Algorithms for the Construction and Analysis of Systems,,,,10.1007/978-3-030-45237-7_22,Viktor MalíkPeter SchrammelTomáš Vojnar,2020,https://link.springer.com/chapter/10.1007/978-3-030-45237-7_22,Conference paper
Session Types Without Sophistry,Functional and Logic Programming,,,,10.1007/978-3-030-59025-3_5,Oleg KiselyovKeigo Imai,2020,https://link.springer.com/chapter/10.1007/978-3-030-59025-3_5,Conference paper
Violation Witnesses and Result Validation for Multi-Threaded Programs,"Leveraging Applications of Formal Methods, Verification and Validation: Verification Principles",,,,10.1007/978-3-030-61362-4_26,Dirk BeyerKarlheinz Friedberger,2020,https://link.springer.com/chapter/10.1007/978-3-030-61362-4_26,Conference paper
Automatic Test Data Generation for a Given Set of Applications Using Recurrent Neural Networks,Software Technologies,,,,10.1007/978-3-030-29157-0_14,Ciprian PaduraruMarius-Constantin MelemciucMiruna Paduraru,2019,https://link.springer.com/chapter/10.1007/978-3-030-29157-0_14,Conference paper
A Bounded Model Checking Technique for Higher-Order Programs,"Dependable Software Engineering. Theories, Tools, and Applications",,,,10.1007/978-3-030-35540-1_1,Yu-Yang LinNikos Tzevelekos,2019,https://link.springer.com/chapter/10.1007/978-3-030-35540-1_1,Conference paper
A Compositional Semantics for Repairable BDMPs,"Computer Safety, Reliability, and Security",,,,10.1007/978-3-030-54549-9_6,Shahid KhanJoost-Pieter KatoenMarc Bouissou,2020,https://link.springer.com/chapter/10.1007/978-3-030-54549-9_6,Conference paper
A Myhill-Nerode Theorem for Register Automata and Symbolic Trace Languages,Theoretical Aspects of Computing – ICTAC 2020,,,,10.1007/978-3-030-64276-1_3,Frits VaandragerAbhisek Midya,2020,https://link.springer.com/chapter/10.1007/978-3-030-64276-1_3,Conference paper
The Move Prover,Computer Aided Verification,,,,10.1007/978-3-030-53288-8_7,Jingyi Emma ZhongKevin CheangShaz QadeerWolfgang GrieskampSam BlackshearJunkil ParkYoni ZoharClark BarrettDavid L. Dill,2020,https://link.springer.com/chapter/10.1007/978-3-030-53288-8_7,Conference paper
MetaVal: Witness Validation via Verification,Computer Aided Verification,,,,10.1007/978-3-030-53291-8_10,Dirk BeyerMartin Spiessl,2020,https://link.springer.com/chapter/10.1007/978-3-030-53291-8_10,Conference paper
Towards Formal Verification of Neural Networks: A Temporal Logic Based Framework,Structured Object-Oriented Formal Language and Method,,,,10.1007/978-3-030-41418-4_6,Xiaobing WangKun YangYanmei WangLiang ZhaoXinfeng Shu,2020,https://link.springer.com/chapter/10.1007/978-3-030-41418-4_6,Conference paper
Optimizing a Verified SAT Solver,NASA Formal Methods,,,,10.1007/978-3-030-20652-9_10,Mathias Fleury,2019,https://link.springer.com/chapter/10.1007/978-3-030-20652-9_10,Conference paper
On the Runtime Enforcement of Timed Properties,Runtime Verification,,,,10.1007/978-3-030-32079-9_4,Yliès FalconeSrinivas Pinisetty,2019,https://link.springer.com/chapter/10.1007/978-3-030-32079-9_4,Conference paper
Towards a Resident Static Analysis,Computational Science and Its Applications – ICCSA 2019,,,,10.1007/978-3-030-24296-1_7,Maxim Menshikov,2019,https://link.springer.com/chapter/10.1007/978-3-030-24296-1_7,Conference paper
Efficient Strategies for CEGAR-Based Model Checking,Journal of Automated Reasoning,,,,10.1007/s10817-019-09535-x,Ákos HajduZoltán Micskei,2019,https://link.springer.com/article/10.1007/s10817-019-09535-x,Article
Parametric Timed Model Checking for Guaranteeing Timed Opacity,Automated Technology for Verification and Analysis,,,,10.1007/978-3-030-31784-3_7,Étienne AndréJun Sun,2019,https://link.springer.com/chapter/10.1007/978-3-030-31784-3_7,Conference paper
Formal Security Analysis of Cloud-Connected Industrial Control Systems,Innovative Security Solutions for Information Technology and Communications,,,,10.1007/978-3-030-12942-2_7,Tomas KulikPeter W. V. Tran-JørgensenJalil Boudjadar,2019,https://link.springer.com/chapter/10.1007/978-3-030-12942-2_7,Conference paper
On-the-fly Black-Box Probably Approximately Correct Checking of Recurrent Neural Networks,Machine Learning and Knowledge Extraction,,,,10.1007/978-3-030-57321-8_19,Franz MayrRamiro ViscaSergio Yovine,2020,https://link.springer.com/chapter/10.1007/978-3-030-57321-8_19,Conference paper
Towards a framework for certification of reliable autonomous systems,Autonomous Agents and Multi-Agent Systems,,,,10.1007/s10458-020-09487-2,Michael FisherViviana MascardiKristin Yvonne RozierBernd-Holger SchlingloffMichael WinikoffNeil Yorke-Smith,2020,https://link.springer.com/article/10.1007/s10458-020-09487-2,Article
UMC4M: A Verification Tool via Program Execution,Structured Object-Oriented Formal Language and Method,,,,10.1007/978-3-030-41418-4_7,Meng WangJunfeng TianHong Zhang,2020,https://link.springer.com/chapter/10.1007/978-3-030-41418-4_7,Conference paper
Scaling Up Delta Debugging of Type Errors,Trends in Functional Programming,,,,10.1007/978-3-030-57761-2_4,Joanna SharradOlaf Chitil,2020,https://link.springer.com/chapter/10.1007/978-3-030-57761-2_4,Conference paper
PRICE: Detection of Performance Regression Introducing Code Changes Using Static and Dynamic Metrics,Search-Based Software Engineering,,,,10.1007/978-3-030-27455-9_6,Deema AlshoaibiKevin HanniganHiten GuptaMohamed Wiem Mkaouer,2019,https://link.springer.com/chapter/10.1007/978-3-030-27455-9_6,Conference paper
Spatio-Temporal Model-Checking of&#xa0;Cyber-Physical Systems Using&#xa0;Graph&#xa0;Queries,Tests and Proofs,,,,10.1007/978-3-030-50995-8_4,Hojat KhosrowjerdiHamed NematiKarl Meinke,2020,https://link.springer.com/chapter/10.1007/978-3-030-50995-8_4,Conference paper
Descriptor Revision for Conditionals: Literal Descriptors and Conditional Preservation,KI 2020: Advances in Artificial Intelligence,,,,10.1007/978-3-030-58285-2_15,Kai SauerwaldJonas HaldimannMartin von BergChristoph Beierle,2020,https://link.springer.com/chapter/10.1007/978-3-030-58285-2_15,Conference paper
Automata Tutor v3,Computer Aided Verification,,,,10.1007/978-3-030-53291-8_1,Loris D’AntoniMartin HelfrichJan KretinskyEmanuel RamneantuMaximilian Weininger,2020,https://link.springer.com/chapter/10.1007/978-3-030-53291-8_1,Conference paper
Types by Need,Programming Languages and Systems,,,,10.1007/978-3-030-17184-1_15,Beniamino AccattoliGiulio GuerrieriMaico Leberle,2019,https://link.springer.com/chapter/10.1007/978-3-030-17184-1_15,Conference paper
RaceTest: harmful data race detection based on testing technology in WS-BPEL,Service Oriented Computing and Applications,,,,10.1007/s11761-019-00261-1,Zhijun DingZexia Zhou,2019,https://link.springer.com/article/10.1007/s11761-019-00261-1,Article
Violat: Generating Tests of Observational Refinement for Concurrent Objects,Computer Aided Verification,,,,10.1007/978-3-030-25543-5_30,Michael EmmiConstantin Enea,2019,https://link.springer.com/chapter/10.1007/978-3-030-25543-5_30,Conference paper
Automated synthesis of local time requirement for service composition,Software and Systems Modeling,,,,10.1007/s10270-020-00787-5,Étienne AndréTian Huat TanManman ChenShuang LiuJun SunYang LiuJin Song Dong,2020,https://link.springer.com/article/10.1007/s10270-020-00787-5,Article
Formal Specification and Model Checking of a Ride-sharing System in Maude,Structured Object-Oriented Formal Language and Method,,,,10.1007/978-3-030-41418-4_14,Eiichi MuramotoKazuhiro OgataYoichi Shinoda,2020,https://link.springer.com/chapter/10.1007/978-3-030-41418-4_14,Conference paper
Finding Complex Process-Structures by Exploiting the Token-Game,Application and Theory of Petri Nets and Concurrency,,,,10.1007/978-3-030-21571-2_15,Lisa Luise MannelWil M. P. van der Aalst,2019,https://link.springer.com/chapter/10.1007/978-3-030-21571-2_15,Conference paper
AutoAlias: Automatic Variable-Precision Alias Analysis for Object-Oriented Programs,SN Computer Science,,,,10.1007/s42979-019-0012-1,Victor RiveraBertrand Meyer,2019,https://link.springer.com/article/10.1007/s42979-019-0012-1,Article
A Semantic Investigation of Spiking Neural P Systems,Membrane Computing,,,,10.1007/978-3-030-12797-8_9,Gabriel CiobanuEneia Nicolae Todoran,2019,https://link.springer.com/chapter/10.1007/978-3-030-12797-8_9,Conference paper
Holistic Specifications for Robust Programs,Fundamental Approaches to Software Engineering,,,,10.1007/978-3-030-45234-6_21,Sophia DrossopoulouJames NobleJulian MackaySusan Eisenbach,2020,https://link.springer.com/chapter/10.1007/978-3-030-45234-6_21,Conference paper
Testing for Race Conditions in&#xa0;Distributed Systems via SMT Solving,Tests and Proofs,,,,10.1007/978-3-030-50995-8_7,João Carlos PereiraNuno MachadoJorge Sousa Pinto,2020,https://link.springer.com/chapter/10.1007/978-3-030-50995-8_7,Conference paper
Mixed Sessions,Programming Languages and Systems,,,,10.1007/978-3-030-44914-8_26,Vasco T. VasconcelosFilipe CasalBernardo AlmeidaAndreia Mordido,2020,https://link.springer.com/chapter/10.1007/978-3-030-44914-8_26,Conference paper
sasa: A SimulAtor of Self-stabilizing Algorithms,Tests and Proofs,,,,10.1007/978-3-030-50995-8_8,Karine AltisenStéphane DevismesErwan Jahier,2020,https://link.springer.com/chapter/10.1007/978-3-030-50995-8_8,Conference paper
Modeling Non-deterministic C Code with Active Objects,Fundamentals of Software Engineering,,,,10.1007/978-3-030-31517-7_15,Nathan WasserAsmae Heydari TabarReiner Hähnle,2019,https://link.springer.com/chapter/10.1007/978-3-030-31517-7_15,Conference paper
The virtual lands of Oz: testing an agribot in simulation,Empirical Software Engineering,,,,10.1007/s10664-020-09800-3,Clément RobertThierry SotiropoulosHélène WaeselynckJérémie GuiochetSimon Vernhes,2020,https://link.springer.com/article/10.1007/s10664-020-09800-3,Article
A Toolchain to Verify the Parallelization of OmpSs-2 Applications,Euro-Par 2020: Parallel Processing,,,,10.1007/978-3-030-57675-2_2,Simone EconomoSara RoyuelaEduard AyguadéVicenç Beltran,2020,https://link.springer.com/chapter/10.1007/978-3-030-57675-2_2,Conference paper
Formal Verification of Safety &amp; Security Related Timing Constraints for a Cooperative Automotive System,Fundamental Approaches to Software Engineering,,,,10.1007/978-3-030-16722-6_12,Li HuangEun-Young Kang,2019,https://link.springer.com/chapter/10.1007/978-3-030-16722-6_12,Conference paper
Omega-Regular Objectives in Model-Free Reinforcement Learning,Tools and Algorithms for the Construction and Analysis of Systems,,,,10.1007/978-3-030-17462-0_27,Ernst Moritz HahnMateo PerezSven ScheweFabio SomenziAshutosh TrivediDominik Wojtczak,2019,https://link.springer.com/chapter/10.1007/978-3-030-17462-0_27,Conference paper
Smart Measurements and Analysis for Software Quality Enhancement,Software Technologies,,,,10.1007/978-3-030-29157-0_9,Sarah DahabStephane MaagWissam MallouliAna Cavalli,2019,https://link.springer.com/chapter/10.1007/978-3-030-29157-0_9,Conference paper
Formalisation and Implementation of Road Junction Rules on an Autonomous Vehicle Modelled as an Agent,Formal Methods. FM 2019 International Workshops,,,,10.1007/978-3-030-54994-7_16,Gleifer Vaz AlvesLouise DennisMichael Fisher,2020,https://link.springer.com/chapter/10.1007/978-3-030-54994-7_16,Conference paper
Exploiting Anti-scenarios for the Non Realizability Problem,Computer Science – CACIC 2019,,,,10.1007/978-3-030-48325-8_11,Fernando AsteasuainFederico CalongePablo Gamboa,2020,https://link.springer.com/chapter/10.1007/978-3-030-48325-8_11,Conference paper
Incremental Minimization of Symbolic Automata,"Verified Software. Theories, Tools, and Experiments",,,,10.1007/978-3-030-41600-3_5,Jonathan HomburgParasara Sridhar Duggirala,2020,https://link.springer.com/chapter/10.1007/978-3-030-41600-3_5,Conference paper
Conformance Testing of Schedulers for DSL-based Model Checking,Model Checking Software,,,,10.1007/978-3-030-30923-7_12,Nhat-Hoa TranToshiaki Aoki,2019,https://link.springer.com/chapter/10.1007/978-3-030-30923-7_12,Conference paper
Belief Shadowing,Engineering Multi-Agent Systems,,,,10.1007/978-3-030-25693-7_9,Łukasz BiałekBarbara Dunin-KępliczAndrzej Szałas,2019,https://link.springer.com/chapter/10.1007/978-3-030-25693-7_9,Conference paper
Predicting and Testing Latencies with Deep Learning: An IoT Case Study,Tests and Proofs,,,,10.1007/978-3-030-31157-5_7,Bernhard K. AichernigFranz PernkopfRichard SchumiAndreas Wurm,2019,https://link.springer.com/chapter/10.1007/978-3-030-31157-5_7,Conference paper
A Tool to Measure TDD Compliance: A Case Study with Professionals,Agile Methods,,,,10.1007/978-3-030-14310-7_3,Altieres de MatosReginaldo RéMarco Aurélio Graciotto Silva,2019,https://link.springer.com/chapter/10.1007/978-3-030-14310-7_3,Conference paper
Accurate Smart Contract Verification Through Direct Modelling,"Leveraging Applications of Formal Methods, Verification and Validation: Applications",,,,10.1007/978-3-030-61467-6_12,Matteo MarescottiRodrigo OtoniLeonardo AltPatrick EugsterAntti E. J. HyvärinenNatasha Sharygina,2020,https://link.springer.com/chapter/10.1007/978-3-030-61467-6_12,Conference paper
From Formal Test Objectives to TTCN-3 for Verifying ETCS Complex Software Control Systems,Software Technologies,,,,10.1007/978-3-030-52991-8_8,Rabea Ameur-BoulifaAna CavalliStephane Maag,2020,https://link.springer.com/chapter/10.1007/978-3-030-52991-8_8,Conference paper
Step-Wise Development of Provably Correct Actor Systems,"Leveraging Applications of Formal Methods, Verification and Validation: Verification Principles",,,,10.1007/978-3-030-61362-4_25,Bernhard K. AichernigBenedikt Maderbacher,2020,https://link.springer.com/chapter/10.1007/978-3-030-61362-4_25,Conference paper
Efficient Translation of Safety LTL to DFA Using Symbolic Automata Learning and Inductive Inference,"Computer Safety, Reliability, and Security",,,,10.1007/978-3-030-54549-9_8,Georgios GiantamidisStylianos BasagiannisStavros Tripakis,2020,https://link.springer.com/chapter/10.1007/978-3-030-54549-9_8,Conference paper
Verifying Safety Properties of Robotic Plans Operating in Real-World Environments via Logic-Based Environment Modeling,"Leveraging Applications of Formal Methods, Verification and Validation: Applications",,,,10.1007/978-3-030-61467-6_21,Tim MeywerkMarcel WalterVladimir HerdtJan KleinekathöferDaniel GroßeRolf Drechsler,2020,https://link.springer.com/chapter/10.1007/978-3-030-61467-6_21,Conference paper
Design and Runtime Verification Side-by-Side in eTrice,NASA Formal Methods,,,,10.1007/978-3-030-20652-9_17,Sudeep KanavLevi LúcioChristian HildenThomas Schuetz,2019,https://link.springer.com/chapter/10.1007/978-3-030-20652-9_17,Conference paper
Quantifying the Security Cost of Migrating Protocols to Practice,Advances in Cryptology – CRYPTO 2020,,,,10.1007/978-3-030-56784-2_4,Christopher PattonThomas Shrimpton,2020,https://link.springer.com/chapter/10.1007/978-3-030-56784-2_4,Conference paper
Sound black-box checking in the LearnLib,Innovations in Systems and Software Engineering,,,,10.1007/s11334-019-00342-6,Jeroen MeijerJaco van de Pol,2019,https://link.springer.com/article/10.1007/s11334-019-00342-6,Article
Approximate reduction of finite automata for high-speed network intrusion detection,International Journal on Software Tools for Technology Transfer,,,,10.1007/s10009-019-00520-8,Milan ČeškaVojtěch HavlenaLukáš HolíkOndřej LengálTomáš Vojnar,2019,https://link.springer.com/article/10.1007/s10009-019-00520-8,Article
Axiomatization and Imperative Characterization of Multi-BSP Algorithms: A Q&amp;A on a Partial Solution,International Journal of Parallel Programming,,,,10.1007/s10766-020-00669-9,F. GavaY. Marquer,2020,https://link.springer.com/article/10.1007/s10766-020-00669-9,Article
Efficient Means of Achieving Composability Using Object Based Semantics in Transactional Memory Systems,Networked Systems,,,,10.1007/978-3-030-05529-5_11,Sathya PeriAjay SinghArchit Somani,2019,https://link.springer.com/chapter/10.1007/978-3-030-05529-5_11,Conference paper
Benchmarking Combinations of Learning and Testing Algorithms for Active Automata Learning,Tests and Proofs,,,,10.1007/978-3-030-50995-8_1,Bernhard K. AichernigMartin TapplerFelix Wallner,2020,https://link.springer.com/chapter/10.1007/978-3-030-50995-8_1,Conference paper
Reinforcement Learning and Formal Requirements,Numerical Software Verification,,,,10.1007/978-3-030-28423-7_2,Fabio SomenziAshutosh Trivedi,2019,https://link.springer.com/chapter/10.1007/978-3-030-28423-7_2,Conference paper
An Isabelle/HOL Formalisation of the SPARC Instruction Set Architecture and the TSO Memory Model,Journal of Automated Reasoning,,,,10.1007/s10817-020-09579-4,Zhé HóuDavid SananAlwen TiuYang LiuKoh Chuen HoaJin Song Dong,2020,https://link.springer.com/article/10.1007/s10817-020-09579-4,Article
RustHorn: CHC-Based Verification for Rust Programs,Programming Languages and Systems,,,,10.1007/978-3-030-44914-8_18,Yusuke MatsushitaTakeshi TsukadaNaoki Kobayashi,2020,https://link.springer.com/chapter/10.1007/978-3-030-44914-8_18,Conference paper
Visualization and Abstractions for Execution Paths in Model-Based Software Testing,Integrated Formal Methods,,,,10.1007/978-3-030-34968-4_26,Rui WangCyrille ArthoLars Michael KristensenVolker Stolz,2019,https://link.springer.com/chapter/10.1007/978-3-030-34968-4_26,Conference paper
Formal Verification of an Industrial Safety-Critical Traffic Tunnel Control System,Integrated Formal Methods,,,,10.1007/978-3-030-34968-4_23,Wytse OortwijnMarieke Huisman,2019,https://link.springer.com/chapter/10.1007/978-3-030-34968-4_23,Conference paper
Software System for the Support of Mouse Tracking Tests,Human-Computer Interaction,,,,10.1007/978-3-030-37386-3_24,David Alejandro AlbornozSebastián Alejandro MoncayoSamir Ruano HoyosGabriel Elías Chanchí GolondrinoPatricia Acosta-Vargas,2019,https://link.springer.com/chapter/10.1007/978-3-030-37386-3_24,Conference paper
Improving Parity Game Solvers with Justifications,"Verification, Model Checking, and Abstract Interpretation",,,,10.1007/978-3-030-39322-9_21,Ruben LapauwMaurice BruynoogheMarc Denecker,2020,https://link.springer.com/chapter/10.1007/978-3-030-39322-9_21,Conference paper
Language Inclusion for Finite Prime Event Structures,"Verification, Model Checking, and Abstract Interpretation",,,,10.1007/978-3-030-39322-9_15,Andreas FellnerThorsten TarrachGeorg Weissenbacher,2020,https://link.springer.com/chapter/10.1007/978-3-030-39322-9_15,Conference paper
International Competition on Runtime Verification (CRV),Tools and Algorithms for the Construction and Analysis of Systems,,,,10.1007/978-3-030-17502-3_3,Ezio BartocciYliès FalconeGiles Reger,2019,https://link.springer.com/chapter/10.1007/978-3-030-17502-3_3,Conference paper
A Survey of Software Reverse Engineering Applications,Artificial Intelligence and Security,,,,10.1007/978-3-030-24268-8_22,Zhuangyou ChenBing PanYanbin Sun,2019,https://link.springer.com/chapter/10.1007/978-3-030-24268-8_22,Conference paper
VeriVANca: An Actor-Based Framework for Formal Verification of Warning Message Dissemination Schemes in VANETs,Model Checking Software,,,,10.1007/978-3-030-30923-7_14,Farnaz YousefiEhsan KhamespanahMohammed GharibMarjan SirjaniAli Movaghar,2019,https://link.springer.com/chapter/10.1007/978-3-030-30923-7_14,Conference paper
A True Concurrent Model of Smart Contracts Executions,Coordination Models and Languages,,,,10.1007/978-3-030-50029-0_16,Massimo BartolettiLetterio GallettaMaurizio Murgia,2020,https://link.springer.com/chapter/10.1007/978-3-030-50029-0_16,Conference paper
The Trace Modality,Dynamic Logic. New Trends and Applications,,,,10.1007/978-3-030-38808-9_8,Dominic SteinhöfelReiner Hähnle,2020,https://link.springer.com/chapter/10.1007/978-3-030-38808-9_8,Conference paper
Fooling Primality Tests on Smartcards,Computer Security – ESORICS 2020,,,,10.1007/978-3-030-59013-0_11,Vladimir SedlacekJan JancarPetr Svenda,2020,https://link.springer.com/chapter/10.1007/978-3-030-59013-0_11,Conference paper
Model-Driven Software Development Combined with Semantic Mutation of UML State Machines,Evaluation of Novel Approaches to Software Engineering,,,,10.1007/978-3-030-40223-5_10,Anna DerezinskaŁukasz Zaremba,2020,https://link.springer.com/chapter/10.1007/978-3-030-40223-5_10,Conference paper
Towards Constraint Logic Programming over Strings for Test Data Generation,Declarative Programming and Knowledge Management,,,,10.1007/978-3-030-46714-2_10,Sebastian KringsJoshua SchmidtPatrick SkowronekJannik DunkelauDierk Ehmke,2020,https://link.springer.com/chapter/10.1007/978-3-030-46714-2_10,Conference paper
A Family of Domain-Specific Languages for Integrated Modular Avionics,Quality of Information and Communications Technology,,,,10.1007/978-3-030-29238-6_17,Ricardo AlvesVasco AmaralJoão CintraBruno Tavares,2019,https://link.springer.com/chapter/10.1007/978-3-030-29238-6_17,Conference paper
Linear-bounded composition of tree-walking tree transducers: linear size increase and complexity,Acta Informatica,,,,10.1007/s00236-019-00360-8,Joost EngelfrietKazuhiro InabaSebastian Maneth,2019,https://link.springer.com/article/10.1007/s00236-019-00360-8,Article
ABC(SMC) $$^2$$ : Simultaneous Inference and Model Checking of Chemical Reaction Networks,Computational Methods in Systems Biology,,,,10.1007/978-3-030-60327-4_14,Gareth W. MolyneuxAlessandro Abate,2020,https://link.springer.com/chapter/10.1007/978-3-030-60327-4_14,Conference paper
Succinct Determinisation of Counting Automata via Sphere Construction,Programming Languages and Systems,,,,10.1007/978-3-030-34175-6_24,Lukáš HolíkOndřej LengálOlli SaarikiviLenka TuroňováMargus VeanesTomáš Vojnar,2019,https://link.springer.com/chapter/10.1007/978-3-030-34175-6_24,Conference paper
Incremental Bidirectional Transformations: Comparing Declarative and Procedural Approaches Using the Families to Persons Benchmark,Evaluation of Novel Approaches to Software Engineering,,,,10.1007/978-3-030-22559-9_5,Bernhard WestfechtelThomas Buchmann,2019,https://link.springer.com/chapter/10.1007/978-3-030-22559-9_5,Conference paper
CoCon: A Conference Management System with Formally Verified Document Confidentiality,Journal of Automated Reasoning,,,,10.1007/s10817-020-09566-9,Andrei PopescuPeter LammichPing Hou,2020,https://link.springer.com/article/10.1007/s10817-020-09566-9,Article
Performance Comparison of Two Search-Based Testing Strategies for ADAS System Validation,Testing Software and Systems,,,,10.1007/978-3-030-31280-0_9,Florian KlückMartin ZimmermannFranz WotawaMihai Nica,2019,https://link.springer.com/chapter/10.1007/978-3-030-31280-0_9,Conference paper
Safety and Co-safety Comparator Automata for Discounted-Sum Inclusion,Computer Aided Verification,,,,10.1007/978-3-030-25540-4_4,Suguman BansalMoshe Y. Vardi,2019,https://link.springer.com/chapter/10.1007/978-3-030-25540-4_4,Conference paper
Scan: A Simple Coordination Workbench,Coordination Models and Languages,,,,10.1007/978-3-030-22397-7_5,Jean-Marie JacquetManel Barkallah,2019,https://link.springer.com/chapter/10.1007/978-3-030-22397-7_5,Conference paper
Multiparty Classical Choreographies,Logic-Based Program Synthesis and Transformation,,,,10.1007/978-3-030-13838-7_4,Marco CarboneLuís Cruz-FilipeFabrizio MontesiAgata Murawska,2019,https://link.springer.com/chapter/10.1007/978-3-030-13838-7_4,Conference paper
Computing Linear Arithmetic Representation of Reachability Relation of One-Counter Automata,"Dependable Software Engineering. Theories, Tools, and Applications",,,,10.1007/978-3-030-62822-2_6,Xie LiTaolue ChenZhilin WuMingji Xia,2020,https://link.springer.com/chapter/10.1007/978-3-030-62822-2_6,Conference paper
Per-Location Simulation,NASA Formal Methods,,,,10.1007/978-3-030-55754-6_16,Liyi LiElsa L. Gunter,2020,https://link.springer.com/chapter/10.1007/978-3-030-55754-6_16,Conference paper
Skill-Based Verification of Cyber-Physical&#xa0;Systems,Fundamental Approaches to Software Engineering,,,,10.1007/978-3-030-45234-6_10,Alexander KnüppelInga JatzkowskiMarcus NolteThomas ThümTobias RungeIna Schaefer,2020,https://link.springer.com/chapter/10.1007/978-3-030-45234-6_10,Conference paper
Interactive Measures for Mining Understandable State Machines from Embedded Software: Experiments and Case Studies,Model-Driven Engineering and Software Development,,,,10.1007/978-3-030-11030-7_10,Wasim SaidJochen QuanteRainer Koschke,2019,https://link.springer.com/chapter/10.1007/978-3-030-11030-7_10,Conference paper
Property Directed Self Composition,Computer Aided Verification,,,,10.1007/978-3-030-25540-4_9,Ron ShemerArie GurfinkelSharon ShohamYakir Vizel,2019,https://link.springer.com/chapter/10.1007/978-3-030-25540-4_9,Conference paper
Verifying Asynchronous Interactions via Communicating Session Automata,Computer Aided Verification,,,,10.1007/978-3-030-25540-4_6,Julien LangeNobuko Yoshida,2019,https://link.springer.com/chapter/10.1007/978-3-030-25540-4_6,Conference paper
Parameterised Verification of Publish/Subscribe Networks with Exception Handling,Reachability Problems,,,,10.1007/978-3-030-30806-3_9,Giorgio Delzanno,2019,https://link.springer.com/chapter/10.1007/978-3-030-30806-3_9,Conference paper
Formal Verification of UML State Machine Diagrams Using Petri Nets,Networked Systems,,,,10.1007/978-3-030-31277-0_5,Achraf LyazidiSalma Mouline,2019,https://link.springer.com/chapter/10.1007/978-3-030-31277-0_5,Conference paper
Reactive Control Meets Runtime Verification: A Case Study of Navigation,Runtime Verification,,,,10.1007/978-3-030-32079-9_21,Dogan UlusCalin Belta,2019,https://link.springer.com/chapter/10.1007/978-3-030-32079-9_21,Conference paper
Formal Methods Assisted Training of Safe Reinforcement Learning Agents,NASA Formal Methods,,,,10.1007/978-3-030-20652-9_22,Anitha MurugesanMohammad MoghadamfalahiArunabh Chattopadhyay,2019,https://link.springer.com/chapter/10.1007/978-3-030-20652-9_22,Conference paper
How to Win First-Order Safety Games,"Verification, Model Checking, and Abstract Interpretation",,,,10.1007/978-3-030-39322-9_20,Helmut SeidlChristian MüllerBernd Finkbeiner,2020,https://link.springer.com/chapter/10.1007/978-3-030-39322-9_20,Conference paper
Runners in Action,Programming Languages and Systems,,,,10.1007/978-3-030-44914-8_2,Danel AhmanAndrej Bauer,2020,https://link.springer.com/chapter/10.1007/978-3-030-44914-8_2,Conference paper
Sharing Ghost Variables in a Collection of Abstract Domains,"Verification, Model Checking, and Abstract Interpretation",,,,10.1007/978-3-030-39322-9_8,Marc ChevalierJérôme Feret,2020,https://link.springer.com/chapter/10.1007/978-3-030-39322-9_8,Conference paper
Mixed-Time Signal Temporal Logic,Formal Modeling and Analysis of Timed Systems,,,,10.1007/978-3-030-29662-9_4,Thomas FerrèreOded MalerDejan Ničković,2019,https://link.springer.com/chapter/10.1007/978-3-030-29662-9_4,Conference paper
From Bounded Reachability Analysis of Linear Hybrid Automata to Verification of Industrial CPS and IoT,Engineering Trustworthy Software Systems,,,,10.1007/978-3-030-55089-9_2,Lei BuJiawan WangYuming WuXuandong Li,2020,https://link.springer.com/chapter/10.1007/978-3-030-55089-9_2,Conference paper
Implementing SOS with Active Objects: A Case Study of a Multicore Memory System,Fundamental Approaches to Software Engineering,,,,10.1007/978-3-030-16722-6_20,Nikolaos BezirgiannisFrank de BoerEinar Broch JohnsenKa I PunS. Lizeth Tapia Tarifa,2019,https://link.springer.com/chapter/10.1007/978-3-030-16722-6_20,Conference paper
Time to Learn – Learning Timed Automata from Tests,Formal Modeling and Analysis of Timed Systems,,,,10.1007/978-3-030-29662-9_13,Martin TapplerBernhard K. AichernigKim Guldstrand LarsenFlorian Lorber,2019,https://link.springer.com/chapter/10.1007/978-3-030-29662-9_13,Conference paper
VerifAI: A Toolkit for the Formal Design and Analysis of Artificial Intelligence-Based Systems,Computer Aided Verification,,,,10.1007/978-3-030-25540-4_25,Tommaso DreossiDaniel J. FremontShromona GhoshEdward KimHadi RavanbakhshMarcell Vazquez-ChanlatteSanjit A. Seshia,2019,https://link.springer.com/chapter/10.1007/978-3-030-25540-4_25,Conference paper
Improving Residuation in Declarative Programs,Practical Aspects of Declarative Languages,,,,10.1007/978-3-030-05998-9_6,Michael Hanus,2019,https://link.springer.com/chapter/10.1007/978-3-030-05998-9_6,Conference paper
Automated Parameterized Verification of CRDTs,Computer Aided Verification,,,,10.1007/978-3-030-25543-5_26,Kartik NagarSuresh Jagannathan,2019,https://link.springer.com/chapter/10.1007/978-3-030-25543-5_26,Conference paper
Planar Digraphs for Automatic Complexity,Theory and Applications of Models of Computation,,,,10.1007/978-3-030-14812-6_5,Achilles A. BerosBjørn Kjos-HanssenDaylan Kaui Yogi,2019,https://link.springer.com/chapter/10.1007/978-3-030-14812-6_5,Conference paper
Local Observability and Controllability Enforcement in Distributed Testing,Quality of Information and Communications Technology,,,,10.1007/978-3-030-29238-6_24,Bruno LimaJoão Pascoal FariaRobert Hierons,2019,https://link.springer.com/chapter/10.1007/978-3-030-29238-6_24,Conference paper
Temporal-Logic Query Checking over Finite Data Streams,Formal Methods for Industrial Critical Systems,,,,10.1007/978-3-030-58298-2_11,Samuel HuangRance Cleaveland,2020,https://link.springer.com/chapter/10.1007/978-3-030-58298-2_11,Conference paper
GR(1)*: GR(1) Specifications Extended with Existential Guarantees,Formal Methods – The Next 30 Years,,,,10.1007/978-3-030-30942-8_7,Gal AmramShahar MaozOr Pistiner,2019,https://link.springer.com/chapter/10.1007/978-3-030-30942-8_7,Conference paper
Generating SBVR-XML Representation of a Controlled Natural Language,Intelligent Technologies and Applications,,,,10.1007/978-981-13-6052-7_33,Shafaq ArshadImran Sarwar BajwaRafaqut Kazmi,2019,https://link.springer.com/chapter/10.1007/978-981-13-6052-7_33,Conference paper
Deriving a usage-independent software quality metric,Empirical Software Engineering,,,,10.1007/s10664-019-09791-w,Tapajit DeyAudris Mockus,2020,https://link.springer.com/article/10.1007/s10664-019-09791-w,Article
A Resource-Aware Model-Based Framework for Load Testing of WS-BPEL Compositions,Enterprise Information Systems,,,,10.1007/978-3-030-26169-6_7,Moez KrichenAfef Jmal MaâlejMariam LahamiMohamed Jmaiel,2019,https://link.springer.com/chapter/10.1007/978-3-030-26169-6_7,Conference paper
Isabelle/SACM: Computer-Assisted Assurance Cases with Integrated Formal Methods,Integrated Formal Methods,,,,10.1007/978-3-030-34968-4_21,Yakoub NemouchiSimon FosterMario GleirscherTim Kelly,2019,https://link.springer.com/chapter/10.1007/978-3-030-34968-4_21,Conference paper
A Metamodel-Based Approach for&#xa0;Adding Modularization to&#xa0;KeYmaera’s Input Syntax,Perspectives of System Informatics,,,,10.1007/978-3-030-37487-7_11,Thomas Baar,2019,https://link.springer.com/chapter/10.1007/978-3-030-37487-7_11,Conference paper
Quality-Aware Rapid Software Development Project: The Q-Rapids Project,Software Technology: Methods and Tools,,,,10.1007/978-3-030-29852-4_32,Xavier FranchLidia LopezSilverio Martínez-FernándezMarc OriolPilar RodríguezAdam Trendowicz,2019,https://link.springer.com/chapter/10.1007/978-3-030-29852-4_32,Conference paper
Saturation Enhanced with Conditional Locality: Application to Petri Nets,Application and Theory of Petri Nets and Concurrency,,,,10.1007/978-3-030-21571-2_19,Vince MolnárIstván Majzik,2019,https://link.springer.com/chapter/10.1007/978-3-030-21571-2_19,Conference paper
Automatically learning usage behavior and generating event sequences for black-box testing of reactive systems,Software Quality Journal,,,,10.1007/s11219-018-9439-1,M. Furkan KıraçBarış AktemurHasan SözerCeren Şahin Gebizli,2019,https://link.springer.com/article/10.1007/s11219-018-9439-1,Article
Symbolic Register Automata,Computer Aided Verification,,,,10.1007/978-3-030-25540-4_1,Loris D’AntoniTiago FerreiraMatteo SammartinoAlexandra Silva,2019,https://link.springer.com/chapter/10.1007/978-3-030-25540-4_1,Conference paper
Multi-player Equilibria Verification for&#xa0;Concurrent Stochastic Games,Quantitative Evaluation of Systems,,,,10.1007/978-3-030-59854-9_7,Marta KwiatkowskaGethin NormanDavid ParkerGabriel Santos,2020,https://link.springer.com/chapter/10.1007/978-3-030-59854-9_7,Conference paper
Integrated Model-Checking for the Design of Safe and Efficient Distributed Software Commissioning,Integrated Formal Methods,,,,10.1007/978-3-030-34968-4_7,Helene CoullonClaude JardDidier Lime,2019,https://link.springer.com/chapter/10.1007/978-3-030-34968-4_7,Conference paper
Profiling the publish/subscribe paradigm for automated analysis using colored Petri nets,Software & Systems Modeling,,,,10.1007/s10270-019-00716-1,Abel GómezRicardo J. RodríguezMaría-Emilia CambroneroValentín Valero,2019,https://link.springer.com/article/10.1007/s10270-019-00716-1,Article
Safe Deferred Memory Reclamation with Types,Programming Languages and Systems,,,,10.1007/978-3-030-17184-1_4,Ismail KuruColin S. Gordon,2019,https://link.springer.com/chapter/10.1007/978-3-030-17184-1_4,Conference paper
Isabelle/DOF: Design and Implementation,Software Engineering and Formal Methods,,,,10.1007/978-3-030-30446-1_15,Achim D. BruckerBurkhart Wolff,2019,https://link.springer.com/chapter/10.1007/978-3-030-30446-1_15,Conference paper
A Temporal Approach for Testing Distributed Systems-A MapReduce Case Study,New Trends in Model and Data Engineering,,,,10.1007/978-3-030-32213-7_7,Sara HsainiSalma AzzouziMy El Hassan Charaf,2019,https://link.springer.com/chapter/10.1007/978-3-030-32213-7_7,Conference paper
Automatic B-model repair using model checking and machine learning,Automated Software Engineering,,,,10.1007/s10515-019-00264-4,Cheng-Hao CaiJing SunGillian Dobbie,2019,https://link.springer.com/article/10.1007/s10515-019-00264-4,Article
Asynchronous Timed Session Types,Programming Languages and Systems,,,,10.1007/978-3-030-17184-1_21,Laura BocchiMaurizio MurgiaVasco Thudichum VasconcelosNobuko Yoshida,2019,https://link.springer.com/chapter/10.1007/978-3-030-17184-1_21,Conference paper
Verifiably Safe Off-Model Reinforcement Learning,Tools and Algorithms for the Construction and Analysis of Systems,,,,10.1007/978-3-030-17462-0_28,Nathan FultonAndré Platzer,2019,https://link.springer.com/chapter/10.1007/978-3-030-17462-0_28,Conference paper
Local Reasoning for Global Graph Properties,Programming Languages and Systems,,,,10.1007/978-3-030-44914-8_12,Siddharth KrishnaAlexander J. SummersThomas Wies,2020,https://link.springer.com/chapter/10.1007/978-3-030-44914-8_12,Conference paper
Towards Automated Defect Analysis Using Execution Traces of Scenario-Based Models,Model-Driven Engineering and Software Development,,,,10.1007/978-3-030-11030-7_15,Joel GreenyerDaniel GritznerDavid HarelAssaf Marron,2019,https://link.springer.com/chapter/10.1007/978-3-030-11030-7_15,Conference paper
HYPpOTesT: Hypothesis Testing Toolkit for Uncertain Service-Based Web&#xa0;Applications,Integrated Formal Methods,,,,10.1007/978-3-030-34968-4_27,Matteo CamilliAngelo GargantiniRosario MadaudoPatrizia Scandurra,2019,https://link.springer.com/chapter/10.1007/978-3-030-34968-4_27,Conference paper
Efficient Symmetry Breaking for SAT-Based Minimum DFA Inference,Language and Automata Theory and Applications,,,,10.1007/978-3-030-13435-8_12,Ilya ZakirzyanovAntonio MorgadoAlexey IgnatievVladimir UlyantsevJoao Marques-Silva,2019,https://link.springer.com/chapter/10.1007/978-3-030-13435-8_12,Conference paper
Understanding Test-to-Code Traceability Links: The Need for a Better Visualizing Model,Computational Science and Its Applications – ICCSA 2019,,,,10.1007/978-3-030-24305-0_32,Nadera AljawabrahTámas GergelyMohammad Kharabsheh,2019,https://link.springer.com/chapter/10.1007/978-3-030-24305-0_32,Conference paper
Specification and Efficient Monitoring Beyond STL,Tools and Algorithms for the Construction and Analysis of Systems,,,,10.1007/978-3-030-17465-1_5,Alexey BakhirkinNicolas Basset,2019,https://link.springer.com/chapter/10.1007/978-3-030-17465-1_5,Conference paper
Verifying Safety of Synchronous Fault-Tolerant Algorithms by Bounded Model Checking,Tools and Algorithms for the Construction and Analysis of Systems,,,,10.1007/978-3-030-17465-1_20,Ilina StoilkovskaIgor KonnovJosef WidderFlorian Zuleger,2019,https://link.springer.com/chapter/10.1007/978-3-030-17465-1_20,Conference paper
Membership-Based Synthesis of Linear Hybrid Automata,Computer Aided Verification,,,,10.1007/978-3-030-25540-4_16,Miriam García SotoThomas A. HenzingerChristian SchillingLuka Zeleznik,2019,https://link.springer.com/chapter/10.1007/978-3-030-25540-4_16,Conference paper
Distributed Protocol Combinators,Practical Aspects of Declarative Languages,,,,10.1007/978-3-030-05998-9_11,Kristoffer Just Arndal AndersenIlya Sergey,2019,https://link.springer.com/chapter/10.1007/978-3-030-05998-9_11,Conference paper
Formalization of Metatheory of the Quipper Quantum Programming Language in a Linear Logic,Journal of Automated Reasoning,,,,10.1007/s10817-019-09527-x,Mohamed Yousri MahmoudAmy P. Felty,2019,https://link.springer.com/article/10.1007/s10817-019-09527-x,Article
Learning-Based Testing of an Industrial Measurement Device,NASA Formal Methods,,,,10.1007/978-3-030-20652-9_1,Bernhard K. AichernigChristian BurghardRobert Korošec,2019,https://link.springer.com/chapter/10.1007/978-3-030-20652-9_1,Conference paper
An Assertion Language for Slicing Constraint Logic Languages,Logic-Based Program Synthesis and Transformation,,,,10.1007/978-3-030-13838-7_9,Moreno FalaschiCarlos Olarte,2019,https://link.springer.com/chapter/10.1007/978-3-030-13838-7_9,Conference paper
Coverage-Based Testing with Symbolic Transition Systems,Tests and Proofs,,,,10.1007/978-3-030-31157-5_5,Petra van den BosJan Tretmans,2019,https://link.springer.com/chapter/10.1007/978-3-030-31157-5_5,Conference paper
Applying Model Checking Approach with Floating Point Arithmetic for Verification of Air Collision Avoidance Maneuver Hybrid Model,Model Checking Software,,,,10.1007/978-3-030-30923-7_11,Sergey StaroletovNikolay Shilov,2019,https://link.springer.com/chapter/10.1007/978-3-030-30923-7_11,Conference paper
Testing Robots Using CSP,Tests and Proofs,,,,10.1007/978-3-030-31157-5_2,Ana CavalcantiJames BaxterRobert M. HieronsRaluca Lefticaru,2019,https://link.springer.com/chapter/10.1007/978-3-030-31157-5_2,Conference paper
Research Review on Web Service Composition Testing,Structured Object-Oriented Formal Language and Method,,,,10.1007/978-3-030-13651-2_3,Zhoujie DuHuaikou Miao,2019,https://link.springer.com/chapter/10.1007/978-3-030-13651-2_3,Conference paper
"Faster, Higher, Stronger: E 2.3",Automated Deduction – CADE 27,,,,10.1007/978-3-030-29436-6_29,Stephan SchulzSimon CruanesPetar Vukmirović,2019,https://link.springer.com/chapter/10.1007/978-3-030-29436-6_29,Conference paper
Analysis of Software Patches Using Numerical Abstract Interpretation,Static Analysis,,,,10.1007/978-3-030-32304-2_12,David DelmasAntoine Miné,2019,https://link.springer.com/chapter/10.1007/978-3-030-32304-2_12,Conference paper
$$L^*$$ -Based Learning of Markov Decision Processes,Formal Methods – The Next 30 Years,,,,10.1007/978-3-030-30942-8_38,Martin TapplerBernhard K. AichernigGiovanni BacciMaria EichlsederKim G. Larsen,2019,https://link.springer.com/chapter/10.1007/978-3-030-30942-8_38,Conference paper
Verification by Construction of Distributed Algorithms,Theoretical Aspects of Computing – ICTAC 2019,,,,10.1007/978-3-030-32505-3_2,Dominique Méry,2019,https://link.springer.com/chapter/10.1007/978-3-030-32505-3_2,Conference paper
A Dependently Typed Multi-stage Calculus,Programming Languages and Systems,,,,10.1007/978-3-030-34175-6_4,Akira KawataAtsushi Igarashi,2019,https://link.springer.com/chapter/10.1007/978-3-030-34175-6_4,Conference paper
Loop Summarization with Rational Vector Addition Systems,Computer Aided Verification,,,,10.1007/978-3-030-25543-5_7,Jake SilvermanZachary Kincaid,2019,https://link.springer.com/chapter/10.1007/978-3-030-25543-5_7,Conference paper
Fast Falsification of Hybrid Systems Using Probabilistically Adaptive Input,Quantitative Evaluation of Systems,,,,10.1007/978-3-030-30281-8_10,Gidon ErnstSean SedwardsZhenya ZhangIchiro Hasuo,2019,https://link.springer.com/chapter/10.1007/978-3-030-30281-8_10,Conference paper
Formal Verifications of Call-by-Need and Call-by-Name Evaluations with Mutual Recursion,Programming Languages and Systems,,,,10.1007/978-3-030-34175-6_10,Masayuki MizunoEijiro Sumii,2019,https://link.springer.com/chapter/10.1007/978-3-030-34175-6_10,Conference paper
Proof-Carrying Plans,Practical Aspects of Declarative Languages,,,,10.1007/978-3-030-05998-9_13,Christopher SchwaabEkaterina KomendantskayaAlasdair HillFrantišek FarkaRonald P. A. PetrickJoe WellsKevin Hammond,2019,https://link.springer.com/chapter/10.1007/978-3-030-05998-9_13,Conference paper
Service Orchestration with Priority Constraints,Fundamentals of Software Engineering,,,,10.1007/978-3-030-31517-7_14,Behnaz ChangiziNatallia KokashFarhad Arbab,2019,https://link.springer.com/chapter/10.1007/978-3-030-31517-7_14,Conference paper
Structured Synthesis for Probabilistic Systems,NASA Formal Methods,,,,10.1007/978-3-030-20652-9_16,Nils JansenLaura HumphreyJana TumovaUfuk Topcu,2019,https://link.springer.com/chapter/10.1007/978-3-030-20652-9_16,Conference paper
Asynchronous Cooperative Contracts for Cooperative Scheduling,Software Engineering and Formal Methods,,,,10.1007/978-3-030-30446-1_3,Eduard KamburjanCrystal Chang DinReiner HähnleEinar Broch Johnsen,2019,https://link.springer.com/chapter/10.1007/978-3-030-30446-1_3,Conference paper
Verifying System-Wide Properties of Industrial Component-Based Software,Fundamentals of Software Engineering,,,,10.1007/978-3-030-31517-7_11,Thomas NeeleMarijn RolJan Friso Groote,2019,https://link.springer.com/chapter/10.1007/978-3-030-31517-7_11,Conference paper
Output-Sensitive Information Flow Analysis,"Formal Techniques for Distributed Objects, Components, and Systems",,,,10.1007/978-3-030-21759-4_6,Cristian EneLaurent MounierMarie-Laure Potet,2019,https://link.springer.com/chapter/10.1007/978-3-030-21759-4_6,Conference paper
High-Level Abstractions for Simplifying Extended String Constraints in SMT,Computer Aided Verification,,,,10.1007/978-3-030-25543-5_2,Andrew ReynoldsAndres NötzliClark BarrettCesare Tinelli,2019,https://link.springer.com/chapter/10.1007/978-3-030-25543-5_2,Conference paper
Combining sequentialization-based verification of multi-threaded C programs with symbolic Partial Order Reduction,International Journal on Software Tools for Technology Transfer,,,,10.1007/s10009-019-00507-5,Vladimir HerdtHoang M. LeDaniel GroßeRolf Drechsler,2019,https://link.springer.com/article/10.1007/s10009-019-00507-5,Article
Dataset Diversity for Metamorphic Testing of Machine Learning Software,Structured Object-Oriented Formal Language and Method,,,,10.1007/978-3-030-13651-2_2,Shin Nakajima,2019,https://link.springer.com/chapter/10.1007/978-3-030-13651-2_2,Conference paper
Model checking with generalized Rabin and Fin-less automata,International Journal on Software Tools for Technology Transfer,,,,10.1007/s10009-019-00508-4,Vincent BloemenAlexandre Duret-LutzJaco van de Pol,2019,https://link.springer.com/article/10.1007/s10009-019-00508-4,Article
Towards a Model-Checker for Circus,Formal Methods – The Next 30 Years,,,,10.1007/978-3-030-30942-8_14,Artur Oliveira GomesAndrew Butterfield,2019,https://link.springer.com/chapter/10.1007/978-3-030-30942-8_14,Conference paper
Distributed Multi-authority Attribute-Based Encryption Using Cellular Automata,Cryptology and Network Security,,,,10.1007/978-3-030-31578-8_24,Ankit PradhanKamalakanta SethiShrohan MohapatraPadmalochan Bera,2019,https://link.springer.com/chapter/10.1007/978-3-030-31578-8_24,Conference paper
On Solving Word Equations Using SAT,Reachability Problems,,,,10.1007/978-3-030-30806-3_8,Joel D. DayThorsten EhlersMitja KulczynskiFlorin ManeaDirk NowotkaDanny Bøgsted Poulsen,2019,https://link.springer.com/chapter/10.1007/978-3-030-30806-3_8,Conference paper
Variability Abstraction and Refinement for Game-Based Lifted Model Checking of Full CTL,Fundamental Approaches to Software Engineering,,,,10.1007/978-3-030-16722-6_11,Aleksandar S. DimovskiAxel LegayAndrzej Wasowski,2019,https://link.springer.com/chapter/10.1007/978-3-030-16722-6_11,Conference paper
Gray-Box Monitoring of Hyperproperties,Formal Methods – The Next 30 Years,,,,10.1007/978-3-030-30942-8_25,Sandro StuckiCésar SánchezGerardo SchneiderBorzoo Bonakdarpour,2019,https://link.springer.com/chapter/10.1007/978-3-030-30942-8_25,Conference paper
Alternating Automata Modulo First Order Theories,Computer Aided Verification,,,,10.1007/978-3-030-25543-5_3,Radu IosifXiao Xu,2019,https://link.springer.com/chapter/10.1007/978-3-030-25543-5_3,Conference paper
On the Nature of Symbolic Execution,Formal Methods – The Next 30 Years,,,,10.1007/978-3-030-30942-8_6,Frank S. de BoerMarcello Bonsangue,2019,https://link.springer.com/chapter/10.1007/978-3-030-30942-8_6,Conference paper
Fault model-driven testing from FSM with symbolic inputs,Software Quality Journal,,,,10.1007/s11219-019-9440-3,Omer Nguena TimoAlexandre PetrenkoS. Ramesh,2019,https://link.springer.com/article/10.1007/s11219-019-9440-3,Article
Equilibria-Based Probabilistic Model Checking for Concurrent Stochastic Games,Formal Methods – The Next 30 Years,,,,10.1007/978-3-030-30942-8_19,Marta KwiatkowskaGethin NormanDavid ParkerGabriel Santos,2019,https://link.springer.com/chapter/10.1007/978-3-030-30942-8_19,Conference paper