Item Title,Publication Title,Book Series Title,Journal Volume,Journal Issue,Item DOI,Authors,Publication Year,URL,Content Type
Symbolic execution with abstraction,International Journal on Software Tools for Technology Transfer,,,,10.1007/s10009-008-0090-1,Saswat AnandCorina S. PăsăreanuWillem Visser,2008,https://link.springer.com/article/10.1007/s10009-008-0090-1,Article
Imperative-program transformation by&#xa0;instrumented-interpreter specialization,Higher-Order and Symbolic Computation,,,,10.1007/s10990-008-9027-3,Søren Debois,2008,https://link.springer.com/article/10.1007/s10990-008-9027-3,Article
Towards Model-Driven Development of Hard Real-Time Systems,Model-Driven Development of Reliable Automotive Services,,,,10.1007/978-3-540-70930-5_10,Christian FerdinandReinhold HeckmannHans-Jörg WolffChristian RenzOleg ParshinReinhard Wilhelm,2008,https://link.springer.com/chapter/10.1007/978-3-540-70930-5_10,Conference paper
Termination Analysis of Java Bytecode,Formal Methods for Open Object-Based Distributed Systems,,,,10.1007/978-3-540-68863-1_2,Elvira AlbertPuri ArenasMichael CodishSamir GenaimGermán PueblaDamiano Zanardini,2008,https://link.springer.com/chapter/10.1007/978-3-540-68863-1_2,Conference paper
Extending Operational Semantics of the Java Bytecode,Trustworthy Global Computing,,,,10.1007/978-3-540-78663-4_6,Patryk CzarnikAleksy Schubert,2008,https://link.springer.com/chapter/10.1007/978-3-540-78663-4_6,Conference paper
An MDE-based method for bridging different design notations,Innovations in Systems and Software Engineering,,,,10.1007/s11334-008-0052-5,Tian ZhangFrédéric JouaultJean BézivinXuandong Li,2008,https://link.springer.com/article/10.1007/s11334-008-0052-5,Article
Toward an understanding of bug fix patterns,Empirical Software Engineering,,,,10.1007/s10664-008-9077-5,Kai PanSunghun KimE. James Whitehead Jr.,2008,https://link.springer.com/article/10.1007/s10664-008-9077-5,Article
Automatic Certification of Java Source Code in Rewriting Logic,Formal Methods for Industrial Critical Systems,,,,10.1007/978-3-540-79707-4_15,Mauricio Alba-CastroMaría AlpuenteSantiago Escobar,2008,https://link.springer.com/chapter/10.1007/978-3-540-79707-4_15,Conference paper
Separation Logic Contracts for a Java-Like Language with Fork/Join,Algebraic Methodology and Software Technology,,,,10.1007/978-3-540-79980-1_16,Christian HaackClément Hurlin,2008,https://link.springer.com/chapter/10.1007/978-3-540-79980-1_16,Conference paper
Constraint rule-based programming of norms for electronic institutions,Autonomous Agents and Multi-Agent Systems,,,,10.1007/s10458-008-9059-4,Andrés García-CaminoJuan A. Rodríguez-AguilarCarles SierraWamberto Vasconcelos,2008,https://link.springer.com/article/10.1007/s10458-008-9059-4,Article
Automatic Symmetry Detection for Promela,Journal of Automated Reasoning,,,,10.1007/s10817-008-9107-4,Alastair F. DonaldsonAlice Miller,2008,https://link.springer.com/article/10.1007/s10817-008-9107-4,Article
Symbolic Context-Bounded Analysis of Multithreaded Java Programs,Model Checking Software,,,,10.1007/978-3-540-85114-1_19,Dejvuth SuwimonteerabuthJavier EsparzaStefan Schwoon,2008,https://link.springer.com/chapter/10.1007/978-3-540-85114-1_19,Conference paper
Supporting the UML State Machine Diagrams at Runtime,Model Driven Architecture – Foundations and Applications,,,,10.1007/978-3-540-69100-6_23,Franck Barbier,2008,https://link.springer.com/chapter/10.1007/978-3-540-69100-6_23,Conference paper
"Implementation, Compilation, Optimization of Object-Oriented Languages, Programs and Systems",Object-Oriented Technology. ECOOP 2007 Workshop Reader,,,,10.1007/978-3-540-78195-0_6,Olivier ZendraEric JulRoland DucournauEtienne GagnonRichard JonesChandra KrintzPhilippe MuletJan Vitek,2008,https://link.springer.com/chapter/10.1007/978-3-540-78195-0_6,Conference paper
Directed model checking with distance-preserving abstractions,International Journal on Software Tools for Technology Transfer,,,,10.1007/s10009-008-0092-z,Klaus DrägerBernd FinkbeinerAndreas Podelski,2008,https://link.springer.com/article/10.1007/s10009-008-0092-z,Article
"JWalk: a tool for lazy, systematic testing of java classes by design introspection and user interaction",Automated Software Engineering,,,,10.1007/s10515-007-0015-3,Anthony J. H. Simons,2007,https://link.springer.com/article/10.1007/s10515-007-0015-3,Article
A Numerical Abstract Domain Based on Expression Abstraction and Max Operator with Application in Timing Analysis,Computer Aided Verification,,,,10.1007/978-3-540-70545-1_35,Bhargav S. GulavaniSumit Gulwani,2008,https://link.springer.com/chapter/10.1007/978-3-540-70545-1_35,Conference paper
Navigating the Requirements Jungle,"Leveraging Applications of Formal Methods, Verification and Validation",,,,10.1007/978-3-540-88479-8_25,Boris LangerMichael Tautschnig,2008,https://link.springer.com/chapter/10.1007/978-3-540-88479-8_25,Conference paper
Monitoring and diagnosing software requirements,Automated Software Engineering,,,,10.1007/s10515-008-0042-8,Yiqiao WangSheila A. McIlraithYijun YuJohn Mylopoulos,2008,https://link.springer.com/article/10.1007/s10515-008-0042-8,Article
Incremental Development of a Distributed Real-Time Model of a Cardiac Pacing System Using VDM,FM 2008: Formal Methods,,,,10.1007/978-3-540-68237-0_14,Hugo Daniel MacedoPeter Gorm LarsenJohn Fitzgerald,2008,https://link.springer.com/chapter/10.1007/978-3-540-68237-0_14,Conference paper
Implementing Constructive Intensional Negation,New Generation Computing,,,,10.1007/s00354-008-0053-9,Julio MariñoJuan José Moreno-NavarroSusana Munoz-Hernandez,2008,https://link.springer.com/article/10.1007/s00354-008-0053-9,Article
Verifying Multi-threaded C Programs with SPIN,Model Checking Software,,,,10.1007/978-3-540-85114-1_22,Anna ZaksRajeev Joshi,2008,https://link.springer.com/chapter/10.1007/978-3-540-85114-1_22,Conference paper
2APL: a practical agent programming language,Autonomous Agents and Multi-Agent Systems,,,,10.1007/s10458-008-9036-y,Mehdi Dastani,2008,https://link.springer.com/article/10.1007/s10458-008-9036-y,Article
Tools for support of automata-based programming,Programming and Computer Software,,,,10.1134/S0361768807060059,V. S. GurovM. A. MazinA. S. NarvskyA. A. Shalyto,2007,https://link.springer.com/article/10.1134/S0361768807060059,Article
Bristlecone: A Language for Robust Software Systems,ECOOP 2008 – Object-Oriented Programming,,,,10.1007/978-3-540-70592-5_21,Brian DemskyAlokika Dash,2008,https://link.springer.com/chapter/10.1007/978-3-540-70592-5_21,Conference paper
A Formal Soundness Proof of Region-Based Memory Management for Object-Oriented Paradigm,Formal Methods and Software Engineering,,,,10.1007/978-3-540-88194-0_10,Florin CraciunShengchao QinWei-Ngan Chin,2008,https://link.springer.com/chapter/10.1007/978-3-540-88194-0_10,Conference paper
A Mechanical Analysis of Program Verification Strategies,Journal of Automated Reasoning,,,,10.1007/s10817-008-9098-1,Sandip RayWarren A. Hunt Jr.John MatthewsJ. Strother Moore,2008,https://link.springer.com/article/10.1007/s10817-008-9098-1,Article
Generational Real-Time Garbage Collection,ECOOP 2007 – Object-Oriented Programming,,,,10.1007/978-3-540-73589-2_6,Daniel FramptonDavid F. BaconPerry ChengDavid Grove,2007,https://link.springer.com/chapter/10.1007/978-3-540-73589-2_6,Conference paper
Composing High-Level Plans for Declarative Agent Programming,Declarative Agent Languages and Technologies V,,,,10.1007/978-3-540-77564-5_5,Felipe MeneguzziMichael Luck,2008,https://link.springer.com/chapter/10.1007/978-3-540-77564-5_5,Conference paper
From testing to anti-product development,International Journal on Software Tools for Technology Transfer,,,,10.1007/s10009-008-0074-1,Markus Warken,2008,https://link.springer.com/article/10.1007/s10009-008-0074-1,Article
Adding Structure to Agent Programming Languages,Programming Multi-Agent Systems,,,,10.1007/978-3-540-79043-3_9,Peter NovákJürgen Dix,2008,https://link.springer.com/chapter/10.1007/978-3-540-79043-3_9,Conference paper
Computing Stack Maps with Interfaces,ECOOP 2008 – Object-Oriented Programming,,,,10.1007/978-3-540-70592-5_27,Frédéric BessonThomas JensenTiphaine Turpin,2008,https://link.springer.com/chapter/10.1007/978-3-540-70592-5_27,Conference paper
Static Analysis Via Abstract Interpretation of the Happens-Before Memory Model,Tests and Proofs,,,,10.1007/978-3-540-79124-9_9,Pietro Ferrara,2008,https://link.springer.com/chapter/10.1007/978-3-540-79124-9_9,Conference paper
UML behavioral consistency checking using instantiable Petri nets,Innovations in Systems and Software Engineering,,,,10.1007/s11334-008-0065-0,Yann Thierry-MiegLom-Messan Hillah,2008,https://link.springer.com/article/10.1007/s11334-008-0065-0,Article
Proving operational termination of membership equational programs,Higher-Order and Symbolic Computation,,,,10.1007/s10990-008-9028-2,Francisco DuránSalvador LucasClaude MarchéJosé MeseguerXavier Urbain,2008,https://link.springer.com/article/10.1007/s10990-008-9028-2,Article
Runtime Checking for Separation Logic,"Verification, Model Checking, and Abstract Interpretation",,,,10.1007/978-3-540-78163-9_19,Huu Hai NguyenViktor KuncakWei-Ngan Chin,2008,https://link.springer.com/chapter/10.1007/978-3-540-78163-9_19,Conference paper
Generation of correctness conditions for imperative programs,Programming and Computer Software,,,,10.1134/S0361768808060029,N. V. ShilovI. S. AnureevE. V. Bodin,2008,https://link.springer.com/article/10.1134/S0361768808060029,Article
An Extensible State Machine Pattern for Interactive Applications,ECOOP 2008 – Object-Oriented Programming,,,,10.1007/978-3-540-70592-5_24,Brian ChinTodd Millstein,2008,https://link.springer.com/chapter/10.1007/978-3-540-70592-5_24,Conference paper
SLR: Path-Sensitive Analysis through Infeasible-Path Detection and Syntactic Language Refinement,Static Analysis,,,,10.1007/978-3-540-69166-2_16,Gogul BalakrishnanSriram SankaranarayananFranjo IvančićOu WeiAarti Gupta,2008,https://link.springer.com/chapter/10.1007/978-3-540-69166-2_16,Conference paper
ReCrash: Making Software Failures Reproducible by Preserving Object States,ECOOP 2008 – Object-Oriented Programming,,,,10.1007/978-3-540-70592-5_23,Shay ArtziSunghun KimMichael D. Ernst,2008,https://link.springer.com/chapter/10.1007/978-3-540-70592-5_23,Conference paper
Language Extensions in Support of Compiler Parallelization,Languages and Compilers for Parallel Computing,,,,10.1007/978-3-540-85261-2_6,Jun ShirakoHironori KasaharaVivek Sarkar,2008,https://link.springer.com/chapter/10.1007/978-3-540-85261-2_6,Conference paper
Automated verification of access control policies using a SAT solver,International Journal on Software Tools for Technology Transfer,,,,10.1007/s10009-008-0087-9,Graham HughesTevfik Bultan,2008,https://link.springer.com/article/10.1007/s10009-008-0087-9,Article
Provably Correct Runtime Monitoring,FM 2008: Formal Methods,,,,10.1007/978-3-540-68237-0_19,Irem AktugMads DamDilian Gurov,2008,https://link.springer.com/chapter/10.1007/978-3-540-68237-0_19,Conference paper
"A Flexible, (C)LP-Based Approach to the Analysis of Object-Oriented Programs",Logic-Based Program Synthesis and Transformation,,,,10.1007/978-3-540-78769-3_11,Mario Méndez-LojoJorge NavasManuel V. Hermenegildo,2008,https://link.springer.com/chapter/10.1007/978-3-540-78769-3_11,Conference paper
Trusted Theorem Proving: A Case Study in SLD-Resolution,"Leveraging Applications of Formal Methods, Verification and Validation",,,,10.1007/978-3-540-88479-8_56,Konstantine ArkoudasOlin Shivers,2008,https://link.springer.com/chapter/10.1007/978-3-540-88479-8_56,Conference paper
Towards a Formal Account of a Foundational Subset for Executable UML Models,Model Driven Engineering Languages and Systems,,,,10.1007/978-3-540-87875-9_47,Michelle L. CraneJuergen Dingel,2008,https://link.springer.com/chapter/10.1007/978-3-540-87875-9_47,Conference paper
Symbolic Reachability for Process Algebras with Recursive Data Types,Theoretical Aspects of Computing - ICTAC 2008,,,,10.1007/978-3-540-85762-4_6,Stefan BlomJaco van de Pol,2008,https://link.springer.com/chapter/10.1007/978-3-540-85762-4_6,Conference paper
On State Classes and Their Dynamic Semantics,Software and Data Technologies,,,,10.1007/978-3-540-70621-2_8,Ferruccio DamianiElena GiachinoPaola GianniniEmanuele Cazzola,2008,https://link.springer.com/chapter/10.1007/978-3-540-70621-2_8,Conference paper
"
                     <span>ProB</span>: an automated analysis toolset for the B method",International Journal on Software Tools for Technology Transfer,,,,10.1007/s10009-007-0063-9,Michael LeuschelMichael Butler,2008,https://link.springer.com/article/10.1007/s10009-007-0063-9,Article
Debugging and Testing Middleware with Aspect-Based Control-Flow and Causal Patterns,Middleware 2008,,,,10.1007/978-3-540-89856-6_10,Luis Daniel Benavides NavarroRémi DouenceMario Südholt,2008,https://link.springer.com/chapter/10.1007/978-3-540-89856-6_10,Conference paper
Language Strength Reduction,Static Analysis,,,,10.1007/978-3-540-69166-2_19,Nicholas KiddAkash LalThomas Reps,2008,https://link.springer.com/chapter/10.1007/978-3-540-69166-2_19,Conference paper
From algebraic semantics to denotational semantics for Verilog,Innovations in Systems and Software Engineering,,,,10.1007/s11334-008-0069-9,Huibiao ZhuJifeng HeJonathan P. Bowen,2008,https://link.springer.com/article/10.1007/s11334-008-0069-9,Article
Towards an Efficient Implementation of Tree Automata Completion,Algebraic Methodology and Software Technology,,,,10.1007/978-3-540-79980-1_6,Emilie BallandYohan BoichutThomas GenetPierre-Etienne Moreau,2008,https://link.springer.com/chapter/10.1007/978-3-540-79980-1_6,Conference paper
Model-driven analysis and synthesis of textual concrete syntax,Software & Systems Modeling,,,,10.1007/s10270-008-0088-x,Pierre-Alain MullerFrédéric FondementFranck FleureyMichel HassenforderRémi SchnekenburgerSébastien GérardJean-Marc Jézéquel,2008,https://link.springer.com/article/10.1007/s10270-008-0088-x,Article
A Generic Complete Dynamic Logic for Reasoning About Purity and Effects,Fundamental Approaches to Software Engineering,,,,10.1007/978-3-540-78743-3_15,Till MossakowskiLutz SchröderSergey Goncharov,2008,https://link.springer.com/chapter/10.1007/978-3-540-78743-3_15,Conference paper
A systematic approach to generate B preconditions: application to the database domain,Software & Systems Modeling,,,,10.1007/s10270-008-0098-8,Amel Mammar,2008,https://link.springer.com/article/10.1007/s10270-008-0098-8,Article
State-transition machines for lambda-calculus expressions,Higher-Order and Symbolic Computation,,,,10.1007/s10990-007-9012-2,David A. Schmidt,2007,https://link.springer.com/article/10.1007/s10990-007-9012-2,Article
Probing the Depths of CSP-M: A New fdr-Compliant Validation Tool,Formal Methods and Software Engineering,,,,10.1007/978-3-540-88194-0_18,Michael LeuschelMarc Fontaine,2008,https://link.springer.com/chapter/10.1007/978-3-540-88194-0_18,Conference paper
Achieving and Assuring High Availability,Service Availability,,,,10.1007/978-3-540-68129-8_4,Kishor TrivediGianfranco CiardoBalakrishnan DasarathyMichael GrottkeRivalino MatiasAndy RindosBart Vashaw,2008,https://link.springer.com/chapter/10.1007/978-3-540-68129-8_4,Conference paper
Debugging Statecharts Via Model-Code Traceability,"Leveraging Applications of Formal Methods, Verification and Validation",,,,10.1007/978-3-540-88479-8_21,Liang GuoAbhik Roychoudhury,2008,https://link.springer.com/chapter/10.1007/978-3-540-88479-8_21,Conference paper
Testing Concurrent Objects with Application-Specific Schedulers,Theoretical Aspects of Computing - ICTAC 2008,,,,10.1007/978-3-540-85762-4_22,Rudolf SchlatteBernhard AichernigFrank de BoerAndreas GriesmayerEinar Broch Johnsen,2008,https://link.springer.com/chapter/10.1007/978-3-540-85762-4_22,Conference paper
An approach to quality engineering of TTCN-3 test specifications,International Journal on Software Tools for Technology Transfer,,,,10.1007/s10009-008-0075-0,Helmut NeukirchenBenjamin ZeissJens Grabowski,2008,https://link.springer.com/article/10.1007/s10009-008-0075-0,Article
FTSyn: a framework for automatic synthesis of fault-tolerance,International Journal on Software Tools for Technology Transfer,,,,10.1007/s10009-008-0083-0,Ali EbnenasirSandeep S. KulkarniAnish Arora,2008,https://link.springer.com/article/10.1007/s10009-008-0083-0,Article
Integrating Verification and Testing of Object-Oriented Software,Tests and Proofs,,,,10.1007/978-3-540-79124-9_13,Christian EngelChristoph GladischVladimir KlebanovPhilipp Rümmer,2008,https://link.springer.com/chapter/10.1007/978-3-540-79124-9_13,Conference paper
Pex–White Box Test Generation for .NET,Tests and Proofs,,,,10.1007/978-3-540-79124-9_10,Nikolai TillmannJonathan de Halleux,2008,https://link.springer.com/chapter/10.1007/978-3-540-79124-9_10,Conference paper
Safety Guarantees from Explicit Resource Management,Formal Methods for Components and Objects,,,,10.1007/978-3-540-92188-2_3,David AspinallPatrick MaierIan Stark,2008,https://link.springer.com/chapter/10.1007/978-3-540-92188-2_3,Conference paper
"A Scalable, Sound, Eventually-Complete Algorithm for Deadlock Immunity",Runtime Verification,,,,10.1007/978-3-540-89247-2_8,Horatiu JulaGeorge Candea,2008,https://link.springer.com/chapter/10.1007/978-3-540-89247-2_8,Conference paper
AMOEBA-RT: Run-Time Verification of Adaptive Software,Models in Software Engineering,,,,10.1007/978-3-540-69073-3_23,Heather J. GoldsbyBetty H. C. ChengJi Zhang,2008,https://link.springer.com/chapter/10.1007/978-3-540-69073-3_23,Conference paper
Semantics of OCL specified with QVT,Software & Systems Modeling,,,,10.1007/s10270-008-0083-2,Slaviša MarkovićThomas Baar,2008,https://link.springer.com/article/10.1007/s10270-008-0083-2,Article
Language Constructs for Multi-agent Programming,Computational Logic in Multi-Agent Systems,,,,10.1007/978-3-540-88833-8_8,Louise DennisMichael FisherAnthony Hepple,2008,https://link.springer.com/chapter/10.1007/978-3-540-88833-8_8,Conference paper
Scalable satisfiability checking and test data generation from modeling diagrams,Automated Software Engineering,,,,10.1007/s10515-008-0044-6,Yannis SmaragdakisChristoph CsallnerRanjith Subramanian,2008,https://link.springer.com/article/10.1007/s10515-008-0044-6,Article
Bounded Verification of Voting Software,"Verified Software: Theories, Tools, Experiments",,,,10.1007/978-3-540-87873-5_13,Greg DennisKuat YessenovDaniel Jackson,2008,https://link.springer.com/chapter/10.1007/978-3-540-87873-5_13,Conference paper
Oracle Semantics for Concurrent Separation Logic,Programming Languages and Systems,,,,10.1007/978-3-540-78739-6_27,Aquinas HoborAndrew W. AppelFrancesco Zappa Nardelli,2008,https://link.springer.com/chapter/10.1007/978-3-540-78739-6_27,Conference paper
Composing requirements specifications from multiple prioritized sources,Requirements Engineering,,,,10.1007/s00766-008-0064-6,Ana Belén Barragáns MartínezJosé J. Pazos AriasAna Fernández VilasJorge García DuqueMartín López NoresRebeca P. Díaz RedondoYolanda Blanco Fernández,2008,https://link.springer.com/article/10.1007/s00766-008-0064-6,Article
Model-Based Performance Instrumentation of Distributed Applications,Distributed Applications and Interoperable Systems,,,,10.1007/978-3-540-68642-2_17,Jan SchaeferJeanne StynesReinhold Kroeger,2008,https://link.springer.com/chapter/10.1007/978-3-540-68642-2_17,Conference paper
Using Dynamic Symbolic Execution to Improve Deductive Verification,Model Checking Software,,,,10.1007/978-3-540-85114-1_4,Dries VanoverbergheNikolaj BjørnerJonathan de HalleuxWolfram SchulteNikolai Tillmann,2008,https://link.springer.com/chapter/10.1007/978-3-540-85114-1_4,Conference paper
Implementation of the Conformance Relation for Incremental Development of Behavioural Models,Model Driven Engineering Languages and Systems,,,,10.1007/978-3-540-87875-9_26,Hong-Viet LuongThomas LambolaisAnne-Lise Courbis,2008,https://link.springer.com/chapter/10.1007/978-3-540-87875-9_26,Conference paper
VCSTC: Virtual Cyber Security Testing Capability – An Application Oriented Paradigm for Network Infrastructure Protection,Testing of Software and Communicating Systems,,,,10.1007/978-3-540-68524-1_10,Guoqiang ShuDongluo ChenZhijun LiuNa LiLifeng SangDavid Lee,2008,https://link.springer.com/chapter/10.1007/978-3-540-68524-1_10,Conference paper
VeriCool: An Automatic Verifier for a Concurrent Object-Oriented Language,Formal Methods for Open Object-Based Distributed Systems,,,,10.1007/978-3-540-68863-1_14,Jan SmansBart JacobsFrank Piessens,2008,https://link.springer.com/chapter/10.1007/978-3-540-68863-1_14,Conference paper
ModHel’X: A Component-Oriented Approach to Multi-Formalism Modeling,Models in Software Engineering,,,,10.1007/978-3-540-69073-3_26,Cécile HardebolleFrédéric Boulanger,2008,https://link.springer.com/chapter/10.1007/978-3-540-69073-3_26,Conference paper
Sufficient Preconditions for Modular Assertion Checking,"Verification, Model Checking, and Abstract Interpretation",,,,10.1007/978-3-540-78163-9_18,Yannick Moy,2008,https://link.springer.com/chapter/10.1007/978-3-540-78163-9_18,Conference paper
A Sound Semantics for OCaml light,Programming Languages and Systems,,,,10.1007/978-3-540-78739-6_1,Scott Owens,2008,https://link.springer.com/chapter/10.1007/978-3-540-78739-6_1,Conference paper
Delayed Nondeterminism in Model Checking Embedded Systems Assembly Code,Hardware and Software: Verification and Testing,,,,10.1007/978-3-540-77966-7_16,Thomas NollBastian Schlich,2008,https://link.springer.com/chapter/10.1007/978-3-540-77966-7_16,Conference paper
Symbolic Step Encodings for Object Based Communicating State Machines,Formal Methods for Open Object-Based Distributed Systems,,,,10.1007/978-3-540-68863-1_7,Jori DubrovinTommi JunttilaKeijo Heljanko,2008,https://link.springer.com/chapter/10.1007/978-3-540-68863-1_7,Conference paper
Combining Scenario- and Model-Based Testing to Ensure POSIX Compliance,"Abstract State Machines, B and Z",,,,10.1007/978-3-540-87603-8_13,Frédéric DadeauAdrien De KermadecRégis Tissot,2008,https://link.springer.com/chapter/10.1007/978-3-540-87603-8_13,Conference paper
Efficient Model Checking of Networked Applications,"Objects, Components, Models and Patterns",,,,10.1007/978-3-540-69824-1_3,Cyrille ArthoWatcharin LeungwattanakitMasami HagiyaYoshinori Tanabe,2008,https://link.springer.com/chapter/10.1007/978-3-540-69824-1_3,Conference paper
A Framework for Contract-Policy Matching Based on Symbolic Simulations for Securing Mobile Device Application,"Leveraging Applications of Formal Methods, Verification and Validation",,,,10.1007/978-3-540-88479-8_16,Paolo GreciFabio MartinelliIlaria Matteucci,2008,https://link.springer.com/chapter/10.1007/978-3-540-88479-8_16,Conference paper
Compiling GOAL Agent Programs into Jazzyk Behavioural State Machines,Multiagent System Technologies,,,,10.1007/978-3-540-87805-6_9,Koen HindriksPeter Novák,2008,https://link.springer.com/chapter/10.1007/978-3-540-87805-6_9,Conference paper
Towards Abstraction for DynAlloy Specifications,Formal Methods and Software Engineering,,,,10.1007/978-3-540-88194-0_14,Nazareno M. AguirreMarcelo F. FriasPablo PonzioBrian J. CardiffJuan P. GaleottiGermán Regis,2008,https://link.springer.com/chapter/10.1007/978-3-540-88194-0_14,Conference paper
A Trustable Brokerage Solution for Component and Service Markets,High Confidence Software Reuse in Large Systems,,,,10.1007/978-3-540-68073-4_6,Colin AtkinsonDaniel BrennerOliver HummelDietmar Stoll,2008,https://link.springer.com/chapter/10.1007/978-3-540-68073-4_6,Conference paper
Semantic Foundations and Inference of Non-null Annotations,Formal Methods for Open Object-Based Distributed Systems,,,,10.1007/978-3-540-68863-1_9,Laurent HubertThomas JensenDavid Pichardie,2008,https://link.springer.com/chapter/10.1007/978-3-540-68863-1_9,Conference paper
"The TASM Toolset: Specification, Simulation, and Formal Verification of Real-Time Systems",Computer Aided Verification,,,,10.1007/978-3-540-73368-3_15,Martin OuimetKristina Lundqvist,2007,https://link.springer.com/chapter/10.1007/978-3-540-73368-3_15,Conference paper
Snapshot Generation in a Constructive Object-Oriented Modeling Language,Logic-Based Program Synthesis and Transformation,,,,10.1007/978-3-540-78769-3_12,Mauro FerrariCamillo FiorentiniAlberto MomiglianoMario Ornaghi,2008,https://link.springer.com/chapter/10.1007/978-3-540-78769-3_12,Conference paper
Modeling with the Timing Definition Language (TDL),Model-Driven Development of Reliable Automotive Services,,,,10.1007/978-3-540-70930-5_9,Wolfgang PreeJosef Templ,2008,https://link.springer.com/chapter/10.1007/978-3-540-70930-5_9,Conference paper
An AsmL Semantics for Dynamic Structures and Run Time Schedulability in UML-RT,"Objects, Components, Models and Patterns",,,,10.1007/978-3-540-69824-1_14,Stefan LeueAlin ŞtefănescuWei Wei,2008,https://link.springer.com/chapter/10.1007/978-3-540-69824-1_14,Conference paper
GOAL Extended: Towards a Research Tool for Omega Automata and Temporal Logic,Tools and Algorithms for the Construction and Analysis of Systems,,,,10.1007/978-3-540-78800-3_26,Yih-Kuen TsayYu-Fang ChenMing-Hsien TsaiWen-Chin ChanChi-Jian Luo,2008,https://link.springer.com/chapter/10.1007/978-3-540-78800-3_26,Conference paper
Application of Static Analyses for State Space Reduction to Microcontroller Assembly Code,Formal Methods for Industrial Critical Systems,,,,10.1007/978-3-540-79707-4_4,Bastian SchlichJann LöllStefan Kowalewski,2008,https://link.springer.com/chapter/10.1007/978-3-540-79707-4_4,Conference paper
A UML/SPT Model Analysis Methodology for Concurrent Systems Based on Genetic Algorithms,Model Driven Engineering Languages and Systems,,,,10.1007/978-3-540-87875-9_34,Marwa ShoushaLionel BriandYvan Labiche,2008,https://link.springer.com/chapter/10.1007/978-3-540-87875-9_34,Conference paper
M-nets: a survey,Acta Informatica,,,,10.1007/s00236-008-0077-0,Hanna KlaudelFranck Pommereau,2008,https://link.springer.com/article/10.1007/s00236-008-0077-0,Article
Using communication coverage criteria and partial model generation to assist software integration testing,Software Quality Journal,,,,10.1007/s11219-007-9036-1,Christopher Robinson-MallettRobert M. HieronsJesse PoorePeter Liggesmeyer,2008,https://link.springer.com/article/10.1007/s11219-007-9036-1,Article
Assume-Guarantee Verification for Interface Automata,FM 2008: Formal Methods,,,,10.1007/978-3-540-68237-0_10,Michael EmmiDimitra GiannakopoulouCorina S. Păsăreanu,2008,https://link.springer.com/chapter/10.1007/978-3-540-68237-0_10,Conference paper
Behavioural Theory at Work: Program Transformations in a Service-Centred Calculus,Formal Methods for Open Object-Based Distributed Systems,,,,10.1007/978-3-540-68863-1_5,Luís Cruz-FilipeIvan LaneseFrancisco MartinsAntónio RavaraVasco T. Vasconcelos,2008,https://link.springer.com/chapter/10.1007/978-3-540-68863-1_5,Conference paper
Worst-Case Execution Times for a Purely Functional Language,Implementation and Application of Functional Languages,,,,10.1007/978-3-540-74130-5_14,Armelle BonenfantChristian FerdinandKevin HammondReinhold Heckmann,2007,https://link.springer.com/chapter/10.1007/978-3-540-74130-5_14,Conference paper
FAST: acceleration from theory to practice,International Journal on Software Tools for Technology Transfer,,,,10.1007/s10009-008-0064-3,Sébastien BardinAlain FinkelJérôme LerouxLaure Petrucci,2008,https://link.springer.com/article/10.1007/s10009-008-0064-3,Article
Maximising the information gained from a study of static analysis technologies for concurrent software,Empirical Software Engineering,,,,10.1007/s10664-007-9044-6,Margaret A. WojcickiPaul Strooper,2007,https://link.springer.com/article/10.1007/s10664-007-9044-6,Article
Tom: Piggybacking Rewriting on Java,Term Rewriting and Applications,,,,10.1007/978-3-540-73449-9_5,Emilie BallandPaul BraunerRadu KopetzPierre-Etienne MoreauAntoine Reilles,2007,https://link.springer.com/chapter/10.1007/978-3-540-73449-9_5,Conference paper
Techniques for evaluating fault prediction models,Empirical Software Engineering,,,,10.1007/s10664-008-9079-3,Yue JiangBojan CukicYan Ma,2008,https://link.springer.com/article/10.1007/s10664-008-9079-3,Article
An approach for experimentally evaluating effectiveness and efficiency of coverage criteria for software testing,International Journal on Software Tools for Technology Transfer,,,,10.1007/s10009-007-0059-5,Atul GuptaPankaj Jalote,2008,https://link.springer.com/article/10.1007/s10009-007-0059-5,Article
Regional Logic for Local Reasoning about Global Invariants,ECOOP 2008 – Object-Oriented Programming,,,,10.1007/978-3-540-70592-5_17,Anindya BanerjeeDavid A. NaumannStan Rosenberg,2008,https://link.springer.com/chapter/10.1007/978-3-540-70592-5_17,Conference paper
Finer Is Better: Abstraction Refinement for Rewriting Approximations,Rewriting Techniques and Applications,,,,10.1007/978-3-540-70590-1_4,Yohan BoichutRoméo CourbisPierre-Cyrille HéamOlga Kouchnarenko,2008,https://link.springer.com/chapter/10.1007/978-3-540-70590-1_4,Conference paper
Formal Verification of a C-like Memory Model and Its Uses for Verifying Program Transformations,Journal of Automated Reasoning,,,,10.1007/s10817-008-9099-0,Xavier LeroySandrine Blazy,2008,https://link.springer.com/article/10.1007/s10817-008-9099-0,Article
Getting Formal Verification into Design Flow,FM 2008: Formal Methods,,,,10.1007/978-3-540-68237-0_2,ArvindNirav DaveMichael Katelman,2008,https://link.springer.com/chapter/10.1007/978-3-540-68237-0_2,Conference paper
The graphical Krivine machine,Higher-Order and Symbolic Computation,,,,10.1007/s10990-007-9011-3,Sylvain Lippi,2007,https://link.springer.com/article/10.1007/s10990-007-9011-3,Article
Thread Quantification for Concurrent Shape Analysis,Computer Aided Verification,,,,10.1007/978-3-540-70545-1_37,J. BerdineT. Lev-AmiR. ManevichG. RamalingamM. Sagiv,2008,https://link.springer.com/chapter/10.1007/978-3-540-70545-1_37,Conference paper
Modeling of Component Environment in Presence of Callbacks and Autonomous Activities,"Objects, Components, Models and Patterns",,,,10.1007/978-3-540-69824-1_2,Pavel ParizekFrantisek Plasil,2008,https://link.springer.com/chapter/10.1007/978-3-540-69824-1_2,Conference paper
A Framework for Analyzing and Testing the Performance of Software Services,"Leveraging Applications of Formal Methods, Verification and Validation",,,,10.1007/978-3-540-88479-8_15,Antonia BertolinoGuglielmo De AngelisAntinisca Di MarcoPaola InverardiAntonino SabettaMassimo Tivoli,2008,https://link.springer.com/chapter/10.1007/978-3-540-88479-8_15,Conference paper
QoS-oriented design of embedded systems with specification PEARL,Innovations in Systems and Software Engineering,,,,10.1007/s11334-007-0033-0,Roman GumzejWolfgang A. Halang,2007,https://link.springer.com/article/10.1007/s11334-007-0033-0,Article
Modularity in Agent Programming Languages,Intelligent Agents and Multi-Agent Systems,,,,10.1007/978-3-540-89674-6_17,Mehdi DastaniChristian P. MolBas R. Steunebrink,2008,https://link.springer.com/chapter/10.1007/978-3-540-89674-6_17,Conference paper
Celf – A Logical Framework for Deductive and Concurrent Systems (System Description),Automated Reasoning,,,,10.1007/978-3-540-71070-7_28,Anders Schack-NielsenCarsten Schürmann,2008,https://link.springer.com/chapter/10.1007/978-3-540-71070-7_28,Conference paper
Specifying real-time properties in autonomic systems,Innovations in Systems and Software Engineering,,,,10.1007/s11334-006-0016-6,Ji ZhangZhinan ZhouBetty H. C. ChengPhilip K. McKinley,2007,https://link.springer.com/article/10.1007/s11334-006-0016-6,Article
Jakstab: A Static Analysis Platform for Binaries,Computer Aided Verification,,,,10.1007/978-3-540-70545-1_40,Johannes KinderHelmut Veith,2008,https://link.springer.com/chapter/10.1007/978-3-540-70545-1_40,Conference paper
"A Unified Approach to Abstract Interpretation, Formal Verification and Testing of C/C++ Modules",Theoretical Aspects of Computing - ICTAC 2008,,,,10.1007/978-3-540-85762-4_2,Jan Peleska,2008,https://link.springer.com/chapter/10.1007/978-3-540-85762-4_2,Conference paper
An operational semantics for Stateflow,International Journal on Software Tools for Technology Transfer,,,,10.1007/s10009-007-0049-7,Grégoire HamonJohn Rushby,2007,https://link.springer.com/article/10.1007/s10009-007-0049-7,Article
Runtime Verification of C Programs,Testing of Software and Communicating Systems,,,,10.1007/978-3-540-68524-1_3,Klaus Havelund,2008,https://link.springer.com/chapter/10.1007/978-3-540-68524-1_3,Conference paper
A Framework for the Development and Testing of Cryptographic Software,Advances in Computer and Information Sciences and Engineering,,,,10.1007/978-1-4020-8741-7_9,Andrew BurnettTom Dowling,2008,https://link.springer.com/chapter/10.1007/978-1-4020-8741-7_9,Conference paper
"A Semantic Web Reasoner for Rules, Equations and Constraints",Web Reasoning and Rule Systems,,,,10.1007/978-3-540-88737-9_11,Daniel EleniusGrit DenkerMark-Oliver Stehr,2008,https://link.springer.com/chapter/10.1007/978-3-540-88737-9_11,Conference paper
Verification of Mondex Electronic Purses with KIV: From a Security Protocol to Verified Code,FM 2008: Formal Methods,,,,10.1007/978-3-540-68237-0_13,Holger GrandyMarkus BischofKurt StenzelGerhard SchellhornWolfgang Reif,2008,https://link.springer.com/chapter/10.1007/978-3-540-68237-0_13,Conference paper
Verified Process-Context Switch for C-Programmed Kernels,"Verified Software: Theories, Tools, Experiments",,,,10.1007/978-3-540-87873-5_20,Artem StarostinAlexandra Tsyban,2008,https://link.springer.com/chapter/10.1007/978-3-540-87873-5_20,Conference paper
Formal Pervasive Verification of a Paging Mechanism,Tools and Algorithms for the Construction and Analysis of Systems,,,,10.1007/978-3-540-78800-3_9,Eyad AlkassarNorbert SchirmerArtem Starostin,2008,https://link.springer.com/chapter/10.1007/978-3-540-78800-3_9,Conference paper
Benchmarking Model- and Satisfiability-Checking on Bi-infinite Time,Theoretical Aspects of Computing - ICTAC 2008,,,,10.1007/978-3-540-85762-4_20,Matteo PradellaAngelo MorzentiPierluigi San Pietro,2008,https://link.springer.com/chapter/10.1007/978-3-540-85762-4_20,Conference paper
CPBPV: A Constraint-Programming Framework for Bounded Program Verification,Principles and Practice of Constraint Programming,,,,10.1007/978-3-540-85958-1_22,Hélène CollavizzaMichel RueherPascal Van Hentenryck,2008,https://link.springer.com/chapter/10.1007/978-3-540-85958-1_22,Conference paper
"A Finite Simulation Method in a Non-deterministic Call-by-Need Lambda-Calculus with Letrec, Constructors, and Case",Rewriting Techniques and Applications,,,,10.1007/978-3-540-70590-1_22,Manfred Schmidt-SchaussElena Machkasova,2008,https://link.springer.com/chapter/10.1007/978-3-540-70590-1_22,Conference paper
Efficient guided symbolic reachability using reachability expressions,International Journal on Software Tools for Technology Transfer,,,,10.1007/s10009-007-0057-7,Dina ThomasSupratik ChakrabortyParitosh Pandya,2008,https://link.springer.com/article/10.1007/s10009-007-0057-7,Article
"Design, Implementation, and Evaluation of a Dynamic Compilation Framework for the YAP System",Logic Programming,,,,10.1007/978-3-540-74610-2_28,Anderson Faustino da SilvaVítor Santos Costa,2007,https://link.springer.com/chapter/10.1007/978-3-540-74610-2_28,Conference paper
A Model to Identify Refactoring Effort during Maintenance by Mining Source Code Repositories,Product-Focused Software Process Improvement,,,,10.1007/978-3-540-69566-0_29,Raimund MoserWitold PedryczAlberto SillittiGiancarlo Succi,2008,https://link.springer.com/chapter/10.1007/978-3-540-69566-0_29,Conference paper
FShell: Systematic Test Case Generation for Dynamic Analysis and Measurement,Computer Aided Verification,,,,10.1007/978-3-540-70545-1_20,Andreas HolzerChristian SchallhartMichael TautschnigHelmut Veith,2008,https://link.springer.com/chapter/10.1007/978-3-540-70545-1_20,Conference paper
The TDD-Guide Training and Guidance Tool for Test-Driven Development,Agile Processes in Software Engineering and Extreme Programming,,,,10.1007/978-3-540-68255-4_7,Oren MishaliYael DubinskyShmuel Katz,2008,https://link.springer.com/chapter/10.1007/978-3-540-68255-4_7,Conference paper
Model-Based Generation of Testbeds for Web Services,Testing of Software and Communicating Systems,,,,10.1007/978-3-540-68524-1_19,Antonia BertolinoGuglielmo De AngelisLars FrantzenAndrea Polini,2008,https://link.springer.com/chapter/10.1007/978-3-540-68524-1_19,Conference paper
A Comparison of Standard Compliant Ways to Define Domain Specific Languages,Models in Software Engineering,,,,10.1007/978-3-540-69073-3_6,Ingo WeisemöllerAndy Schürr,2008,https://link.springer.com/chapter/10.1007/978-3-540-69073-3_6,Conference paper
Analysing Bug Prediction Capabilities of Static Code Metrics in Open Source Software,Software Process and Product Measurement,,,,10.1007/978-3-540-89403-2_27,Javed FerzundSyed Nadeem AhsanFranz Wotawa,2008,https://link.springer.com/chapter/10.1007/978-3-540-89403-2_27,Conference paper
Verification of Equivalent-Results Methods,Programming Languages and Systems,,,,10.1007/978-3-540-78739-6_24,K. Rustan M. LeinoPeter Müller,2008,https://link.springer.com/chapter/10.1007/978-3-540-78739-6_24,Conference paper
Testing Architectures for Large Scale Systems,High Performance Computing for Computational Science - VECPAR 2008,,,,10.1007/978-3-540-92859-1_49,Eduardo Cunha de AlmeidaGerson SunyéPatrick Valduriez,2008,https://link.springer.com/chapter/10.1007/978-3-540-92859-1_49,Conference paper
Exception Handling: A Field Study in Java and .NET,ECOOP 2007 – Object-Oriented Programming,,,,10.1007/978-3-540-73589-2_8,Bruno CabralPaulo Marques,2007,https://link.springer.com/chapter/10.1007/978-3-540-73589-2_8,Conference paper
Deriving event-based transition systems from&#xa0;goal-oriented requirements models,Automated Software Engineering,,,,10.1007/s10515-008-0027-7,Emmanuel LetierJeff KramerJeff MageeSebastian Uchitel,2008,https://link.springer.com/article/10.1007/s10515-008-0027-7,Article
Time-Progress Evaluation for Dense-Time Automata with Concave Path Conditions,Automated Technology for Verification and Analysis,,,,10.1007/978-3-540-88387-6_24,Farn Wang,2008,https://link.springer.com/chapter/10.1007/978-3-540-88387-6_24,Conference paper
Direct Support for Model Checking Abstract State Machines by Utilizing Simulation,"Abstract State Machines, B and Z",,,,10.1007/978-3-540-87603-8_10,Jörg BeckersDaniel KlünderStefan KowalewskiBastian Schlich,2008,https://link.springer.com/chapter/10.1007/978-3-540-87603-8_10,Conference paper
Partial Translation Verification for Untrusted Code-Generators,Formal Methods and Software Engineering,,,,10.1007/978-3-540-88194-0_15,Matthew StaatsMats P. E. Heimdahl,2008,https://link.springer.com/chapter/10.1007/978-3-540-88194-0_15,Conference paper
An Algebraic Semantics for MOF,Fundamental Approaches to Software Engineering,,,,10.1007/978-3-540-78743-3_28,Artur BoronatJosé Meseguer,2008,https://link.springer.com/chapter/10.1007/978-3-540-78743-3_28,Conference paper
A Hoare Logic for Call-by-Value Functional Programs,Mathematics of Program Construction,,,,10.1007/978-3-540-70594-9_17,Yann Régis-GianasFrançois Pottier,2008,https://link.springer.com/chapter/10.1007/978-3-540-70594-9_17,Conference paper
An Embeddable Virtual Machine for State Space Generation,Model Checking Software,,,,10.1007/978-3-540-73370-6_12,Michael Weber,2007,https://link.springer.com/chapter/10.1007/978-3-540-73370-6_12,Conference paper
The High Road to Formal Validation:,"Abstract State Machines, B and Z",,,,10.1007/978-3-540-87603-8_2,Michael Leuschel,2008,https://link.springer.com/chapter/10.1007/978-3-540-87603-8_2,Conference paper
Remote Entrusting by Run-Time Software Authentication,SOFSEM 2008: Theory and Practice of Computer Science,,,,10.1007/978-3-540-77566-9_8,Mariano CeccatoYoram OfekPaolo Tonella,2008,https://link.springer.com/chapter/10.1007/978-3-540-77566-9_8,Conference paper
A compositional semantics of UML-RSDS,Software & Systems Modeling,,,,10.1007/s10270-007-0064-x,K. Lano,2007,https://link.springer.com/article/10.1007/s10270-007-0064-x,Article
Towards Formal Verification of ToolBus Scripts,Algebraic Methodology and Software Technology,,,,10.1007/978-3-540-79980-1_13,Wan FokkinkPaul KlintBert LisserYaroslav S. Usenko,2008,https://link.springer.com/chapter/10.1007/978-3-540-79980-1_13,Conference paper
An Embedded Software Testing Tool Supporting Multi-paradigm Views,Computational Science and Its Applications – ICCSA 2008,,,,10.1007/978-3-540-69839-5_57,Yongyun ChoJaeyoung Choi,2008,https://link.springer.com/chapter/10.1007/978-3-540-69839-5_57,Conference paper
NQSL - Formal Language and Tool Support for Network Quality-of-Service Requirements,Formal Techniques for Networked and Distributed Systems – FORTE 2008,,,,10.1007/978-3-540-68855-6_14,Christian WebelReinhard GotzheinJoachim Nicolay,2008,https://link.springer.com/chapter/10.1007/978-3-540-68855-6_14,Conference paper
Automatic Inference of Upper Bounds for Recurrence Relations in Cost Analysis,Static Analysis,,,,10.1007/978-3-540-69166-2_15,Elvira AlbertPuri ArenasSamir GenaimGermán Puebla,2008,https://link.springer.com/chapter/10.1007/978-3-540-69166-2_15,Conference paper
Two WAM Implementations of Action Rules,Logic Programming,,,,10.1007/978-3-540-89982-2_51,Bart DemoenPhuong-Lan Nguyen,2008,https://link.springer.com/chapter/10.1007/978-3-540-89982-2_51,Conference paper
Playing with $\cal{TOY}$ : Constraints and Domain Cooperation,Programming Languages and Systems,,,,10.1007/978-3-540-78739-6_9,Sonia Estévez-MartínAntonio J. FernándezFernando Sáenz-Pérez,2008,https://link.springer.com/chapter/10.1007/978-3-540-78739-6_9,Conference paper
Antichains: Alternative Algorithms for LTL Satisfiability and Model-Checking,Tools and Algorithms for the Construction and Analysis of Systems,,,,10.1007/978-3-540-78800-3_6,M. De WulfL. DoyenN. MaquetJ. -F. Raskin,2008,https://link.springer.com/chapter/10.1007/978-3-540-78800-3_6,Conference paper
Full Abstraction for Linda,Programming Languages and Systems,,,,10.1007/978-3-540-78739-6_6,Cinzia Di GiustoMaurizio Gabbrielli,2008,https://link.springer.com/chapter/10.1007/978-3-540-78739-6_6,Conference paper
Inference rules for proving the equivalence of recursive procedures,Acta Informatica,,,,10.1007/s00236-008-0075-2,Benny GodlinOfer Strichman,2008,https://link.springer.com/article/10.1007/s00236-008-0075-2,Article
A Verifiable Conformance Relationship between Smart Card Applets and B Security Models,"Abstract State Machines, B and Z",,,,10.1007/978-3-540-87603-8_19,Frédéric DadeauJulien LamboleyThierry MoutetMarie-Laure Potet,2008,https://link.springer.com/chapter/10.1007/978-3-540-87603-8_19,Conference paper
Erasure and Polymorphism in Pure Type Systems,Foundations of Software Science and Computational Structures,,,,10.1007/978-3-540-78499-9_25,Nathan Mishra-LingerTim Sheard,2008,https://link.springer.com/chapter/10.1007/978-3-540-78499-9_25,Conference paper
Model-Driven Platform-Specific Testing through Configurable Simulations,Model Driven Architecture – Foundations and Applications,,,,10.1007/978-3-540-69100-6_19,Thomas KuhnReinhard Gotzhein,2008,https://link.springer.com/chapter/10.1007/978-3-540-69100-6_19,Conference paper
Inferring Congruence Equations Using SAT,Computer Aided Verification,,,,10.1007/978-3-540-70545-1_26,Andy KingHarald Søndergaard,2008,https://link.springer.com/chapter/10.1007/978-3-540-70545-1_26,Conference paper
Analysis of a Session-Layer Protocol in mCRL2,Formal Methods for Industrial Critical Systems,,,,10.1007/978-3-540-79707-4_14,Marko van EekelenStefan ten HoedtRené SchreursYaroslav S. Usenko,2008,https://link.springer.com/chapter/10.1007/978-3-540-79707-4_14,Conference paper
A Domain Analysis to Specify Design Defects and Generate Detection Algorithms,Fundamental Approaches to Software Engineering,,,,10.1007/978-3-540-78743-3_20,Naouel MohaYann-Gaël GuéhéneucAnne-Françoise Le MeurLaurence Duchien,2008,https://link.springer.com/chapter/10.1007/978-3-540-78743-3_20,Conference paper
Monitoring Atomicity in Concurrent Programs,Computer Aided Verification,,,,10.1007/978-3-540-70545-1_8,Azadeh FarzanP. Madhusudan,2008,https://link.springer.com/chapter/10.1007/978-3-540-70545-1_8,Conference paper
Applying Model-Based Testing to HTML Rendering Engines – A Case Study,Testing of Software and Communicating Systems,,,,10.1007/978-3-540-68524-1_18,Jens R. CalaméJaco van de Pol,2008,https://link.springer.com/chapter/10.1007/978-3-540-68524-1_18,Conference paper
A Minimal Set of Refactoring Rules for Object-Z,Formal Methods for Open Object-Based Distributed Systems,,,,10.1007/978-3-540-68863-1_11,Tim McCombGraeme Smith,2008,https://link.springer.com/chapter/10.1007/978-3-540-68863-1_11,Conference paper
Combining Formal Verification with Observed System Execution Behavior to Tune System Parameters,Formal Modeling and Analysis of Timed Systems,,,,10.1007/978-3-540-75454-1_19,Minyoung KimMark-Oliver StehrCarolyn TalcottNikil DuttNalini Venkatasubramanian,2007,https://link.springer.com/chapter/10.1007/978-3-540-75454-1_19,Conference paper
Proving Ptolemy Right: The Environment Abstraction Framework for Model Checking Concurrent Systems,Tools and Algorithms for the Construction and Analysis of Systems,,,,10.1007/978-3-540-78800-3_4,Edmund ClarkeMurali TalupurHelmut Veith,2008,https://link.springer.com/chapter/10.1007/978-3-540-78800-3_4,Conference paper
Implementing Efficient Dynamic Formal Verification Methods for MPI Programs,Recent Advances in Parallel Virtual Machine and Message Passing Interface,,,,10.1007/978-3-540-87475-1_34,Sarvani VakkalankaMichael DeLisiGanesh GopalakrishnanRobert M. KirbyRajeev ThakurWilliam Gropp,2008,https://link.springer.com/chapter/10.1007/978-3-540-87475-1_34,Conference paper
Interpreting Localized Computational Effects Using Operators of Higher Type,Logic and Theory of Algorithms,,,,10.1007/978-3-540-69407-6_42,John Longley,2008,https://link.springer.com/chapter/10.1007/978-3-540-69407-6_42,Conference paper
The Advantages of Post-Link Code Coverage,Hardware and Software: Verification and Testing,,,,10.1007/978-3-540-77966-7_19,Orna RazMoshe KlausnerNitzan PelegGad HaberEitan FarchiShachar FienblitYakov FiliarskyShay GammerSergey Novikov,2008,https://link.springer.com/chapter/10.1007/978-3-540-77966-7_19,Conference paper
Property Patterns for Runtime Monitoring of Web Service Conversations,Runtime Verification,,,,10.1007/978-3-540-89247-2_9,Jocelyn SimmondsMarsha ChechikShiva NejatiElena LitaniBill O’Farrell,2008,https://link.springer.com/chapter/10.1007/978-3-540-89247-2_9,Conference paper
Slicing Concurrent Real-Time System Specifications for Verification,Integrated Formal Methods,,,,10.1007/978-3-540-73210-5_4,Ingo Brückner,2007,https://link.springer.com/chapter/10.1007/978-3-540-73210-5_4,Conference paper
Automated Assume-Guarantee Reasoning by Abstraction Refinement,Computer Aided Verification,,,,10.1007/978-3-540-70545-1_14,Mihaela Gheorghiu BobaruCorina S. PăsăreanuDimitra Giannakopoulou,2008,https://link.springer.com/chapter/10.1007/978-3-540-70545-1_14,Conference paper
Verification from Declarative Specifications Using Logic Programming,Logic Programming,,,,10.1007/978-3-540-89982-2_39,Marco MontaliPaolo TorroniMarco AlbertiFederico ChesaniMarco GavanelliEvelina LammaPaola Mello,2008,https://link.springer.com/chapter/10.1007/978-3-540-89982-2_39,Conference paper
An exploratory study of the effect of aspect-oriented programming on maintainability,Software Quality Journal,,,,10.1007/s11219-007-9022-7,Marc BartschRachel Harrison,2007,https://link.springer.com/article/10.1007/s11219-007-9022-7,Article
Visual ScatterUnit: A Visual Model-Driven Testing Framework of Wireless Sensor Networks Applications,Model Driven Engineering Languages and Systems,,,,10.1007/978-3-540-87875-9_52,Mohammad Al SaadNicolai KamenzkyJochen Schiller,2008,https://link.springer.com/chapter/10.1007/978-3-540-87875-9_52,Conference paper
Extending Model Checking with Dynamic Analysis,"Verification, Model Checking, and Abstract Interpretation",,,,10.1007/978-3-540-78163-9_15,Alex GroceRajeev Joshi,2008,https://link.springer.com/chapter/10.1007/978-3-540-78163-9_15,Conference paper
Verification of Supervisory Control Software Using State Proximity and Merging,Hybrid Systems: Computation and Control,,,,10.1007/978-3-540-78929-1_25,Flavio LerdaJames KapinskiEdmund M. ClarkeBruce H. Krogh,2008,https://link.springer.com/chapter/10.1007/978-3-540-78929-1_25,Conference paper
Effective Program Verification for Relaxed Memory Models,Computer Aided Verification,,,,10.1007/978-3-540-70545-1_12,Sebastian BurckhardtMadanlal Musuvathi,2008,https://link.springer.com/chapter/10.1007/978-3-540-70545-1_12,Conference paper
Reflections on the Role of Static Analysis in Cooperative Bug Isolation,Static Analysis,,,,10.1007/978-3-540-69166-2_2,Ben Liblit,2008,https://link.springer.com/chapter/10.1007/978-3-540-69166-2_2,Conference paper
Prolog-Based Real-Time Intelligent Control of the Hexor Mobile Robot,KI 2007: Advances in Artificial Intelligence,,,,10.1007/978-3-540-74565-5_46,Piotr MatyasikGrzegorz J. NalepaPiotr Zięcik,2007,https://link.springer.com/chapter/10.1007/978-3-540-74565-5_46,Conference paper
Generating Compact MTBDD-Representations from Probmela Specifications,Model Checking Software,,,,10.1007/978-3-540-85114-1_7,Frank CiesinskiChristel BaierMarcus GrößerDavid Parker,2008,https://link.springer.com/chapter/10.1007/978-3-540-85114-1_7,Conference paper
Towards Efficient Verification of Systems with Dynamic Process Creation,Theoretical Aspects of Computing - ICTAC 2008,,,,10.1007/978-3-540-85762-4_13,Hanna KlaudelMaciej KoutnyElisabeth PelzFranck Pommereau,2008,https://link.springer.com/chapter/10.1007/978-3-540-85762-4_13,Conference paper
"Implementation, Compilation, Optimization of Object-Oriented Languages, Programs and Systems",Object-Oriented Technology. ECOOP 2006 Workshop Reader,,,,10.1007/978-3-540-71774-4_1,Roland DucournauEtienne GagnonChandra KrintzPhilippe MuletJan VitekOlivier Zendra,2007,https://link.springer.com/chapter/10.1007/978-3-540-71774-4_1,Conference paper
An Evaluation Study of the Effectiveness of Modeling NASA Swarm-Based Exploration Missions with ASSL,Autonomic and Trusted Computing,,,,10.1007/978-3-540-69295-9_26,Mike HincheyEmil Vassev,2008,https://link.springer.com/chapter/10.1007/978-3-540-69295-9_26,Conference paper
A Needed Rewriting Strategy for Data-Structures with Pointers,Rewriting Techniques and Applications,,,,10.1007/978-3-540-70590-1_5,Rachid EchahedNicolas Peltier,2008,https://link.springer.com/chapter/10.1007/978-3-540-70590-1_5,Conference paper
Reducing Concurrent Analysis Under a Context Bound to Sequential Analysis,Computer Aided Verification,,,,10.1007/978-3-540-70545-1_7,Akash LalThomas Reps,2008,https://link.springer.com/chapter/10.1007/978-3-540-70545-1_7,Conference paper
ECA-Rule Visual Programming for Ubiquitous and Nomadic Computing,MICAI 2008: Advances in Artificial Intelligence,,,,10.1007/978-3-540-88636-5_87,José Oscar Olmedo-AguirreMónica Rivera de la RosaGuillermo Morales-Luna,2008,https://link.springer.com/chapter/10.1007/978-3-540-88636-5_87,Conference paper
"The software model checker B<span>last</span>
                  ",International Journal on Software Tools for Technology Transfer,,,,10.1007/s10009-007-0044-z,Dirk BeyerThomas A. HenzingerRanjit JhalaRupak Majumdar,2007,https://link.springer.com/article/10.1007/s10009-007-0044-z,Article
Towards Using Reo for Compliance-Aware Business Process Modeling,"Leveraging Applications of Formal Methods, Verification and Validation",,,,10.1007/978-3-540-88479-8_9,Farhad ArbabNatallia KokashSun Meng,2008,https://link.springer.com/chapter/10.1007/978-3-540-88479-8_9,Conference paper
A Fault Prediction Model with Limited Fault Data to Improve Test Process,Product-Focused Software Process Improvement,,,,10.1007/978-3-540-69566-0_21,Cagatay CatalBanu Diri,2008,https://link.springer.com/chapter/10.1007/978-3-540-69566-0_21,Conference paper
Composed Bisimulation for Tree Automata,Implementation and Applications of Automata,,,,10.1007/978-3-540-70844-5_22,Parosh A. AbdullaAhmed BouajjaniLukáš HolíkLisa KaatiTomáš Vojnar,2008,https://link.springer.com/chapter/10.1007/978-3-540-70844-5_22,Conference paper
Symbolic String Verification: An Automata-Based Approach,Model Checking Software,,,,10.1007/978-3-540-85114-1_21,Fang YuTevfik BultanMarco CovaOscar H. Ibarra,2008,https://link.springer.com/chapter/10.1007/978-3-540-85114-1_21,Conference paper
A Logical Characterization of Forward and Backward Chaining in the Inverse Method,Journal of Automated Reasoning,,,,10.1007/s10817-007-9091-0,Kaustuv ChaudhuriFrank PfenningGreg Price,2008,https://link.springer.com/article/10.1007/s10817-007-9091-0,Article
MC-SOG: An LTL Model Checker Based on Symbolic Observation Graphs,Applications and Theory of Petri Nets,,,,10.1007/978-3-540-68746-7_20,Kais KlaiDenis Poitrenaud,2008,https://link.springer.com/chapter/10.1007/978-3-540-68746-7_20,Conference paper
A Probabilistic Formal Analysis Approach to Cross Layer Optimization in Distributed Embedded Systems,Formal Methods for Open Object-Based Distributed Systems,,,,10.1007/978-3-540-72952-5_18,Minyoung KimMark-Oliver StehrCarolyn TalcottNikil DuttNalini Venkatasubramanian,2007,https://link.springer.com/chapter/10.1007/978-3-540-72952-5_18,Conference paper
Formal Modeling of a Generic Middleware to Ensure Invariant Properties,Formal Methods for Open Object-Based Distributed Systems,,,,10.1007/978-3-540-68863-1_12,Xavier RenaultJérôme HuguesFabrice Kordon,2008,https://link.springer.com/chapter/10.1007/978-3-540-68863-1_12,Conference paper
"Visualization, Simulation and Analysis of Reconfigurable Systems",Applications of Graph Transformations with Industrial Relevance,,,,10.1007/978-3-540-89020-1_19,Claudia ErmelKarsten Ehrig,2008,https://link.springer.com/chapter/10.1007/978-3-540-89020-1_19,Conference paper
Development of formal models and conformance testing for systems with asynchronous interfaces and telecommunications protocols,Programming and Computer Software,,,,10.1134/S0361768807060035,N. V. PakulinA. V. Khoroshilov,2007,https://link.springer.com/article/10.1134/S0361768807060035,Article
Hyper-Minimization in O(n 2),Implementation and Applications of Automata,,,,10.1007/978-3-540-70844-5_23,Andrew Badr,2008,https://link.springer.com/chapter/10.1007/978-3-540-70844-5_23,Conference paper
Specifying and Verifying Sensor Networks: An Experiment of Formal Methods,Formal Methods and Software Engineering,,,,10.1007/978-3-540-88194-0_20,Jin Song DongJing SunJun SunKenji TaguchiXian Zhang,2008,https://link.springer.com/chapter/10.1007/978-3-540-88194-0_20,Conference paper
Correctness by Construction for High-Integrity Real-Time Systems: A Metamodel-Driven Approach,Reliable Software Technologies – Ada Europe 2007,,,,10.1007/978-3-540-73230-3_9,Matteo BordinTullio Vardanega,2007,https://link.springer.com/chapter/10.1007/978-3-540-73230-3_9,Conference paper
Query-Driven Program Testing,"Verification, Model Checking, and Abstract Interpretation",,,,10.1007/978-3-540-93900-9_15,Andreas HolzerChristian SchallhartMichael TautschnigHelmut Veith,2008,https://link.springer.com/chapter/10.1007/978-3-540-93900-9_15,Conference paper
Efficient Symbolic Execution of Large Quantifications in a Process Algebra,Formal Methods and Software Engineering,,,,10.1007/978-3-540-76650-6_19,Benoît FraikinMarc Frappier,2007,https://link.springer.com/chapter/10.1007/978-3-540-76650-6_19,Conference paper
Formal Verification by Reverse Synthesis,"Computer Safety, Reliability, and Security",,,,10.1007/978-3-540-87698-4_26,Xiang YinJohn C. KnightElisabeth A. NguyenWestley Weimer,2008,https://link.springer.com/chapter/10.1007/978-3-540-87698-4_26,Conference paper
Composing Safely — A Type System for Aspects,Software Composition,,,,10.1007/978-3-540-78789-1_18,Florian KammüllerHenry Sudhof,2008,https://link.springer.com/chapter/10.1007/978-3-540-78789-1_18,Conference paper
Reversible Flowchart Languages and the Structured Reversible Program Theorem,"Automata, Languages and Programming",,,,10.1007/978-3-540-70583-3_22,Tetsuo YokoyamaHolger Bock AxelsenRobert Glück,2008,https://link.springer.com/chapter/10.1007/978-3-540-70583-3_22,Conference paper
Towards Description and Optimization of Abstract Machines in an Extension of Prolog,Logic-Based Program Synthesis and Transformation,,,,10.1007/978-3-540-71410-1_7,José F. MoralesManuel CarroManuel Hermenegildo,2007,https://link.springer.com/chapter/10.1007/978-3-540-71410-1_7,Conference paper
A Verification Framework for Normative Multi-Agent Systems,Intelligent Agents and Multi-Agent Systems,,,,10.1007/978-3-540-89674-6_9,Lăcrămioara AştefănoaeiMehdi DastaniJohn-Jules MeyerFrank S. de Boer,2008,https://link.springer.com/chapter/10.1007/978-3-540-89674-6_9,Conference paper
Proving Programs Incorrect Using a Sequent Calculus for Java Dynamic Logic,Tests and Proofs,,,,10.1007/978-3-540-73770-4_3,Philipp RümmerMuhammad Ali Shah,2007,https://link.springer.com/chapter/10.1007/978-3-540-73770-4_3,Conference paper
Dynamic Model Checking with Property Driven Pruning to Detect Race Conditions,Automated Technology for Verification and Analysis,,,,10.1007/978-3-540-88387-6_11,Chao WangYu YangAarti GuptaGanesh Gopalakrishnan,2008,https://link.springer.com/chapter/10.1007/978-3-540-88387-6_11,Conference paper
Declarative Diagnosis of Missing Answers in Constraint Functional-Logic Programming,Functional and Logic Programming,,,,10.1007/978-3-540-78969-7_22,Rafael CaballeroMario Rodríguez ArtalejoRafael del Vado Vírseda,2008,https://link.springer.com/chapter/10.1007/978-3-540-78969-7_22,Conference paper
Tackling Large Verification Problems with the Swarm Tool,Model Checking Software,,,,10.1007/978-3-540-85114-1_11,Gerard J. HolzmannRajeev JoshiAlex Groce,2008,https://link.springer.com/chapter/10.1007/978-3-540-85114-1_11,Conference paper
The Three Platonic Models of Divergence-Strict CSP,Theoretical Aspects of Computing - ICTAC 2008,,,,10.1007/978-3-540-85762-4_3,A. W. Roscoe,2008,https://link.springer.com/chapter/10.1007/978-3-540-85762-4_3,Conference paper
Program Repair Suggestions from Graphical State-Transition Specifications,Formal Techniques for Networked and Distributed Systems – FORTE 2008,,,,10.1007/978-3-540-68855-6_12,Farn WangChih-Hong Cheng,2008,https://link.springer.com/chapter/10.1007/978-3-540-68855-6_12,Conference paper
Individual Reuse in Description Logic Reasoning,Automated Reasoning,,,,10.1007/978-3-540-71070-7_20,Boris MotikIan Horrocks,2008,https://link.springer.com/chapter/10.1007/978-3-540-71070-7_20,Conference paper
Synthesizing Monitors for Safety Properties: This Time with Calls and Returns,Runtime Verification,,,,10.1007/978-3-540-89247-2_4,Grigore RoşuFeng ChenThomas Ball,2008,https://link.springer.com/chapter/10.1007/978-3-540-89247-2_4,Conference paper
Declarative Object Identity Using Relation Types,ECOOP 2007 – Object-Oriented Programming,,,,10.1007/978-3-540-73589-2_4,Mandana VaziriFrank TipStephen FinkJulian Dolby,2007,https://link.springer.com/chapter/10.1007/978-3-540-73589-2_4,Conference paper
Diagnosing Distributed Systems with Self-propelled Instrumentation,Middleware 2008,,,,10.1007/978-3-540-89856-6_5,Alexander V. MirgorodskiyBarton P. Miller,2008,https://link.springer.com/chapter/10.1007/978-3-540-89856-6_5,Conference paper
Formal Semantics of DRMA-Style Programming in BSPlib,Parallel Processing and Applied Mathematics,,,,10.1007/978-3-540-68111-3_119,Julien TessonFrédéric Loulergue,2008,https://link.springer.com/chapter/10.1007/978-3-540-68111-3_119,Conference paper
Algebra of Programming Using Dependent Types,Mathematics of Program Construction,,,,10.1007/978-3-540-70594-9_15,Shin-Cheng MuHsiang-Shang KoPatrik Jansson,2008,https://link.springer.com/chapter/10.1007/978-3-540-70594-9_15,Conference paper
Explaining Verification Conditions,Algebraic Methodology and Software Technology,,,,10.1007/978-3-540-79980-1_12,Ewen DenneyBernd Fischer,2008,https://link.springer.com/chapter/10.1007/978-3-540-79980-1_12,Conference paper
Checking sequences for distributed test architectures,Distributed Computing,,,,10.1007/s00446-008-0062-4,R. M. HieronsH. Ural,2008,https://link.springer.com/article/10.1007/s00446-008-0062-4,Article
Forays into Sequential Composition and Concatenation in Eagle,Runtime Verification,,,,10.1007/978-3-540-89247-2_5,Joachim BaranHoward Barringer,2008,https://link.springer.com/chapter/10.1007/978-3-540-89247-2_5,Conference paper
A Hybrid Denotational Semantics for Hybrid Systems,Programming Languages and Systems,,,,10.1007/978-3-540-78739-6_5,Olivier BouissouMatthieu Martel,2008,https://link.springer.com/chapter/10.1007/978-3-540-78739-6_5,Conference paper
Specifying and Verifying Event-Based Fairness Enhanced Systems,Formal Methods and Software Engineering,,,,10.1007/978-3-540-88194-0_4,Jun SunYang LiuJin Song DongHai H. Wang,2008,https://link.springer.com/chapter/10.1007/978-3-540-88194-0_4,Conference paper
Automated Formal Testing of C API Using T2C Framework,"Leveraging Applications of Formal Methods, Verification and Validation",,,,10.1007/978-3-540-88479-8_5,Alexey V. KhoroshilovVladimir V. RubanovEugene A. Shatokhin,2008,https://link.springer.com/chapter/10.1007/978-3-540-88479-8_5,Conference paper
Practical Programming with Higher-Order Encodings and Dependent Types,Programming Languages and Systems,,,,10.1007/978-3-540-78739-6_7,Adam PoswolskyCarsten Schürmann,2008,https://link.springer.com/chapter/10.1007/978-3-540-78739-6_7,Conference paper
Prolog Based Description Logic Reasoning,Logic Programming,,,,10.1007/978-3-540-89982-2_40,Gergely LukácsyPéter SzerediBalázs Kádár,2008,https://link.springer.com/chapter/10.1007/978-3-540-89982-2_40,Conference paper
Rewriting Approximations for Fast Prototyping of Static Analyzers,Term Rewriting and Applications,,,,10.1007/978-3-540-73449-9_6,Yohan BoichutThomas GenetThomas JensenLuka Le Roux,2007,https://link.springer.com/chapter/10.1007/978-3-540-73449-9_6,Conference paper
User-Definable Resource Bounds Analysis for Logic Programs,Logic Programming,,,,10.1007/978-3-540-74610-2_24,Jorge NavasEdison MeraPedro López-GarcíaManuel V. Hermenegildo,2007,https://link.springer.com/chapter/10.1007/978-3-540-74610-2_24,Conference paper
Human Comprehensible and Machine Processable Specifications of Operational Semantics,Model Driven Architecture- Foundations and Applications,,,,10.1007/978-3-540-72901-3_12,Markus ScheidgenJoachim Fischer,2007,https://link.springer.com/chapter/10.1007/978-3-540-72901-3_12,Conference paper
Low-Level Programming in Hume: An Exploration of the HW-Hume Level,Implementation and Application of Functional Languages,,,,10.1007/978-3-540-74130-5_6,Kevin HammondGudmund GrovGreg MichaelsonAndrew Ireland,2007,https://link.springer.com/chapter/10.1007/978-3-540-74130-5_6,Conference paper
Implementing Conformiq Qtronic,Testing of Software and Communicating Systems,,,,10.1007/978-3-540-73066-8_1,Antti Huima,2007,https://link.springer.com/chapter/10.1007/978-3-540-73066-8_1,Conference paper
On similarity-awareness in testing-based fault localization,Automated Software Engineering,,,,10.1007/s10515-008-0025-9,Dan HaoLu ZhangYing PanHong MeiJiasu Sun,2008,https://link.springer.com/article/10.1007/s10515-008-0025-9,Article
Workflow Testing,"Leveraging Applications of Formal Methods, Verification and Validation",,,,10.1007/978-3-540-88479-8_51,R. BreuA. LechnerM. WillburgerB. Katt,2008,https://link.springer.com/chapter/10.1007/978-3-540-88479-8_51,Conference paper
Structural Testing for Semaphore-Based Multithread Programs,Computational Science – ICCS 2008,,,,10.1007/978-3-540-69384-0_39,Felipe S. SarmanhoPaulo S. L. SouzaSimone R. S. SouzaAdenilso S. Simão,2008,https://link.springer.com/chapter/10.1007/978-3-540-69384-0_39,Conference paper
Comparing Three Formal Analysis Approaches of the Tropos Family,Agent-Oriented Information Systems IV,,,,10.1007/978-3-540-77990-2_10,Dominik SchmitzGerhard LakemeyerMatthias Jarke,2008,https://link.springer.com/chapter/10.1007/978-3-540-77990-2_10,Conference paper
A Denotational Model for Web Services Choreography,Distributed Computing and Internet Technology,,,,10.1007/978-3-540-89737-8_1,Geguang PuYongxin ZhaoZheng WangLibo FengHuibiao ZhuJifeng He,2008,https://link.springer.com/chapter/10.1007/978-3-540-89737-8_1,Conference paper
Formalising Java’s Data Race Free Guarantee,Theorem Proving in Higher Order Logics,,,,10.1007/978-3-540-74591-4_4,David AspinallJaroslav Ševčík,2007,https://link.springer.com/chapter/10.1007/978-3-540-74591-4_4,Conference paper
Message Correlation and Business Protocol Discovery in Service Interaction Logs,Advanced Information Systems Engineering,,,,10.1007/978-3-540-69534-9_31,Belkacem SerrourDaniel P. GasparottoHamamache KheddouciBoualem Benatallah,2008,https://link.springer.com/chapter/10.1007/978-3-540-69534-9_31,Conference paper
A Concept-Driven Construction of the Mondex Protocol Using Three Refinements,"Abstract State Machines, B and Z",,,,10.1007/978-3-540-87603-8_6,Gerhard SchellhornRichard Banach,2008,https://link.springer.com/chapter/10.1007/978-3-540-87603-8_6,Conference paper
Approximate OWL-Reasoning with Screech,Web Reasoning and Rule Systems,,,,10.1007/978-3-540-88737-9_13,Tuvshintur TserendorjSebastian RudolphMarkus KrötzschPascal Hitzler,2008,https://link.springer.com/chapter/10.1007/978-3-540-88737-9_13,Conference paper
A Simple Model of Separation Logic for Higher-Order Store,"Automata, Languages and Programming",,,,10.1007/978-3-540-70583-3_29,Lars BirkedalBernhard ReusJan SchwinghammerHongseok Yang,2008,https://link.springer.com/chapter/10.1007/978-3-540-70583-3_29,Conference paper
On-the-Fly Techniques for Game-Based Software Model Checking,Tools and Algorithms for the Construction and Analysis of Systems,,,,10.1007/978-3-540-78800-3_7,Adam BakewellDan R. Ghica,2008,https://link.springer.com/chapter/10.1007/978-3-540-78800-3_7,Conference paper
"Exploiting traces in static program analysis: better model checking through <span class=""mathjax-tex"">\({{\tt printf}}\)</span>s",International Journal on Software Tools for Technology Transfer,,,,10.1007/s10009-007-0058-6,Alex GroceRajeev Joshi,2008,https://link.springer.com/article/10.1007/s10009-007-0058-6,Article
Using OGRO and CertiVeR to improve OCSP validation for Grids,The Journal of Supercomputing,,,,10.1007/s11227-007-0120-x,Jesus LunaManel MedinaOscar Manso,2007,https://link.springer.com/article/10.1007/s11227-007-0120-x,Article
A Program Transformation for Tracing Functional Logic Computations,Logic-Based Program Synthesis and Transformation,,,,10.1007/978-3-540-71410-1_12,Bernd BrasselSebastian FischerFrank Huch,2007,https://link.springer.com/chapter/10.1007/978-3-540-71410-1_12,Conference paper
Module Extraction and Incremental Classification: A Pragmatic Approach for $\ensuremath{\mathcal{EL}^+}$ Ontologies,The Semantic Web: Research and Applications,,,,10.1007/978-3-540-68234-9_19,Boontawee Suntisrivaraporn,2008,https://link.springer.com/chapter/10.1007/978-3-540-68234-9_19,Conference paper
Scalable Shape Analysis for Systems Code,Computer Aided Verification,,,,10.1007/978-3-540-70545-1_36,Hongseok YangOukseh LeeJosh BerdineCristiano CalcagnoByron CookDino DistefanoPeter O’Hearn,2008,https://link.springer.com/chapter/10.1007/978-3-540-70545-1_36,Conference paper
Extending&#xa0;Automated&#xa0;Compositional&#xa0;Verification to the Full Class of Omega-Regular Languages,Tools and Algorithms for the Construction and Analysis of Systems,,,,10.1007/978-3-540-78800-3_2,Azadeh FarzanYu-Fang ChenEdmund M. ClarkeYih-Kuen TsayBow-Yaw Wang,2008,https://link.springer.com/chapter/10.1007/978-3-540-78800-3_2,Conference paper
Redesign of UML class diagrams: a formal approach,Software & Systems Modeling,,,,10.1007/s10270-007-0068-6,Piotr Kosiuczenko,2007,https://link.springer.com/article/10.1007/s10270-007-0068-6,Article
A Complete Guide to the Future,Programming Languages and Systems,,,,10.1007/978-3-540-71316-6_22,Frank S. de BoerDave ClarkeEinar Broch Johnsen,2007,https://link.springer.com/chapter/10.1007/978-3-540-71316-6_22,Conference paper
Monotonic Abstraction for Programs with Dynamic Memory Heaps,Computer Aided Verification,,,,10.1007/978-3-540-70545-1_33,Parosh Aziz AbdullaAhmed BouajjaniJonathan CederbergFrédéric HazizaAhmed Rezine,2008,https://link.springer.com/chapter/10.1007/978-3-540-70545-1_33,Conference paper
Dynamic Verification of MPI Programs with Reductions in Presence of Split Operations and Relaxed Orderings,Computer Aided Verification,,,,10.1007/978-3-540-70545-1_9,Sarvani VakkalankaGanesh GopalakrishnanRobert M. Kirby,2008,https://link.springer.com/chapter/10.1007/978-3-540-70545-1_9,Conference paper
Instrumentation of Open-Source Software for Intrusion Detection,Runtime Verification,,,,10.1007/978-3-540-77395-5_13,William MahoneyWilliam Sousan,2007,https://link.springer.com/chapter/10.1007/978-3-540-77395-5_13,Conference paper
"A General Tableau Method for Deciding Description Logics, Modal Logics and Related First-Order Fragments",Automated Reasoning,,,,10.1007/978-3-540-71070-7_17,Renate A. SchmidtDmitry Tishkovsky,2008,https://link.springer.com/chapter/10.1007/978-3-540-71070-7_17,Conference paper
Formal Functional Verification of Device Drivers,"Verified Software: Theories, Tools, Experiments",,,,10.1007/978-3-540-87873-5_19,Eyad AlkassarMark A. Hillebrand,2008,https://link.springer.com/chapter/10.1007/978-3-540-87873-5_19,Conference paper
Formal Testing of Multimodal Interactive Systems,Engineering Interactive Systems,,,,10.1007/978-3-540-92698-6_3,Jullien BouchetLaya MadaniLaurence NigayCatherine OriatIoannis Parissis,2008,https://link.springer.com/chapter/10.1007/978-3-540-92698-6_3,Conference paper
Test Case Generation for Ultimately Periodic Paths,Hardware and Software: Verification and Testing,,,,10.1007/978-3-540-77966-7_12,Saddek BensalemDoron PeledHongyang QuStavros TripakisLenore Zuck,2008,https://link.springer.com/chapter/10.1007/978-3-540-77966-7_12,Conference paper
Resource-Aware Verification Using Randomized Exploration of Large State Spaces,Model Checking Software,,,,10.1007/978-3-540-85114-1_16,Nazha AbedStavros TripakisJean-Marc Vincent,2008,https://link.springer.com/chapter/10.1007/978-3-540-85114-1_16,Conference paper
Negative Ternary Set-Sharing,Logic Programming,,,,10.1007/978-3-540-89982-2_30,Eric TriasJorge NavasElena S. AckleyStephanie ForrestM. Hermenegildo,2008,https://link.springer.com/chapter/10.1007/978-3-540-89982-2_30,Conference paper
Model Checking Recursive Programs with Exact Predicate Abstraction,Automated Technology for Verification and Analysis,,,,10.1007/978-3-540-88387-6_9,Arie GurfinkelOu WeiMarsha Chechik,2008,https://link.springer.com/chapter/10.1007/978-3-540-88387-6_9,Conference paper
Software quality estimation with limited fault data: a semi-supervised learning perspective,Software Quality Journal,,,,10.1007/s11219-007-9013-8,Naeem SeliyaTaghi M. Khoshgoftaar,2007,https://link.springer.com/article/10.1007/s11219-007-9013-8,Article
A Time and Interaction Model for Open Distributed Timing Computation,Algorithms and Architectures for Parallel Processing,,,,10.1007/978-3-540-72905-1_8,Limin ShenShangping RenFeng LiYunfeng Mu,2007,https://link.springer.com/chapter/10.1007/978-3-540-72905-1_8,Conference paper
Automatic Testing from Formal Specifications,Tests and Proofs,,,,10.1007/978-3-540-73770-4_6,Manoranjan SatpathyMichael ButlerMichael LeuschelS. Ramesh,2007,https://link.springer.com/chapter/10.1007/978-3-540-73770-4_6,Conference paper
Computing Simulations over Tree Automata,Tools and Algorithms for the Construction and Analysis of Systems,,,,10.1007/978-3-540-78800-3_8,Parosh A. AbdullaAhmed BouajjaniLukáš HolíkLisa KaatiTomáš Vojnar,2008,https://link.springer.com/chapter/10.1007/978-3-540-78800-3_8,Conference paper
Formal Specification of the OpenMP Memory Model,OpenMP Shared Memory Parallel Programming,,,,10.1007/978-3-540-68555-5_27,Greg BronevetskyBronis R. de Supinski,2008,https://link.springer.com/chapter/10.1007/978-3-540-68555-5_27,Conference paper
Employing user profiles to test a new version of a GUI component in its context of use,Software Quality Journal,,,,10.1007/s11219-006-0040-7,Atif M. Memon,2006,https://link.springer.com/article/10.1007/s11219-006-0040-7,Article
"Workcraft: A Static Data Flow Structure Editing, Visualisation and Analysis Tool",Petri Nets and Other Models of Concurrency – ICATPN 2007,,,,10.1007/978-3-540-73094-1_30,Ivan PoliakovDanil SokolovAndrey Mokhov,2007,https://link.springer.com/chapter/10.1007/978-3-540-73094-1_30,Conference paper
KeY-C: A Tool for Verification of C Programs,Automated Deduction – CADE-21,,,,10.1007/978-3-540-73595-3_27,Oleg MürkDaniel LarssonReiner Hähnle,2007,https://link.springer.com/chapter/10.1007/978-3-540-73595-3_27,Conference paper
An Abstract Domain for Analyzing Heap-Manipulating Low-Level Software,Computer Aided Verification,,,,10.1007/978-3-540-73368-3_42,Sumit GulwaniAshish Tiwari,2007,https://link.springer.com/chapter/10.1007/978-3-540-73368-3_42,Conference paper
Efficient Modeling of Concurrent Systems in BMC,Model Checking Software,,,,10.1007/978-3-540-85114-1_10,Malay K. GanaiAarti Gupta,2008,https://link.springer.com/chapter/10.1007/978-3-540-85114-1_10,Conference paper
A Race-Detection and Flipping Algorithm for Automated Testing of Multi-threaded Programs,"Hardware and Software, Verification and Testing",,,,10.1007/978-3-540-70889-6_13,Koushik SenGul Agha,2007,https://link.springer.com/chapter/10.1007/978-3-540-70889-6_13,Conference paper
Verification of Model Transformations: A Case Study with BPEL,Trustworthy Global Computing,,,,10.1007/978-3-540-75336-0_12,Luciano BaresiKarsten EhrigReiko Heckel,2007,https://link.springer.com/chapter/10.1007/978-3-540-75336-0_12,Conference paper
Automata Based Interfaces for Control and Scheduling,Hybrid Systems: Computation and Control,,,,10.1007/978-3-540-71493-4_46,Gera WeissRajeev Alur,2007,https://link.springer.com/chapter/10.1007/978-3-540-71493-4_46,Conference paper
BRNGLR: a cubic Tomita-style GLR parsing algorithm,Acta Informatica,,,,10.1007/s00236-007-0054-z,Elizabeth ScottAdrian JohnstoneRob Economopoulos,2007,https://link.springer.com/article/10.1007/s00236-007-0054-z,Article
"Architectural Design, Behavior Modeling and Run-Time Verification of Network Embedded Systems",Reliable Systems on Unreliable Networked Platforms,,,,10.1007/978-3-540-71156-8_15,Man-Tak ShingDoron Drusinsky,2007,https://link.springer.com/chapter/10.1007/978-3-540-71156-8_15,Conference paper
"Rebeca: Theory, Applications, and Tools",Formal Methods for Components and Objects,,,,10.1007/978-3-540-74792-5_5,Marjan Sirjani,2007,https://link.springer.com/chapter/10.1007/978-3-540-74792-5_5,Conference paper
The KeY system 1.0 (Deduction Component),Automated Deduction – CADE-21,,,,10.1007/978-3-540-73595-3_26,Bernhard BeckertMartin GieseReiner HähnleVladimir KlebanovPhilipp RümmerSteffen SchlagerPeter H. Schmitt,2007,https://link.springer.com/chapter/10.1007/978-3-540-73595-3_26,Conference paper
Runtime Checking for Program Verification,Runtime Verification,,,,10.1007/978-3-540-77395-5_17,Karen ZeeViktor KuncakMichael TaylorMartin Rinard,2007,https://link.springer.com/chapter/10.1007/978-3-540-77395-5_17,Conference paper
Verifying Object-Oriented Programs with KeY: A&#xa0;Tutorial,Formal Methods for Components and Objects,,,,10.1007/978-3-540-74792-5_4,Wolfgang AhrendtBernhard BeckertReiner HähnlePhilipp RümmerPeter H. Schmitt,2007,https://link.springer.com/chapter/10.1007/978-3-540-74792-5_4,Conference paper
Scoped Types and Aspects for Real-Time Java,ECOOP 2006 – Object-Oriented Programming,,,,10.1007/11785477_7,Chris AndreaeYvonne CoadyCelina GibbsJames NobleJan VitekTian Zhao,2006,https://link.springer.com/chapter/10.1007/11785477_7,Conference paper
Integration of an Action Language Via UML Action Semantics,Trends in Enterprise Application Architecture,,,,10.1007/978-3-540-75912-6_13,Claudius HeitzPeter ThiemannThomas Wölfle,2007,https://link.springer.com/chapter/10.1007/978-3-540-75912-6_13,Conference paper
"Verifying Distributed, Event-Based Middleware Applications Using Domain-Specific Software Model Checking",Formal Methods for Open Object-Based Distributed Systems,,,,10.1007/978-3-540-72952-5_3,L. Ruhai CaiJeremy S. BradburyJuergen Dingel,2007,https://link.springer.com/chapter/10.1007/978-3-540-72952-5_3,Conference paper
Prototyping 3APL in the Maude Term Rewriting Language,Computational Logic in Multi-Agent Systems,,,,10.1007/978-3-540-69619-3_6,M. Birna van RiemsdijkFrank S. de BoerMehdi DastaniJohn-Jules Ch. Meyer,2007,https://link.springer.com/chapter/10.1007/978-3-540-69619-3_6,Conference paper
Automatic Binding-Related Error Diagnosis in Logic Programs,Logic Programming,,,,10.1007/978-3-540-74610-2_23,Paweł PietrzakManuel V. Hermenegildo,2007,https://link.springer.com/chapter/10.1007/978-3-540-74610-2_23,Conference paper
ARVE: Aspect-Oriented Runtime Verification Environment,Runtime Verification,,,,10.1007/978-3-540-77395-5_8,Hiromasa ShinYusuke EndohYoshio Kataoka,2007,https://link.springer.com/chapter/10.1007/978-3-540-77395-5_8,Conference paper
Small Witnesses for Abstract Interpretation-Based Proofs,Programming Languages and Systems,,,,10.1007/978-3-540-71316-6_19,Frédéric BessonThomas JensenTiphaine Turpin,2007,https://link.springer.com/chapter/10.1007/978-3-540-71316-6_19,Conference paper
Current Issues in Multi-Agent Systems Development,Engineering Societies in the Agents World VII,,,,10.1007/978-3-540-75524-1_3,Rafael H. BordiniMehdi DastaniMichael Winikoff,2007,https://link.springer.com/chapter/10.1007/978-3-540-75524-1_3,Conference paper
On Formal Analysis of OO Languages Using Rewriting Logic: Designing for Performance,Formal Methods for Open Object-Based Distributed Systems,,,,10.1007/978-3-540-72952-5_7,Mark HillsGrigore Roşu,2007,https://link.springer.com/chapter/10.1007/978-3-540-72952-5_7,Conference paper
ALBA: A Generic Library for Programming Mobile Agents with Prolog,Programming Multi-Agent Systems,,,,10.1007/978-3-540-71956-4_8,Benjamin DevèzeCaroline ChopinaudPatrick Taillibert,2007,https://link.springer.com/chapter/10.1007/978-3-540-71956-4_8,Conference paper
The Maude Formal Tool Environment,Algebra and Coalgebra in Computer Science,,,,10.1007/978-3-540-73859-6_12,Manuel ClavelFrancisco DuránJoe HendrixSalvador LucasJosé MeseguerPeter Ölveczky,2007,https://link.springer.com/chapter/10.1007/978-3-540-73859-6_12,Conference paper
Finite-State Technology as a Programming Environment,Computational Linguistics and Intelligent Text Processing,,,,10.1007/978-3-540-70939-8_9,Shuly Wintner,2007,https://link.springer.com/chapter/10.1007/978-3-540-70939-8_9,Conference paper
A formal model of a system for automated program parallelization,Programming and Computer Software,,,,10.1134/S0361768807040019,V. A. VaseninA. N. Vodomerov,2007,https://link.springer.com/article/10.1134/S0361768807040019,Article
Model Checking of Extended OCL Constraints on UML Models in SOCLe,Formal Methods for Open Object-Based Distributed Systems,,,,10.1007/978-3-540-72952-5_4,John MullinsRaveca Oarga,2007,https://link.springer.com/chapter/10.1007/978-3-540-72952-5_4,Conference paper
Architectural Verification of Black-Box Component-Based Systems,Rapid Integration of Software Engineering Techniques,,,,10.1007/978-3-540-71876-5_7,Antonia BertolinoHenry MucciniAndrea Polini,2007,https://link.springer.com/chapter/10.1007/978-3-540-71876-5_7,Conference paper
Exhaustive Testing of Exception Handlers with Enforcer,Formal Methods for Components and Objects,,,,10.1007/978-3-540-74792-5_2,Cyrille ArthoArmin BiereShinichi Honiden,2007,https://link.springer.com/chapter/10.1007/978-3-540-74792-5_2,Conference paper
Certified Development Tools Implementation in Objective Caml,Practical Aspects of Declarative Languages,,,,10.1007/978-3-540-77442-6_2,Bruno PaganoOlivier AndrieuBenjamin CanouEmmanuel ChaillouxJean-Louis ColaçoThomas MoniotPhilippe Wang,2007,https://link.springer.com/chapter/10.1007/978-3-540-77442-6_2,Conference paper
TTCN-3 for Distributed Testing Embedded Software,Perspectives of Systems Informatics,,,,10.1007/978-3-540-70881-0_11,Stefan BlomThomas DeißNatalia IoustinovaAri KontioJaco van de PolAxel RennochNatalia Sidorova,2007,https://link.springer.com/chapter/10.1007/978-3-540-70881-0_11,Conference paper
Algorithms for Interface Synthesis,Computer Aided Verification,,,,10.1007/978-3-540-73368-3_4,Dirk BeyerThomas A. HenzingerVasu Singh,2007,https://link.springer.com/chapter/10.1007/978-3-540-73368-3_4,Conference paper
OpenComRTOS: An Ultra-Small Network Centric Embedded RTOS Designed Using Formal Modeling,SDL 2007: Design for Dependable Systems,,,,10.1007/978-3-540-74984-4_16,Eric VerhulstGjalt de Jong,2007,https://link.springer.com/chapter/10.1007/978-3-540-74984-4_16,Conference paper
Logical Interpretation: Static Program Analysis Using Theorem Proving,Automated Deduction – CADE-21,,,,10.1007/978-3-540-73595-3_11,Ashish TiwariSumit Gulwani,2007,https://link.springer.com/chapter/10.1007/978-3-540-73595-3_11,Conference paper
Validating Z Specifications Using the ProB Animator and Model Checker,Integrated Formal Methods,,,,10.1007/978-3-540-73210-5_25,Daniel PlaggeMichael Leuschel,2007,https://link.springer.com/chapter/10.1007/978-3-540-73210-5_25,Conference paper
Combining Formal Methods and Aspects for Specifying and Enforcing Architectural Invariants,Coordination Models and Languages,,,,10.1007/978-3-540-72794-1_12,Slim KallelAnis CharfiMira MeziniMohamed Jmaiel,2007,https://link.springer.com/chapter/10.1007/978-3-540-72794-1_12,Conference paper
Choosing a Test Modeling Language: A Survey,"Hardware and Software, Verification and Testing",,,,10.1007/978-3-540-70889-6_16,Alan HartmanMika KataraSergey Olvovsky,2007,https://link.springer.com/chapter/10.1007/978-3-540-70889-6_16,Conference paper
LTL Satisfiability Checking,Model Checking Software,,,,10.1007/978-3-540-73370-6_11,Kristin Y. RozierMoshe Y. Vardi,2007,https://link.springer.com/chapter/10.1007/978-3-540-73370-6_11,Conference paper
Formalizing SANE Virtual Processor in Thread Algebra,Formal Methods and Software Engineering,,,,10.1007/978-3-540-76650-6_20,Thuy Duong VuChris Jesshope,2007,https://link.springer.com/chapter/10.1007/978-3-540-76650-6_20,Conference paper
Operational Semantics of Framed Temporal Logic Programs,SOFSEM 2007: Theory and Practice of Computer Science,,,,10.1007/978-3-540-69507-3_49,Xiaoxiao YangZhenhua Duan,2007,https://link.springer.com/chapter/10.1007/978-3-540-69507-3_49,Conference paper
Redundancy Based Test-Suite Reduction,Fundamental Approaches to Software Engineering,,,,10.1007/978-3-540-71289-3_23,Gordon FraserFranz Wotawa,2007,https://link.springer.com/chapter/10.1007/978-3-540-71289-3_23,Conference paper
Modular Shape Analysis for Dynamically Encapsulated Programs,Programming Languages and Systems,,,,10.1007/978-3-540-71316-6_16,N. RinetzkyA. Poetzsch-HeffterG. RamalingamM. SagivE. Yahav,2007,https://link.springer.com/chapter/10.1007/978-3-540-71316-6_16,Conference paper
Automated Verification of Security Policies in Mobile Code,Integrated Formal Methods,,,,10.1007/978-3-540-73210-5_3,Chiara BraghinNatasha SharyginaKaterina Barone-Adesi,2007,https://link.springer.com/chapter/10.1007/978-3-540-73210-5_3,Conference paper
An Improved Continuation Call-Based Implementation of Tabling,Practical Aspects of Declarative Languages,,,,10.1007/978-3-540-77442-6_14,Pablo Chico de GuzmánManuel CarroManuel V. HermenegildoCláudio SilvaRicardo Rocha,2007,https://link.springer.com/chapter/10.1007/978-3-540-77442-6_14,Conference paper
Model-Driven Construction of Certified Binaries,Model Driven Engineering Languages and Systems,,,,10.1007/978-3-540-75209-7_45,Sagar ChakiJames IversPeter LeeKurt WallnauNoam Zeilberger,2007,https://link.springer.com/chapter/10.1007/978-3-540-75209-7_45,Conference paper
Using model-checkers to generate and analyze property relevant test-cases,Software Quality Journal,,,,10.1007/s11219-007-9031-6,Gordon FraserFranz Wotawa,2007,https://link.springer.com/article/10.1007/s11219-007-9031-6,Article
Encoding Mobile Ambients into the π-Calculus,Perspectives of Systems Informatics,,,,10.1007/978-3-540-70881-0_15,Gabriel CiobanuVladimir A. Zakharov,2007,https://link.springer.com/chapter/10.1007/978-3-540-70881-0_15,Conference paper
ExpliSAT: Guiding SAT-Based Software Verification with Explicit States,"Hardware and Software, Verification and Testing",,,,10.1007/978-3-540-70889-6_11,Sharon BarnerCindy EisnerZiv GlazbergDaniel KroeningIshai Rabinovitz,2007,https://link.springer.com/chapter/10.1007/978-3-540-70889-6_11,Conference paper
A ρ-calculus of explicit constraint application,Higher-Order and Symbolic Computation,,,,10.1007/s10990-007-9004-2,Horatiu CirsteaGermain FaureClaude Kirchner,2007,https://link.springer.com/article/10.1007/s10990-007-9004-2,Article
Options in Readylog Reloaded&#xa0;–&#xa0;Generating Decision-Theoretic Plan Libraries in Golog,KI 2007: Advances in Artificial Intelligence,,,,10.1007/978-3-540-74565-5_27,Lutz BöhnstedtAlexander FerreinGerhard Lakemeyer,2007,https://link.springer.com/chapter/10.1007/978-3-540-74565-5_27,Conference paper
Model Extraction for ARINC 653 Based Avionics Software,Model Checking Software,,,,10.1007/978-3-540-73370-6_16,Pedro de la CámaraMaría del Mar GallardoPedro Merino,2007,https://link.springer.com/chapter/10.1007/978-3-540-73370-6_16,Conference paper
Inferring specifications to detect errors in code,Automated Software Engineering,,,,10.1007/s10515-006-0005-x,Mana TaghdiriDaniel Jackson,2006,https://link.springer.com/article/10.1007/s10515-006-0005-x,Article
KeY: A Formal Method for Object-Oriented Systems,Formal Methods for Open Object-Based Distributed Systems,,,,10.1007/978-3-540-72952-5_2,Wolfgang AhrendtBernhard BeckertReiner HähnlePeter H. Schmitt,2007,https://link.springer.com/chapter/10.1007/978-3-540-72952-5_2,Conference paper
Declarative Diagnosis of Temporal Concurrent Constraint Programs,Logic Programming,,,,10.1007/978-3-540-74610-2_19,M. FalaschiC. OlarteC. PalamidessiF. Valencia,2007,https://link.springer.com/chapter/10.1007/978-3-540-74610-2_19,Conference paper
Decision problems for pushdown threads,Acta Informatica,,,,10.1007/s00236-007-0040-5,Jan A. BergstraInge BethkeAlban Ponse,2007,https://link.springer.com/article/10.1007/s00236-007-0040-5,Article
A Semantic Characterization of Unbounded-Nondeterministic Abstract State Machines,Algebra and Coalgebra in Computer Science,,,,10.1007/978-3-540-73859-6_17,Andreas GlauschWolfgang Reisig,2007,https://link.springer.com/chapter/10.1007/978-3-540-73859-6_17,Conference paper
Automation of Avionic Systems Testing,Testing of Software and Communicating Systems,,,,10.1007/978-3-540-73066-8_3,David CebriánValentín ValeroFernando Cuartero,2007,https://link.springer.com/chapter/10.1007/978-3-540-73066-8_3,Conference paper
A C-Language Binding for PSL,Embedded Software and Systems,,,,10.1007/978-3-540-72685-2_54,Ping Hang CheungAlessandro Forin,2007,https://link.springer.com/chapter/10.1007/978-3-540-72685-2_54,Conference paper
Verifying Erlang/OTP Components in μCRL,Formal Techniques for Networked and Distributed Systems – FORTE 2007,,,,10.1007/978-3-540-73196-2_15,Qiang Guo,2007,https://link.springer.com/chapter/10.1007/978-3-540-73196-2_15,Conference paper
GateScript: A Scripting Language for Generic Active Gateways,Active Networks,,,,10.1007/978-3-540-71500-9_1,Hoa-Binh NguyenAndrzej Duda,2007,https://link.springer.com/chapter/10.1007/978-3-540-71500-9_1,Conference paper
The ComBack Method – Extending Hash Compaction with Backtracking,Petri Nets and Other Models of Concurrency – ICATPN 2007,,,,10.1007/978-3-540-73094-1_26,Michael WestergaardLars Michael KristensenGerth Stølting BrodalLars Arge,2007,https://link.springer.com/chapter/10.1007/978-3-540-73094-1_26,Conference paper
Optimized Execution of Deterministic Blocks in Java PathFinder,Formal Methods and Software Engineering,,,,10.1007/11901433_30,Marcelo d’AmorimAhmed SobeihDarko Marinov,2006,https://link.springer.com/chapter/10.1007/11901433_30,Conference paper
Designing Consistent Multimedia Documents: The RT-LOTOS Methodology,Formal Modeling and Analysis of Timed Systems,,,,10.1007/978-3-540-75454-1_21,Paulo Nazareno Maia SampaioLaura Margarita Rodríguez PeraltaJean-Pierre Courtiat,2007,https://link.springer.com/chapter/10.1007/978-3-540-75454-1_21,Conference paper
TPLan-A Notation for Expressing Test Purposes,Testing of Software and Communicating Systems,,,,10.1007/978-3-540-73066-8_20,Stephan SchulzAnthony WilesSteve Randall,2007,https://link.springer.com/chapter/10.1007/978-3-540-73066-8_20,Conference paper
Transparently Reconciling Transactions with Locking for Java Synchronization,ECOOP 2006 – Object-Oriented Programming,,,,10.1007/11785477_8,Adam WelcAntony L. HoskingSuresh Jagannathan,2006,https://link.springer.com/chapter/10.1007/11785477_8,Conference paper
From Declarative to Imperative UML/OCL Operation Specifications,Conceptual Modeling - ER 2007,,,,10.1007/978-3-540-75563-0_15,Jordi Cabot,2007,https://link.springer.com/chapter/10.1007/978-3-540-75563-0_15,Conference paper
Algebraic Models of Simultaneous Multithreaded and Multi-core Processors,Algebra and Coalgebra in Computer Science,,,,10.1007/978-3-540-73859-6_20,N. A. Harman,2007,https://link.springer.com/chapter/10.1007/978-3-540-73859-6_20,Conference paper
Synchronous cooperation for explicit multi-threading,Acta Informatica,,,,10.1007/s00236-007-0057-9,J. A. BergstraC. A. Middelburg,2007,https://link.springer.com/article/10.1007/s00236-007-0057-9,Article
Experiments on Generating Questions About Facts,Computational Linguistics and Intelligent Text Processing,,,,10.1007/978-3-540-70939-8_39,Vasile RusZhiqiang CaiArthur C. Graesser,2007,https://link.springer.com/chapter/10.1007/978-3-540-70939-8_39,Conference paper
Explaining Intermittent Concurrent Bugs by Minimizing Scheduling Noise,"Hardware and Software, Verification and Testing",,,,10.1007/978-3-540-70889-6_14,Yaniv EytaniTimo Latvala,2007,https://link.springer.com/chapter/10.1007/978-3-540-70889-6_14,Conference paper
Flexible and Extensible Notations for Modeling Languages,Fundamental Approaches to Software Engineering,,,,10.1007/978-3-540-71289-3_9,Jimin GaoMats HeimdahlEric Van Wyk,2007,https://link.springer.com/chapter/10.1007/978-3-540-71289-3_9,Conference paper
White-Box Testing by Combining Deduction-Based Specification Extraction and Black-Box Testing,Tests and Proofs,,,,10.1007/978-3-540-73770-4_12,Bernhard BeckertChristoph Gladisch,2007,https://link.springer.com/chapter/10.1007/978-3-540-73770-4_12,Conference paper
Verifying Multi-agent Programs by Model Checking,Autonomous Agents and Multi-Agent Systems,,,,10.1007/s10458-006-5955-7,Rafael H. BordiniMichael FisherWillem VisserMichael Wooldridge,2006,https://link.springer.com/article/10.1007/s10458-006-5955-7,Article
Resource-Oriented Deadlock Analysis,Logic Programming,,,,10.1007/978-3-540-74610-2_21,Lee Naish,2007,https://link.springer.com/chapter/10.1007/978-3-540-74610-2_21,Conference paper
Formalising C and C++ for Use in High Integrity Systems,The Safety of Systems,,,,10.1007/978-1-84628-806-7_15,C M O’HalloranC H Pygott,2007,https://link.springer.com/chapter/10.1007/978-1-84628-806-7_15,Conference paper
Configurable Software Verification: Concretizing the Convergence of Model Checking and Program Analysis,Computer Aided Verification,,,,10.1007/978-3-540-73368-3_51,Dirk BeyerThomas A. HenzingerGrégory Théoduloz,2007,https://link.springer.com/chapter/10.1007/978-3-540-73368-3_51,Conference paper
Formal Engineering of XACML Access Control Policies in VDM++,Formal Methods and Software Engineering,,,,10.1007/978-3-540-76650-6_4,Jeremy W. BryansJohn S. Fitzgerald,2007,https://link.springer.com/chapter/10.1007/978-3-540-76650-6_4,Conference paper
Simulator for Real-Time Abstract State Machines,Formal Modeling and Analysis of Timed Systems,,,,10.1007/11867340_24,Pavel Vasilyev,2006,https://link.springer.com/chapter/10.1007/11867340_24,Conference paper
Runtime Verification of Interactions: From MSCs to Aspects,Runtime Verification,,,,10.1007/978-3-540-77395-5_6,Ingolf H. KrügerMichael MeisingerMassimiliano Menarini,2007,https://link.springer.com/chapter/10.1007/978-3-540-77395-5_6,Conference paper
Integrated Definition of Abstract and Concrete Syntax for Textual Languages,Model Driven Engineering Languages and Systems,,,,10.1007/978-3-540-75209-7_20,Holger KrahnBernhard RumpeSteven Völkel,2007,https://link.springer.com/chapter/10.1007/978-3-540-75209-7_20,Conference paper
Incorporating Tables into Proofs,Computer Science Logic,,,,10.1007/978-3-540-74915-8_35,Dale MillerVivek Nigam,2007,https://link.springer.com/chapter/10.1007/978-3-540-74915-8_35,Conference paper
A Case Study in Domain-Customized Model Checking for Real-Time Component Software,Leveraging Applications of Formal Methods,,,,10.1007/11925040_11,Matthew HoosierMatthew B. DwyerRobbyJohn Hatcliff,2006,https://link.springer.com/chapter/10.1007/11925040_11,Conference paper
A Compositional Testing Framework Driven by Partial Specifications,Testing of Software and Communicating Systems,,,,10.1007/978-3-540-73066-8_8,Yliès FalconeJean-Claude FernandezLaurent MounierJean-Luc Richier,2007,https://link.springer.com/chapter/10.1007/978-3-540-73066-8_8,Conference paper
Automatic Translation from Combined B and CSP Specification to Java Programs,B 2007: Formal Specification and Development in B,,,,10.1007/11955757_8,Letu YangMichael R. Poppleton,2006,https://link.springer.com/chapter/10.1007/11955757_8,Conference paper
Formal Reasoning About Non-atomic Java Card Methods in Dynamic Logic,FM 2006: Formal Methods,,,,10.1007/11813040_30,Wojciech Mostowski,2006,https://link.springer.com/chapter/10.1007/11813040_30,Conference paper
Transformations of UML 2 Models Using Concrete Syntax Patterns,Rapid Integration of Software Engineering Techniques,,,,10.1007/978-3-540-71876-5_9,Markus Schmidt,2007,https://link.springer.com/chapter/10.1007/978-3-540-71876-5_9,Conference paper
Cartesian Partial-Order Reduction,Model Checking Software,,,,10.1007/978-3-540-73370-6_8,Guy GuetaCormac FlanaganEran YahavMooly Sagiv,2007,https://link.springer.com/chapter/10.1007/978-3-540-73370-6_8,Conference paper
Model Checking Temporal Metric Specifications with Trio2Promela,International Symposium on Fundamentals of Software Engineering,,,,10.1007/978-3-540-75698-9_26,Domenico BianculliPaola SpoletiniAngelo MorzentiMatteo PradellaPierluigi San Pietro,2007,https://link.springer.com/chapter/10.1007/978-3-540-75698-9_26,Conference paper
DynAlloy as a Formal Method for the Analysis of Java Programs,Software Engineering Techniques: Design for Quality,,,,10.1007/978-0-387-39388-9_24,Juan P. GaleottiMarcelo F. Frias,2006,https://link.springer.com/chapter/10.1007/978-0-387-39388-9_24,Conference paper
Utilising Code Smells to Detect Quality Problems in TTCN-3 Test Suites,Testing of Software and Communicating Systems,,,,10.1007/978-3-540-73066-8_16,Helmut NeukirchenMartin Bisanz,2007,https://link.springer.com/chapter/10.1007/978-3-540-73066-8_16,Conference paper
A Representation-Independent Behavioral Semantics for Object-Oriented Components,Formal Methods for Open Object-Based Distributed Systems,,,,10.1007/978-3-540-72952-5_10,Arnd Poetzsch-HeffterJan Schäfer,2007,https://link.springer.com/chapter/10.1007/978-3-540-72952-5_10,Conference paper
Complete Formal Specification of the OpenMP Memory Model,International Journal of Parallel Programming,,,,10.1007/s10766-007-0051-4,Greg BronevetskyBronis R. de Supinski,2007,https://link.springer.com/article/10.1007/s10766-007-0051-4,Article
Extracting Zing Models from C Source Code,SOFSEM 2007: Theory and Practice of Computer Science,,,,10.1007/978-3-540-69507-3_78,Tomas MatousekFilip Zavoral,2007,https://link.springer.com/chapter/10.1007/978-3-540-69507-3_78,Conference paper
Verification of Multi-agent Negotiations Using the Alloy Analyzer,Integrated Formal Methods,,,,10.1007/978-3-540-73210-5_26,Rodion PodorozhnySarfraz KhurshidDewayne PerryXiaoqin Zhang,2007,https://link.springer.com/chapter/10.1007/978-3-540-73210-5_26,Conference paper
Well-structured languages,Acta Informatica,,,,10.1007/s00236-007-0050-3,Gilles GeeraertsJean-François RaskinLaurent Van Begin,2007,https://link.springer.com/article/10.1007/s00236-007-0050-3,Article
MAVEN: Modular Aspect Verification,Tools and Algorithms for the Construction and Analysis of Systems,,,,10.1007/978-3-540-71209-1_24,Max GoldmanShmuel Katz,2007,https://link.springer.com/chapter/10.1007/978-3-540-71209-1_24,Conference paper
Analysis of Imperative XML Programs,Database Programming Languages,,,,10.1007/978-3-540-75987-4_15,Michael G. BurkeIgor PeshanskyMukund RaghavachariChristoph Reichenbach,2007,https://link.springer.com/chapter/10.1007/978-3-540-75987-4_15,Conference paper
Composite Contract Enforcement in Hierarchical Component Systems,Software Composition,,,,10.1007/978-3-540-77351-1_3,Philippe ColletJacques MalenfantAlain OzanneNicolas Rivierre,2007,https://link.springer.com/chapter/10.1007/978-3-540-77351-1_3,Conference paper
2 nd UML 2 Semantics Symposium: Formal Semantics for UML,Models in Software Engineering,,,,10.1007/978-3-540-69489-2_39,Manfred BroyMichelle L. CraneJuergen DingelAlan HartmanBernhard RumpeBran Selic,2007,https://link.springer.com/chapter/10.1007/978-3-540-69489-2_39,Conference paper
Zone-Based Universality Analysis for Single-Clock Timed Automata,International Symposium on Fundamentals of Software Engineering,,,,10.1007/978-3-540-75698-9_7,Parosh Aziz AbdullaJoël OuaknineKarin QuaasJames Worrell,2007,https://link.springer.com/chapter/10.1007/978-3-540-75698-9_7,Conference paper
Temporal Assertions with Parametrised Propositions,Runtime Verification,,,,10.1007/978-3-540-77395-5_15,Volker Stolz,2007,https://link.springer.com/chapter/10.1007/978-3-540-77395-5_15,Conference paper
A Fully Abstract Trace Semantics for General References,"Automata, Languages and Programming",,,,10.1007/978-3-540-73420-8_58,James Laird,2007,https://link.springer.com/chapter/10.1007/978-3-540-73420-8_58,Conference paper
A Prioritization Approach for Software Test&#xa0;Cases Based on Bayesian Networks,Fundamental Approaches to Software Engineering,,,,10.1007/978-3-540-71289-3_22,Siavash MirarabLadan Tahvildari,2007,https://link.springer.com/chapter/10.1007/978-3-540-71289-3_22,Conference paper
"The Good, the Bad, and the Ugly, But How Ugly Is Ugly?",Runtime Verification,,,,10.1007/978-3-540-77395-5_11,Andreas BauerMartin LeuckerChristian Schallhart,2007,https://link.springer.com/chapter/10.1007/978-3-540-77395-5_11,Conference paper
Type-Based Analysis of Deadlock for a Concurrent Calculus with Interrupts,Programming Languages and Systems,,,,10.1007/978-3-540-71316-6_33,Kohei SuenagaNaoki Kobayashi,2007,https://link.springer.com/chapter/10.1007/978-3-540-71316-6_33,Conference paper
Monitoring of Real-Time Properties,FSTTCS 2006: Foundations of Software Technology and Theoretical Computer Science,,,,10.1007/11944836_25,Andreas BauerMartin LeuckerChristian Schallhart,2006,https://link.springer.com/chapter/10.1007/11944836_25,Conference paper
PReMo: An Analyzer for Probabilistic Recursive Models,Tools and Algorithms for the Construction and Analysis of Systems,,,,10.1007/978-3-540-71209-1_7,Dominik WojtczakKousha Etessami,2007,https://link.springer.com/chapter/10.1007/978-3-540-71209-1_7,Conference paper
CAOS: A Domain-Specific Language for the Parallel Simulation of Cellular Automata,Parallel Computing Technologies,,,,10.1007/978-3-540-73940-1_41,Clemens GrelckFrank PenczekKai Trojahner,2007,https://link.springer.com/chapter/10.1007/978-3-540-73940-1_41,Conference paper
Practical Reasoning About Invocations and Implementations of Pure Methods,Fundamental Approaches to Software Engineering,,,,10.1007/978-3-540-71289-3_26,Ádám DarvasK. Rustan M. Leino,2007,https://link.springer.com/chapter/10.1007/978-3-540-71289-3_26,Conference paper
COBA 2.0: A Consistency-Based Belief Change System,Symbolic and Quantitative Approaches to Reasoning with Uncertainty,,,,10.1007/978-3-540-75256-1_10,James P. DelgrandeDaphne H. LiuTorsten SchaubSven Thiele,2007,https://link.springer.com/chapter/10.1007/978-3-540-75256-1_10,Conference paper
Development of Interactive Logger for Understanding User’s Interaction with Mobile Phone,Human-Computer Interaction. Interaction Platforms and Techniques,,,,10.1007/978-3-540-73107-8_44,Daeeop KimKun-pyo Lee,2007,https://link.springer.com/chapter/10.1007/978-3-540-73107-8_44,Conference paper
Regular Model Checking Without Transducers (On Efficient Verification of Parameterized Systems),Tools and Algorithms for the Construction and Analysis of Systems,,,,10.1007/978-3-540-71209-1_56,Parosh Aziz AbdullaGiorgio DelzannoNoomene Ben HendaAhmed Rezine,2007,https://link.springer.com/chapter/10.1007/978-3-540-71209-1_56,Conference paper
Distributed Analysis with μCRL: A Compendium of Case Studies,Tools and Algorithms for the Construction and Analysis of Systems,,,,10.1007/978-3-540-71209-1_53,Stefan BlomJens R. CalaméBert LisserSimona OrzanJun PangJaco van de PolMohammad Torabi DashtiAnton J. Wijs,2007,https://link.springer.com/chapter/10.1007/978-3-540-71209-1_53,Conference paper
Refining Interface Alphabets for Compositional Verification,Tools and Algorithms for the Construction and Analysis of Systems,,,,10.1007/978-3-540-71209-1_23,Mihaela GheorghiuDimitra GiannakopoulouCorina S. Păsăreanu,2007,https://link.springer.com/chapter/10.1007/978-3-540-71209-1_23,Conference paper
A Monad-Based Modeling and Verification Toolbox with Application to Security Protocols,Theorem Proving in Higher Order Logics,,,,10.1007/978-3-540-74591-4_23,Christoph SprengerDavid Basin,2007,https://link.springer.com/chapter/10.1007/978-3-540-74591-4_23,Conference paper
A XML Script-Based Testing Tool for Embedded Softwares,Computational Science and Its Applications – ICCSA 2007,,,,10.1007/978-3-540-74477-1_73,Jongbae MoonDonggyu KwakYongyun ChoSangjoon ParkJongchan Lee,2007,https://link.springer.com/chapter/10.1007/978-3-540-74477-1_73,Conference paper
Multi-paradigm Declarative Languages,Logic Programming,,,,10.1007/978-3-540-74610-2_5,Michael Hanus,2007,https://link.springer.com/chapter/10.1007/978-3-540-74610-2_5,Conference paper
Parser Combinators for Ambiguous Left-Recursive Grammars,Practical Aspects of Declarative Languages,,,,10.1007/978-3-540-77442-6_12,Richard A. FrostRahmatullah HafizPaul Callaghan,2007,https://link.springer.com/chapter/10.1007/978-3-540-77442-6_12,Conference paper
"Ivor, a Proof Engine",Implementation and Application of Functional Languages,,,,10.1007/978-3-540-74130-5_9,Edwin Brady,2007,https://link.springer.com/chapter/10.1007/978-3-540-74130-5_9,Conference paper
Machine-Assisted Proof Support for Validation Beyond Simulink,Formal Methods and Software Engineering,,,,10.1007/978-3-540-76650-6_7,Chunqing ChenJin Song DongJun Sun,2007,https://link.springer.com/chapter/10.1007/978-3-540-76650-6_7,Conference paper
Piecewise Modelling with State Subtypes,Model Driven Engineering Languages and Systems,,,,10.1007/978-3-540-75209-7_13,Friedrich SteimannThomas Kühne,2007,https://link.springer.com/chapter/10.1007/978-3-540-75209-7_13,Conference paper
An ASM Semantics of Token Flow in UML 2 Activity Diagrams,Perspectives of Systems Informatics,,,,10.1007/978-3-540-70881-0_30,Stefan SarstedtWalter Guttmann,2007,https://link.springer.com/chapter/10.1007/978-3-540-70881-0_30,Conference paper
Runtime Verification of Java Programs for Scenario-Based Specifications,Reliable Software Technologies – Ada-Europe 2006,,,,10.1007/11767077_8,Li XuandongWang LinzhangQiu XiaokangLei BinYuan JiesongZhao JianhuaZheng Guoliang,2006,https://link.springer.com/chapter/10.1007/11767077_8,Conference paper
Event-driven grammars: relating abstract and concrete levels of visual languages,Software & Systems Modeling,,,,10.1007/s10270-007-0051-2,Esther GuerraJuan de Lara,2007,https://link.springer.com/article/10.1007/s10270-007-0051-2,Article
Two Session Typing Systems for Higher-Order Mobile Processes,Typed Lambda Calculi and Applications,,,,10.1007/978-3-540-73228-0_23,Dimitris MostrousNobuko Yoshida,2007,https://link.springer.com/chapter/10.1007/978-3-540-73228-0_23,Conference paper
Combining Different Proof Techniques for Verifying Information Flow Security,Logic-Based Program Synthesis and Transformation,,,,10.1007/978-3-540-71410-1_8,Heiko MantelHenning SudbrockTina Kraußer,2007,https://link.springer.com/chapter/10.1007/978-3-540-71410-1_8,Conference paper
Security for Multithreaded Programs Under Cooperative Scheduling,Perspectives of Systems Informatics,,,,10.1007/978-3-540-70881-0_43,Alejandro RussoAndrei Sabelfeld,2007,https://link.springer.com/chapter/10.1007/978-3-540-70881-0_43,Conference paper
A formal approach based on UML and B for the specification and development of database applications,Automated Software Engineering,,,,10.1007/s10515-006-0273-5,Amel MammarRégine Laleau,2006,https://link.springer.com/article/10.1007/s10515-006-0273-5,Article
Extracting Purely Functional Contents from Logical Inductive Types,Theorem Proving in Higher Order Logics,,,,10.1007/978-3-540-74591-4_7,David DelahayeCatherine DuboisJean-Frédéric Étienne,2007,https://link.springer.com/chapter/10.1007/978-3-540-74591-4_7,Conference paper
SDL Profiles – Formal Semantics and Tool Support,Fundamental Approaches to Software Engineering,,,,10.1007/978-3-540-71289-3_17,R. GrammesR. Gotzhein,2007,https://link.springer.com/chapter/10.1007/978-3-540-71289-3_17,Conference paper
Checking JML specifications using an extensible software model checking framework,International Journal on Software Tools for Technology Transfer,,,,10.1007/s10009-005-0218-5,RobbyEdwin RodríguezMatthew B. DwyerJohn Hatcliff,2006,https://link.springer.com/article/10.1007/s10009-005-0218-5,Article
A Framework for End-to-End Verification and Evaluation of Register Allocators,Static Analysis,,,,10.1007/978-3-540-74061-2_10,V. Krishna NandivadaFernando Magno Quintão PereiraJens Palsberg,2007,https://link.springer.com/chapter/10.1007/978-3-540-74061-2_10,Conference paper
An Integrated Regression Testing Framework to Multi-Threaded Java Programs,Software Engineering Techniques: Design for Quality,,,,10.1007/978-0-387-39388-9_23,Bixin LiYancheng WangLiLi Yang,2006,https://link.springer.com/chapter/10.1007/978-0-387-39388-9_23,Conference paper
”To Store or Not To Store” Reloaded: Reclaiming Memory on Demand,Formal Methods: Applications and Technology,,,,10.1007/978-3-540-70952-7_4,Moritz HammerMichael Weber,2007,https://link.springer.com/chapter/10.1007/978-3-540-70952-7_4,Conference paper
Validating Evolving Simulations in COERCE,Computational Science – ICCS 2007,,,,10.1007/978-3-540-72584-8_161,Paul F. ReynoldsMichael SpiegelXinyu LiuRoss Gore,2007,https://link.springer.com/chapter/10.1007/978-3-540-72584-8_161,Conference paper
Formally Defining a Graphical Language for Monitoring and Checking Object Interactions,Model Driven Engineering Languages and Systems,,,,10.1007/978-3-540-75209-7_42,Kai XuDonglin Liang,2007,https://link.springer.com/chapter/10.1007/978-3-540-75209-7_42,Conference paper
Gradual Typing for Objects,ECOOP 2007 – Object-Oriented Programming,,,,10.1007/978-3-540-73589-2_2,Jeremy SiekWalid Taha,2007,https://link.springer.com/chapter/10.1007/978-3-540-73589-2_2,Conference paper
Replaying Play In and Play Out: Synthesis of Design Models from Scenarios by Learning,Tools and Algorithms for the Construction and Analysis of Systems,,,,10.1007/978-3-540-71209-1_33,Benedikt BolligJoost-Pieter KatoenCarsten KernMartin Leucker,2007,https://link.springer.com/chapter/10.1007/978-3-540-71209-1_33,Conference paper
Applying OMG D&amp;C Specification and ECA Rules for Autonomous Distributed Component-Based Systems,Models in Software Engineering,,,,10.1007/978-3-540-69489-2_30,Jérémy DubusPhilippe Merle,2007,https://link.springer.com/chapter/10.1007/978-3-540-69489-2_30,Conference paper
An Interaction Protocol for Agent Communication,Multi-Agent Systems and Applications V,,,,10.1007/978-3-540-75254-7_7,Gemma Bel-EnguixM. Adela GrandoM. Dolores Jiménez-López,2007,https://link.springer.com/chapter/10.1007/978-3-540-75254-7_7,Conference paper
Model-Based Testing of Thin-Client Web Applications and Navigation Input,Practical Aspects of Declarative Languages,,,,10.1007/978-3-540-77442-6_20,Pieter KoopmanPeter AchtenRinus Plasmeijer,2007,https://link.springer.com/chapter/10.1007/978-3-540-77442-6_20,Conference paper
Modeling and Validating Distributed Embedded Real-Time Systems with VDM++,FM 2006: Formal Methods,,,,10.1007/11813040_11,Marcel VerhoefPeter Gorm LarsenJozef Hooman,2006,https://link.springer.com/chapter/10.1007/11813040_11,Conference paper
Regulating Data Exchange in Service Oriented Applications,International Symposium on Fundamentals of Software Engineering,,,,10.1007/978-3-540-75698-9_15,Alessandro LapadulaRosario PuglieseFrancesco Tiezzi,2007,https://link.springer.com/chapter/10.1007/978-3-540-75698-9_15,Conference paper
On the Semantics of Matching Trace Monitoring Patterns,Runtime Verification,,,,10.1007/978-3-540-77395-5_2,Pavel AvgustinovJulian TibbleOege de Moor,2007,https://link.springer.com/chapter/10.1007/978-3-540-77395-5_2,Conference paper
On a Tighter Integration of Functional and Logic Programming,Programming Languages and Systems,,,,10.1007/978-3-540-76637-7_9,Bernd BraßelFrank Huch,2007,https://link.springer.com/chapter/10.1007/978-3-540-76637-7_9,Conference paper
Slicing Abstractions,International Symposium on Fundamentals of Software Engineering,,,,10.1007/978-3-540-75698-9_2,Ingo BrücknerKlaus DrägerBernd FinkbeinerHeike Wehrheim,2007,https://link.springer.com/chapter/10.1007/978-3-540-75698-9_2,Conference paper
Instrumenting C Programs with Nested Word Monitors,Model Checking Software,,,,10.1007/978-3-540-73370-6_20,Swarat ChaudhuriRajeev Alur,2007,https://link.springer.com/chapter/10.1007/978-3-540-73370-6_20,Conference paper
Learning Meets Verification,Formal Methods for Components and Objects,,,,10.1007/978-3-540-74792-5_6,Martin Leucker,2007,https://link.springer.com/chapter/10.1007/978-3-540-74792-5_6,Conference paper
Model Checking Propositional Projection Temporal Logic Based on SPIN,Formal Methods and Software Engineering,,,,10.1007/978-3-540-76650-6_15,Cong TianZhenhua Duan,2007,https://link.springer.com/chapter/10.1007/978-3-540-76650-6_15,Conference paper
Decidability Results for Well-Structured Transition Systems with Auxiliary Storage,CONCUR 2007 – Concurrency Theory,,,,10.1007/978-3-540-74407-8_10,R. ChadhaM. Viswanathan,2007,https://link.springer.com/chapter/10.1007/978-3-540-74407-8_10,Conference paper
Activity-Driven Synthesis of State Machines,Fundamental Approaches to Software Engineering,,,,10.1007/978-3-540-71289-3_8,Rolf HennickerAlexander Knapp,2007,https://link.springer.com/chapter/10.1007/978-3-540-71289-3_8,Conference paper
A Compilation Model for Aspect-Oriented Polymorphically Typed Functional Languages,Static Analysis,,,,10.1007/978-3-540-74061-2_3,Kung ChenShu-Chun WengMeng WangSiau-Cheng KhooChung-Hsin Chen,2007,https://link.springer.com/chapter/10.1007/978-3-540-74061-2_3,Conference paper
Model Driven Development and Code Generation: An Automotive Case Study,SDL 2007: Design for Dependable Systems,,,,10.1007/978-3-540-74984-4_2,Michele BanciAlessandro FantechiStefania GnesiGiovanni Lombardi,2007,https://link.springer.com/chapter/10.1007/978-3-540-74984-4_2,Conference paper
Formal Translation Directed by Parallel LLP Parsing,SOFSEM 2007: Theory and Practice of Computer Science,,,,10.1007/978-3-540-69507-3_46,Ladislav VagnerBořivoj Melichar,2007,https://link.springer.com/chapter/10.1007/978-3-540-69507-3_46,Conference paper
Closures and Modules Within Linear Logic Concurrent Constraint Programming,FSTTCS 2007: Foundations of Software Technology and Theoretical Computer Science,,,,10.1007/978-3-540-77050-3_45,Rémy HaemmerléFrançois FagesSylvain Soliman,2007,https://link.springer.com/chapter/10.1007/978-3-540-77050-3_45,Conference paper
A Compositional Method for the Synthesis of Asynchronous Communication Mechanisms,Petri Nets and Other Models of Concurrency – ICATPN 2007,,,,10.1007/978-3-540-73094-1_11,Kyller GorgônioJordi CortadellaFei Xia,2007,https://link.springer.com/chapter/10.1007/978-3-540-73094-1_11,Conference paper
Integrated Static Analysis for Linux Device Driver Verification,Integrated Formal Methods,,,,10.1007/978-3-540-73210-5_27,Hendrik PostWolfgang Küchlin,2007,https://link.springer.com/chapter/10.1007/978-3-540-73210-5_27,Conference paper
"LaTe, a Non-fully Deterministic Testing Language",Testing of Communicating Systems,,,,10.1007/11754008_5,Emmanuel Donin de RosièreClaude JardBenoît Parreaux,2006,https://link.springer.com/chapter/10.1007/11754008_5,Conference paper
Model-Checking Large Finite-State Systems and Beyond,SOFSEM 2007: Theory and Practice of Computer Science,,,,10.1007/978-3-540-69507-3_2,Luboš BrimMojmír Křetínský,2007,https://link.springer.com/chapter/10.1007/978-3-540-69507-3_2,Conference paper
"Timed, Distributed, Probabilistic, Typed Processes",Programming Languages and Systems,,,,10.1007/978-3-540-76637-7_11,Martin BergerNobuko Yoshida,2007,https://link.springer.com/chapter/10.1007/978-3-540-76637-7_11,Conference paper
Using Predicate Abstraction to Generate Heuristic Functions in UPPAAL,Model Checking and Artificial Intelligence,,,,10.1007/978-3-540-74128-2_4,Jörg HoffmannJan-Georg SmausAndrey RybalchenkoSebastian KupferschmidAndreas Podelski,2007,https://link.springer.com/chapter/10.1007/978-3-540-74128-2_4,Conference paper
Coloured Petri Nets and CPN Tools for modelling and validation of concurrent systems,International Journal on Software Tools for Technology Transfer,,,,10.1007/s10009-007-0038-x,Kurt JensenLars Michael KristensenLisa Wells,2007,https://link.springer.com/article/10.1007/s10009-007-0038-x,Article
On Formal MOM Modeling,Parallel and Distributed Processing and Applications,,,,10.1007/978-3-540-74742-0_51,Hanmei CuiJessica Chen,2007,https://link.springer.com/chapter/10.1007/978-3-540-74742-0_51,Conference paper
Tool-Assisted Specification and Verification of Typed Low-Level Languages,Journal of Automated Reasoning,,,,10.1007/s10817-005-0084-6,Gilles BarthePierre CourtieuGuillaume DufaySimão Melo de Sousa,2005,https://link.springer.com/article/10.1007/s10817-005-0084-6,Article
Using Counterexample Analysis to Minimize the Number of Predicates for Predicate Abstraction,Automated Technology for Verification and Analysis,,,,10.1007/978-3-540-75596-8_40,Thanyapat SakunkonchakSatoshi KomatsuMasahiro Fujita,2007,https://link.springer.com/chapter/10.1007/978-3-540-75596-8_40,Conference paper
Improvements in Formula Generalization,Automated Deduction – CADE-21,,,,10.1007/978-3-540-73595-3_16,Markus Aderhold,2007,https://link.springer.com/chapter/10.1007/978-3-540-73595-3_16,Conference paper
Modeling Mental States in the Analysis of Multiagent Systems Requirements,Agent-Oriented Software Engineering VII,,,,10.1007/978-3-540-70945-9_7,Alexei LapouchnianYves Lespérance,2007,https://link.springer.com/chapter/10.1007/978-3-540-70945-9_7,Conference paper
"Linear Time Logics Around PSL: Complexity, Expressiveness, and a Little Bit of Succinctness",CONCUR 2007 – Concurrency Theory,,,,10.1007/978-3-540-74407-8_7,Martin Lange,2007,https://link.springer.com/chapter/10.1007/978-3-540-74407-8_7,Conference paper
Algebraic Correctness Proofs for Compiling Recursive Function Definitions with Strictness Information,Acta Informatica,,,,10.1007/s00236-006-0013-0,Klaus IndermarkThomas Noll,2006,https://link.springer.com/article/10.1007/s00236-006-0013-0,Article
Using Failure Injection Mechanisms to Experiment and Evaluate a Grid Failure Detector,High Performance Computing for Computational Science - VECPAR 2006,,,,10.1007/978-3-540-71351-7_48,Sébastien MonnetMarin Bertier,2007,https://link.springer.com/chapter/10.1007/978-3-540-71351-7_48,Conference paper
A Higher-Order Demand-Driven Narrowing Calculus with Definitional Trees,Theoretical Aspects of Computing – ICTAC 2007,,,,10.1007/978-3-540-75292-9_12,Rafael del Vado Vírseda,2007,https://link.springer.com/chapter/10.1007/978-3-540-75292-9_12,Conference paper
Introductory Paper,International Journal on Software Tools for Technology Transfer,,,,10.1007/s10009-005-0212-y,Enrico Tronci,2006,https://link.springer.com/article/10.1007/s10009-005-0212-y,Article
Symbolic Execution with Abstract Subsumption Checking,Model Checking Software,,,,10.1007/11691617_10,Saswat AnandCorina S. PăsăreanuWillem Visser,2006,https://link.springer.com/chapter/10.1007/11691617_10,Conference paper
VeriTech: a framework for translating among model description notations,International Journal on Software Tools for Technology Transfer,,,,10.1007/s10009-006-0003-0,Orna GrumbergShmuel Katz,2006,https://link.springer.com/article/10.1007/s10009-006-0003-0,Article
A Unified Semantics for Constraint Handling Rules in Transaction Logic,Logic Programming and Nonmonotonic Reasoning,,,,10.1007/978-3-540-72200-7_18,Marc MeisterKhalil DjelloulJacques Robin,2007,https://link.springer.com/chapter/10.1007/978-3-540-72200-7_18,Conference paper
A Framework for Model Checking Institutions,Model Checking and Artificial Intelligence,,,,10.1007/978-3-540-74128-2_9,Francesco Viganò,2007,https://link.springer.com/chapter/10.1007/978-3-540-74128-2_9,Conference paper
Distributed Colored Petri Net Model-Checking with Cyclades,Formal Methods: Applications and Technology,,,,10.1007/978-3-540-70952-7_24,Christophe PajaultJean-François Pradat-Peyre,2007,https://link.springer.com/chapter/10.1007/978-3-540-70952-7_24,Conference paper
Model Based Testing of an Embedded Session and Transport Protocol,Testing of Software and Communicating Systems,,,,10.1007/978-3-540-73066-8_15,Vesa LuukkalaIan Oliver,2007,https://link.springer.com/chapter/10.1007/978-3-540-73066-8_15,Conference paper
Transactional Reduction of Component Compositions,Formal Techniques for Networked and Distributed Systems – FORTE 2007,,,,10.1007/978-3-540-73196-2_22,Serge HaddadPascal Poizat,2007,https://link.springer.com/chapter/10.1007/978-3-540-73196-2_22,Conference paper
First-Order Probabilistic Languages: Into the Unknown,Inductive Logic Programming,,,,10.1007/978-3-540-73847-3_3,Brian MilchStuart Russell,2007,https://link.springer.com/chapter/10.1007/978-3-540-73847-3_3,Conference paper
Towards Systematic Analysis of Theorem Provers Search Spaces: First Steps,"Logic, Language, Information and Computation",,,,10.1007/978-3-540-73445-1_4,Hicham BensaidRicardo CaferraNicolas Peltier,2007,https://link.springer.com/chapter/10.1007/978-3-540-73445-1_4,Conference paper
Using Constraints and Process Algebra for Specification of First-Class Agent Interaction Protocols,Engineering Societies in the Agents World VII,,,,10.1007/978-3-540-75524-1_14,Tim MillerPeter McBurney,2007,https://link.springer.com/chapter/10.1007/978-3-540-75524-1_14,Conference paper
Decomposing Integrated Specifications for Verification,Integrated Formal Methods,,,,10.1007/978-3-540-73210-5_24,Björn Metzler,2007,https://link.springer.com/chapter/10.1007/978-3-540-73210-5_24,Conference paper
Automated Semantic Analysis of Design Models,Model Driven Engineering Languages and Systems,,,,10.1007/978-3-540-75209-7_12,Frank WeilBrian MastenbrookDavid NelsonPaul DietzAswin van den Berg,2007,https://link.springer.com/chapter/10.1007/978-3-540-75209-7_12,Conference paper
Exploiting Purely Functional Programming to Obtain Bounded Resource Behaviour: The Hume Approach,Central European Functional Programming School,,,,10.1007/11894100_4,Kevin Hammond,2006,https://link.springer.com/chapter/10.1007/11894100_4,Conference paper
Conditional Planning with External Functions,Logic Programming and Nonmonotonic Reasoning,,,,10.1007/978-3-540-72200-7_19,Davy Van NieuwenborghThomas EiterDirk Vermeir,2007,https://link.springer.com/chapter/10.1007/978-3-540-72200-7_19,Conference paper
Complexity Results on Balanced Context-Free Languages,Foundations of Software Science and Computational Structures,,,,10.1007/978-3-540-71389-0_25,Akihiko TozawaYasuhiko Minamide,2007,https://link.springer.com/chapter/10.1007/978-3-540-71389-0_25,Conference paper
Interpreting Invariant Composition in the B Method Using the Spec# Ownership Relation: A Way to Explain and Relax B Restrictions,B 2007: Formal Specification and Development in B,,,,10.1007/11955757_4,Sylvain BoulméMarie-Laure Potet,2006,https://link.springer.com/chapter/10.1007/11955757_4,Conference paper
"Lattice Automata: A Representation for Languages on Infinite Alphabets, and Some Applications to Verification",Static Analysis,,,,10.1007/978-3-540-74061-2_4,Tristan Le GallBertrand Jeannet,2007,https://link.springer.com/chapter/10.1007/978-3-540-74061-2_4,Conference paper
Interprocedurally Analysing Linear Inequality Relations,Programming Languages and Systems,,,,10.1007/978-3-540-71316-6_20,Helmut SeidlAndrea FlexederMichael Petter,2007,https://link.springer.com/chapter/10.1007/978-3-540-71316-6_20,Conference paper
Optimized L*-Based Assume-Guarantee Reasoning,Tools and Algorithms for the Construction and Analysis of Systems,,,,10.1007/978-3-540-71209-1_22,Sagar ChakiOfer Strichman,2007,https://link.springer.com/chapter/10.1007/978-3-540-71209-1_22,Conference paper
Verifying Object-based Graph Grammars,Software & Systems Modeling,,,,10.1007/s10270-006-0014-z,Fernando Luís DottiLeila RibeiroOsmar Marchi dos SantosFábio Pasini,2006,https://link.springer.com/article/10.1007/s10270-006-0014-z,Article
Separation Logic for Small-Step cminor,Theorem Proving in Higher Order Logics,,,,10.1007/978-3-540-74591-4_3,Andrew W. AppelSandrine Blazy,2007,https://link.springer.com/chapter/10.1007/978-3-540-74591-4_3,Conference paper
Bug Hunting with False Negatives,Integrated Formal Methods,,,,10.1007/978-3-540-73210-5_6,Jens CalaméNatalia IoustinovaJaco van de PolNatalia Sidorova,2007,https://link.springer.com/chapter/10.1007/978-3-540-73210-5_6,Conference paper
Translating FSP into LOTOS and Networks of Automata,Integrated Formal Methods,,,,10.1007/978-3-540-73210-5_29,Gwen SalaünJeff KramerFrédéric LangJeff Magee,2007,https://link.springer.com/chapter/10.1007/978-3-540-73210-5_29,Conference paper
Behavioural Specifications from Class Models,Integrated Formal Methods,,,,10.1007/978-3-540-73210-5_7,Alessandra CavarraJames Welch,2007,https://link.springer.com/chapter/10.1007/978-3-540-73210-5_7,Conference paper
A Generic Framework for Reasoning About Dynamic Networks of Infinite-State Processes,Tools and Algorithms for the Construction and Analysis of Systems,,,,10.1007/978-3-540-71209-1_54,Ahmed BouajjaniYan JurskiMihaela Sighireanu,2007,https://link.springer.com/chapter/10.1007/978-3-540-71209-1_54,Conference paper
Mobile Resource Guarantees and Policies,"Construction and Analysis of Safe, Secure, and Interoperable Smart Devices",,,,10.1007/11741060_2,David AspinallKenneth MacKenzie,2006,https://link.springer.com/chapter/10.1007/11741060_2,Conference paper
Boogie: A Modular Reusable Verifier for Object-Oriented Programs,Formal Methods for Components and Objects,,,,10.1007/11804192_17,Mike BarnettBor-Yuh Evan ChangRobert DeLineBart JacobsK. Rustan M. Leino,2006,https://link.springer.com/chapter/10.1007/11804192_17,Conference paper
Evaluating the Effectiveness of Slicing for Model Reduction of Concurrent Object-Oriented Programs,Tools and Algorithms for the Construction and Analysis of Systems,,,,10.1007/11691372_5,Matthew B. DwyerJohn HatcliffMatthew HoosierVenkatesh RanganathRobbyTodd Wallentine,2006,https://link.springer.com/chapter/10.1007/11691372_5,Conference paper
Answer Set Programming for Representing and Reasoning About Virtual Institutions,Computational Logic in Multi-Agent Systems,,,,10.1007/978-3-540-69619-3_4,Owen CliffeMarina De VosJulian Padget,2007,https://link.springer.com/chapter/10.1007/978-3-540-69619-3_4,Conference paper
Compositional Verification and 3-Valued Abstractions Join Forces,Static Analysis,,,,10.1007/978-3-540-74061-2_5,Sharon ShohamOrna Grumberg,2007,https://link.springer.com/chapter/10.1007/978-3-540-74061-2_5,Conference paper
On the tree-transformation power of XSLT,Acta Informatica,,,,10.1007/s00236-006-0026-8,Wim JanssenAlexandr KorlyukovJan Van den Bussche,2006,https://link.springer.com/article/10.1007/s00236-006-0026-8,Article
Deciding Boolean Algebra with Presburger Arithmetic,Journal of Automated Reasoning,,,,10.1007/s10817-006-9042-1,Viktor KuncakHuu Hai NguyenMartin Rinard,2006,https://link.springer.com/article/10.1007/s10817-006-9042-1,Article
A Temporal Graph Logic for Verification of Graph Transformation Systems,Recent Trends in Algebraic Development Techniques,,,,10.1007/978-3-540-71998-4_1,Paolo BaldanAndrea CorradiniBarbara KönigAlberto Lluch Lafuente,2007,https://link.springer.com/chapter/10.1007/978-3-540-71998-4_1,Conference paper
CUTE and jCUTE: Concolic Unit Testing and Explicit Path Model-Checking Tools,Computer Aided Verification,,,,10.1007/11817963_38,Koushik SenGul Agha,2006,https://link.springer.com/chapter/10.1007/11817963_38,Conference paper
Tracechecks: Defining Semantic Interfaces with Temporal Logic,Software Composition,,,,10.1007/11821946_10,Eric BoddenVolker Stolz,2006,https://link.springer.com/chapter/10.1007/11821946_10,Conference paper
Formal change impact analyses for emulated control software,International Journal on Software Tools for Technology Transfer,,,,10.1007/s10009-004-0174-5,C. J. Fidge,2006,https://link.springer.com/article/10.1007/s10009-004-0174-5,Article
Model Checking Real Time Java Using Java PathFinder,Automated Technology for Verification and Analysis,,,,10.1007/11562948_33,Gary LindstromPeter C. MehlitzWillem Visser,2005,https://link.springer.com/chapter/10.1007/11562948_33,Conference paper
Applying game theory mechanisms in open agent systems with complete information,Autonomous Agents and Multi-Agent Systems,,,,10.1007/s10458-006-9005-2,Frank Guerin,2006,https://link.springer.com/article/10.1007/s10458-006-9005-2,Article
A Design-Based Model of Reversible Computation,Unifying Theories of Programming,,,,10.1007/11768173_4,Bill StoddartFrank ZeydaRobert Lynas,2006,https://link.springer.com/chapter/10.1007/11768173_4,Conference paper
The Essence of Dataflow Programming,Central European Functional Programming School,,,,10.1007/11894100_5,Tarmo UustaluVarmo Vene,2006,https://link.springer.com/chapter/10.1007/11894100_5,Conference paper
Specialized 3-Valued Logic Shape Analysis Using Structure-Based Refinement and Loose Embedding,Static Analysis,,,,10.1007/11823230_14,Gilad Arnold,2006,https://link.springer.com/chapter/10.1007/11823230_14,Conference paper
Automated Systematic Testing of Open Distributed Programs,Fundamental Approaches to Software Engineering,,,,10.1007/11693017_25,Koushik SenGul Agha,2006,https://link.springer.com/chapter/10.1007/11693017_25,Conference paper
Experimental evaluation of software development tools for safety-critical real-time systems,Innovations in Systems and Software Engineering,,,,10.1007/s11334-005-0013-1,Andrew J. KorneckiJanusz Zalewski,2005,https://link.springer.com/article/10.1007/s11334-005-0013-1,Article
Concurrent Garbage Collection Implementation in a Standard JVM for Real-Time Purposes,Embedded Software and Systems,,,,10.1007/11535409_70,Yuqiang XianNing ZhangGuangze Xiong,2005,https://link.springer.com/chapter/10.1007/11535409_70,Conference paper
Using OGRO and CertiVeR to Improve OCSP Validation for Grids,Advances in Grid and Pervasive Computing,,,,10.1007/11745693_2,Jesus LunaManel MedinaOscar Manso,2006,https://link.springer.com/chapter/10.1007/11745693_2,Conference paper
Component Tools: Integrating Petri Nets with Other Formal Methods,Petri Nets and Other Models of Concurrency - ICATPN 2006,,,,10.1007/11767589_3,Ekkart KindlerVladimir RubinRobert Wagner,2006,https://link.springer.com/chapter/10.1007/11767589_3,Conference paper
Evaluating Mobile Agent Platform Security,Multiagent System Technologies,,,,10.1007/11872283_14,Axel BürkleAlice HertelWilmuth MüllerMartin Wieser,2006,https://link.springer.com/chapter/10.1007/11872283_14,Conference paper
Symbolic Analysis of Imperative Programming Languages,Modular Programming Languages,,,,10.1007/11860990_12,Bernd BurgstallerBernhard ScholzJohann Blieberger,2006,https://link.springer.com/chapter/10.1007/11860990_12,Conference paper
Measuring the Dependability of Web Services for Use in e-Science Experiments,Service Availability,,,,10.1007/11955498_14,Peter LiYuhui ChenAlexander Romanovsky,2006,https://link.springer.com/chapter/10.1007/11955498_14,Conference paper
Compositional Reasoning for Pointer Structures,Mathematics of Program Construction,,,,10.1007/11783596_10,Yifeng ChenJ. W. Sanders,2006,https://link.springer.com/chapter/10.1007/11783596_10,Conference paper
Model Checking Multithreaded Programs with Asynchronous Atomic Methods,Computer Aided Verification,,,,10.1007/11817963_29,Koushik SenMahesh Viswanathan,2006,https://link.springer.com/chapter/10.1007/11817963_29,Conference paper
Concurrency Analysis for Parallel Programs with Textually Aligned Barriers,Languages and Compilers for Parallel Computing,,,,10.1007/978-3-540-69330-7_13,Amir KamilKatherine Yelick,2006,https://link.springer.com/chapter/10.1007/978-3-540-69330-7_13,Conference paper
Formalisation and Verification of the GlobalPlatform Card Specification Using the B Method,"Construction and Analysis of Safe, Secure, and Interoperable Smart Devices",,,,10.1007/11741060_9,Santiago Zanella Béguelin,2006,https://link.springer.com/chapter/10.1007/11741060_9,Conference paper
A Region Graph Based Approach to Termination Proofs,Tools and Algorithms for the Construction and Analysis of Systems,,,,10.1007/11691372_21,Stefan LeueWei Wei,2006,https://link.springer.com/chapter/10.1007/11691372_21,Conference paper
Replicated Ubiquitous Nets,Computational Science and Its Applications - ICCSA 2006,,,,10.1007/11751632_17,Fernando Rosa-VelardoDavid de Frutos-EscrigOlga Marroquín-Alonso,2006,https://link.springer.com/chapter/10.1007/11751632_17,Conference paper
Monad-Based Logics for Computational Effects,Algebraic Methodology and Software Technology,,,,10.1007/11784180_3,Till Mossakowski,2006,https://link.springer.com/chapter/10.1007/11784180_3,Conference paper
A Compositional Behavioral Modeling Framework for Embedded System Design and Conformance Checking,International Journal of Parallel Programming,,,,10.1007/s10766-005-8907-y,Jean-Pierre TalpinPaul Le GuernicSandeep Kumar ShuklaRajesh Gupta,2005,https://link.springer.com/article/10.1007/s10766-005-8907-y,Article
A Kernel-Based Communication Fault Injector for Dependability Testing of Distributed Systems,"Hardware and Software, Verification and Testing",,,,10.1007/11678779_13,Roberto Jung DrebesGabriela Jacques-SilvaJoana Matos Fonseca da TrindadeTaisy Silva Weber,2006,https://link.springer.com/chapter/10.1007/11678779_13,Conference paper
Safety Property Driven Test Generation from JML Specifications,Formal Approaches to Software Testing and Runtime Verification,,,,10.1007/11940197_15,Fabrice BouquetFrédéric DadeauJulien GroslambertJacques Julliand,2006,https://link.springer.com/chapter/10.1007/11940197_15,Conference paper
Choosing Among Alternative Futures,"Hardware and Software, Verification and Testing",,,,10.1007/11678779_17,Steve MacDonaldJun ChenDiego Novillo,2006,https://link.springer.com/chapter/10.1007/11678779_17,Conference paper
Formal Verification of a C Compiler Front-End,FM 2006: Formal Methods,,,,10.1007/11813040_31,Sandrine BlazyZaynah DargayeXavier Leroy,2006,https://link.springer.com/chapter/10.1007/11813040_31,Conference paper
Verification Condition Generation Via Theorem Proving,"Logic for Programming, Artificial Intelligence, and Reasoning",,,,10.1007/11916277_25,John MatthewsJ. Strother MooreSandip RayDaron Vroon,2006,https://link.springer.com/chapter/10.1007/11916277_25,Conference paper
Large Scale Inference of Deterministic Transductions: Tenjinno Problem 1,Grammatical Inference: Algorithms and Applications,,,,10.1007/11872436_19,Alexander Clark,2006,https://link.springer.com/chapter/10.1007/11872436_19,Conference paper
Simulated Time for Testing Railway Interlockings with TTCN-3,Formal Approaches to Software Testing,,,,10.1007/11759744_1,Stefan BlomNatalia IoustinovaJaco van de PolAxel RennochNatalia Sidorova,2006,https://link.springer.com/chapter/10.1007/11759744_1,Conference paper
Applying Java™ Technologies to Mission-Critical and Safety-Critical Development,Constituents of Modern System-safety Thinking,,,,10.1007/1-84628-130-X_14,Kelvin NilsenAdrian Larkham,2005,https://link.springer.com/chapter/10.1007/1-84628-130-X_14,Conference paper
A Rule Markup Language and Its Application to UML,Leveraging Applications of Formal Methods,,,,10.1007/11925040_3,Joost Jacob,2006,https://link.springer.com/chapter/10.1007/11925040_3,Conference paper
Fast and Flexible Difference Constraint Propagation for DPLL(T),Theory and Applications of Satisfiability Testing - SAT 2006,,,,10.1007/11814948_19,Scott CottonOded Maler,2006,https://link.springer.com/chapter/10.1007/11814948_19,Conference paper
State-rich model checking,Innovations in Systems and Software Engineering,,,,10.1007/s11334-006-0021-9,Leo FreitasJim WoodcockAna Cavalcanti,2006,https://link.springer.com/article/10.1007/s11334-006-0021-9,Article
Aspect-Oriented Programming in Higher-Order and Linear Logic,Practical Aspects of Declarative Languages,,,,10.1007/978-3-540-69611-7_20,Chuck C. Liang,2006,https://link.springer.com/chapter/10.1007/978-3-540-69611-7_20,Conference paper
Applying Timed Interval Calculus to Simulink Diagrams,Formal Methods and Software Engineering,,,,10.1007/11901433_5,Chunqing ChenJin Song Dong,2006,https://link.springer.com/chapter/10.1007/11901433_5,Conference paper
Using MDL for Grammar Induction,Grammatical Inference: Algorithms and Applications,,,,10.1007/11872436_24,Pieter AdriaansCeriel Jacobs,2006,https://link.springer.com/chapter/10.1007/11872436_24,Conference paper
SALT—Structured Assertion Language for Temporal Logic,Formal Methods and Software Engineering,,,,10.1007/11901433_41,Andreas BauerMartin LeuckerJonathan Streit,2006,https://link.springer.com/chapter/10.1007/11901433_41,Conference paper
Accurate Theorem Proving for Program Verification,Leveraging Applications of Formal Methods,,,,10.1007/11925040_7,Byron CookDaniel KroeningNatasha Sharygina,2006,https://link.springer.com/chapter/10.1007/11925040_7,Conference paper
Timed Virtual Stationary Automata for Mobile Networks,Principles of Distributed Systems,,,,10.1007/11795490_12,Shlomi DolevSeth GilbertLimor LahianiNancy LynchTina Nolte,2006,https://link.springer.com/chapter/10.1007/11795490_12,Conference paper
Formal and experimental validation approaches in HCI systems design based on a shared event B model,International Journal on Software Tools for Technology Transfer,,,,10.1007/s10009-006-0008-8,Yamine Ait-AmeurMickael Baron,2006,https://link.springer.com/article/10.1007/s10009-006-0008-8,Article
On the Correctness of Bubbling,Term Rewriting and Applications,,,,10.1007/11805618_4,Sergio AntoyDaniel W. BrownSu-Hui Chiang,2006,https://link.springer.com/chapter/10.1007/11805618_4,Conference paper
An OCL Semantics Specified with QVT,Model Driven Engineering Languages and Systems,,,,10.1007/11880240_46,Slaviša MarkovićThomas Baar,2006,https://link.springer.com/chapter/10.1007/11880240_46,Conference paper
QuickCheck Testing for Fun and Profit,Practical Aspects of Declarative Languages,,,,10.1007/978-3-540-69611-7_1,John Hughes,2006,https://link.springer.com/chapter/10.1007/978-3-540-69611-7_1,Conference paper
A Fully General Operational Semantics for UML&#xa0;2.0 Sequence Diagrams with Potential and Mandatory Choice,FM 2006: Formal Methods,,,,10.1007/11813040_26,Mass Soldal LundKetil Stølen,2006,https://link.springer.com/chapter/10.1007/11813040_26,Conference paper
Enforcer – Efficient Failure Injection,FM 2006: Formal Methods,,,,10.1007/11813040_28,Cyrille ArthoArmin BiereShinichi Honiden,2006,https://link.springer.com/chapter/10.1007/11813040_28,Conference paper
Safety and Liveness in Concurrent Pointer Programs,Formal Methods for Components and Objects,,,,10.1007/11804192_14,Dino DistefanoJoost-Pieter KatoenArend Rensink,2006,https://link.springer.com/chapter/10.1007/11804192_14,Conference paper
Automated Analysis of Natural Language Properties for UML Models,Satellite Events at the MoDELS 2005 Conference,,,,10.1007/11663430_6,Sascha KonradBetty H. C. Cheng,2006,https://link.springer.com/chapter/10.1007/11663430_6,Conference paper
Coinductive Big-Step Operational Semantics,Programming Languages and Systems,,,,10.1007/11693024_5,Xavier Leroy,2006,https://link.springer.com/chapter/10.1007/11693024_5,Conference paper
Using CHRs to Generate Functional Test Cases for the Java Card Virtual Machine,Practical Aspects of Declarative Languages,,,,10.1007/11603023_1,Sandrine-Dominique GouraudArnaud Gotlieb,2005,https://link.springer.com/chapter/10.1007/11603023_1,Conference paper
The RuleML Family of Web Rule Languages,Principles and Practice of Semantic Web Reasoning,,,,10.1007/11853107_1,Harold Boley,2006,https://link.springer.com/chapter/10.1007/11853107_1,Conference paper
Model-Based Security Engineering for Real,FM 2006: Formal Methods,,,,10.1007/11813040_42,Jan Jürjens,2006,https://link.springer.com/chapter/10.1007/11813040_42,Conference paper
The HybridUML profile for UML 2.0,International Journal on Software Tools for Technology Transfer,,,,10.1007/s10009-005-0211-z,Kirsten BerkenkötterStefan BisanzUlrich HannemannJan Peleska,2006,https://link.springer.com/article/10.1007/s10009-005-0211-z,Article
Computationally Equivalent Elimination of Conditions,Term Rewriting and Applications,,,,10.1007/11805618_3,Traian Florin ŞerbănuţăGrigore Roşu,2006,https://link.springer.com/chapter/10.1007/11805618_3,Conference paper
Can I Execute My Scenario in Your Net? VipTool Tells You!,Petri Nets and Other Models of Concurrency - ICATPN 2006,,,,10.1007/11767589_21,Robin BergenthumJörg DeselGabriel JuhásRobert Lorenz,2006,https://link.springer.com/chapter/10.1007/11767589_21,Conference paper
Improving the Definition of UML,Model Driven Engineering Languages and Systems,,,,10.1007/11880240_4,Greg O’Keefe,2006,https://link.springer.com/chapter/10.1007/11880240_4,Conference paper
Concurrent Semantics Without the Notions of State or State Transitions,Formal Modeling and Analysis of Timed Systems,,,,10.1007/11867340_2,Edward A. Lee,2006,https://link.springer.com/chapter/10.1007/11867340_2,Conference paper
Dynamic Logic Semantics for UML Consistency,Model Driven Architecture – Foundations and Applications,,,,10.1007/11787044_10,Greg O’Keefe,2006,https://link.springer.com/chapter/10.1007/11787044_10,Conference paper
Compositional Analysis of C/C++ Programs with VeriSoft,Acta Informatica,,,,10.1007/s00236-006-0016-x,Juergen Dingel,2006,https://link.springer.com/article/10.1007/s00236-006-0016-x,Article
Transforming Models with ATL,Satellite Events at the MoDELS 2005 Conference,,,,10.1007/11663430_14,Frédéric JouaultIvan Kurtev,2006,https://link.springer.com/chapter/10.1007/11663430_14,Conference paper
SVERTS – Specification and Validation of Real-Time and Embedded Systems,UML Modeling Languages and Applications,,,,10.1007/978-3-540-31797-5_4,Susanne GrafØystein HaugenIleana OberBran Selic,2005,https://link.springer.com/chapter/10.1007/978-3-540-31797-5_4,Conference paper
A Rigorous Software Process for the Development of Embedded Systems,Unifying the Software Process Spectrum,,,,10.1007/11608035_10,Wilhelm Schäfer,2006,https://link.springer.com/chapter/10.1007/11608035_10,Conference paper
Programs with Lists Are Counter Automata,Computer Aided Verification,,,,10.1007/11817963_47,Ahmed BouajjaniMarius BozgaPeter HabermehlRadu IosifPierre MoroTomáš Vojnar,2006,https://link.springer.com/chapter/10.1007/11817963_47,Conference paper
Orion: High-Precision Methods for Static Error Analysis of C and C++ Programs,Formal Methods for Components and Objects,,,,10.1007/11804192_7,Dennis R. DamsKedar S. Namjoshi,2006,https://link.springer.com/chapter/10.1007/11804192_7,Conference paper
A Virtual Machine for Functional Logic Computations,Implementation and Application of Functional Languages,,,,10.1007/11431664_7,Sergio AntoyMichael HanusJimeng LiuAndrew Tolmach,2005,https://link.springer.com/chapter/10.1007/11431664_7,Conference paper
Assertion Checking over Combined Abstraction of Linear Arithmetic and Uninterpreted Functions,Programming Languages and Systems,,,,10.1007/11693024_19,Sumit GulwaniAshish Tiwari,2006,https://link.springer.com/chapter/10.1007/11693024_19,Conference paper
Augmenting Automatically Generated Unit-Test Suites with Regression Oracle Checking,ECOOP 2006 – Object-Oriented Programming,,,,10.1007/11785477_23,Tao Xie,2006,https://link.springer.com/chapter/10.1007/11785477_23,Conference paper
Retrospective and Prospective for Unifying Theories of Programming,Unifying Theories of Programming,,,,10.1007/11768173_1,Eric Hehner,2006,https://link.springer.com/chapter/10.1007/11768173_1,Conference paper
Abstract Interpretation with Specialized Definitions,Static Analysis,,,,10.1007/11823230_8,Germán PueblaElvira AlbertManuel Hermenegildo,2006,https://link.springer.com/chapter/10.1007/11823230_8,Conference paper
"Formal development of industrial-scale systems in <Emphasis Type=""BoldItalic"">Circus</Emphasis>",Innovations in Systems and Software Engineering,,,,10.1007/s11334-005-0014-0,Marcel OliveiraAna CavalcantiJim Woodcock,2005,https://link.springer.com/article/10.1007/s11334-005-0014-0,Article
Distributed Load Tests with TTCN-3,Testing of Communicating Systems,,,,10.1007/11754008_12,George DinSorin ToleaIna Schieferdecker,2006,https://link.springer.com/chapter/10.1007/11754008_12,Conference paper
Automatic Test Data Generation by Multi-objective Optimisation,"Computer Safety, Reliability, and Security",,,,10.1007/11875567_32,Norbert OsterFrancesca Saglietti,2006,https://link.springer.com/chapter/10.1007/11875567_32,Conference paper
Model-Driven Monitoring: An Application of Graph Transformation for Design by Contract,Graph Transformations,,,,10.1007/11841883_24,Gregor EngelsMarc LohmannStefan SauerReiko Heckel,2006,https://link.springer.com/chapter/10.1007/11841883_24,Conference paper
Definition and validation of model transformations,Software & Systems Modeling,,,,10.1007/s10270-006-0018-8,Jochen M. Küster,2006,https://link.springer.com/article/10.1007/s10270-006-0018-8,Article
A Computational Approach to Pocklington Certificates in Type Theory,Functional and Logic Programming,,,,10.1007/11737414_8,Benjamin GrégoireLaurent ThéryBenjamin Werner,2006,https://link.springer.com/chapter/10.1007/11737414_8,Conference paper
UbiREAL: Realistic Smartspace Simulator for Systematic Testing,UbiComp 2006: Ubiquitous Computing,,,,10.1007/11853565_27,Hiroshi NishikawaShinya YamamotoMorihiko TamaiKouji NishigakiTomoya KitaniNaoki ShibataKeiichi YasumotoMinoru Ito,2006,https://link.springer.com/chapter/10.1007/11853565_27,Conference paper
Formalisations of Capabilities for BDI-Agents,Autonomous Agents and Multi-Agent Systems,,,,10.1007/s10458-004-4345-2,Lin PadghamPatrick Lambrix,2005,https://link.springer.com/article/10.1007/s10458-004-4345-2,Article
Validating timed UML models by simulation and verification,International Journal on Software Tools for Technology Transfer,,,,10.1007/s10009-005-0205-x,Iulian OberSusanne GrafIleana Ober,2005,https://link.springer.com/article/10.1007/s10009-005-0205-x,Article
Lightweight Defect Localization for Java,ECOOP 2005 - Object-Oriented Programming,,,,10.1007/11531142_23,Valentin DallmeierChristian LindigAndreas Zeller,2005,https://link.springer.com/chapter/10.1007/11531142_23,Conference paper
Toward a Definition of and Linguistic Support for Partial Quiescence,Euro-Par 2006 Parallel Processing,,,,10.1007/11823285_68,Billy Yan-Kit ManHiu Ning (Angela) ChanAndrew J. GallagherAppu S. GoundanAaron W. KeenRonald A. Olsson,2006,https://link.springer.com/chapter/10.1007/11823285_68,Conference paper
DiVinE – A Tool for Distributed Verification,Computer Aided Verification,,,,10.1007/11817963_26,Jiří BarnatLuboš BrimIvana ČernáPavel MoravecPetr RočkaiPavel Šimeček,2006,https://link.springer.com/chapter/10.1007/11817963_26,Conference paper
Towards a Compositional SPIN,Model Checking Software,,,,10.1007/11691617_14,Corina S. PăsăreanuDimitra Giannakopoulou,2006,https://link.springer.com/chapter/10.1007/11691617_14,Conference paper
jMosel: A Stand-Alone Tool and jABC Plugin for M2L(Str),Model Checking Software,,,,10.1007/11691617_18,Christian TopnikEva WilhelmTiziana MargariaBernhard Steffen,2006,https://link.springer.com/chapter/10.1007/11691617_18,Conference paper
An Industrial Case Study on the Choice Between Language Customization Mechanisms,Product-Focused Software Process Improvement,,,,10.1007/11767718_17,Miroslaw StaronClaes Wohlin,2006,https://link.springer.com/chapter/10.1007/11767718_17,Conference paper
Injecting Communication Faults to Experimentally Validate Java Distributed Applications,Advanced Distributed Systems,,,,10.1007/11533962_21,Gabriela Jacques-SilvaRoberto Jung DrebesTaisy Silva WeberEliane Martins,2005,https://link.springer.com/chapter/10.1007/11533962_21,Conference paper
Overcoming Performance Barriers: Efficient Verification Techniques for Logical Frameworks,Logic Programming,,,,10.1007/11799573_3,Brigitte Pientka,2006,https://link.springer.com/chapter/10.1007/11799573_3,Conference paper
Static Deadlock Detection for Java Libraries,ECOOP 2005 - Object-Oriented Programming,,,,10.1007/11531142_26,Amy WilliamsWilliam ThiesMichael D. Ernst,2005,https://link.springer.com/chapter/10.1007/11531142_26,Conference paper
Abstract Interface Behavior of Object-Oriented Languages with Monitors,Formal Methods for Open Object-Based Distributed Systems,,,,10.1007/11768869_17,Erika ÁbrahámAndreas GrünerMartin Steffen,2006,https://link.springer.com/chapter/10.1007/11768869_17,Conference paper
"Sequential, Parallel, and Quantified Updates of First-Order Structures","Logic for Programming, Artificial Intelligence, and Reasoning",,,,10.1007/11916277_29,Philipp Rümmer,2006,https://link.springer.com/chapter/10.1007/11916277_29,Conference paper
Efficient Guided Symbolic Reachability Using Reachability Expressions,Tools and Algorithms for the Construction and Analysis of Systems,,,,10.1007/11691372_8,Dina ThomasSupratik ChakrabortyParitosh Pandya,2006,https://link.springer.com/chapter/10.1007/11691372_8,Conference paper
Scalable Context Simulation for Mobile Applications,On the Move to Meaningful Internet Systems 2006: OTM 2006 Workshops,,,,10.1007/11915072_42,Y. LiuM. J. O’GradyG. M. P. O’Hare,2006,https://link.springer.com/chapter/10.1007/11915072_42,Conference paper
Dynamic and Formal Verification of Embedded Systems: A Comparative Survey,International Journal of Parallel Programming,,,,10.1007/s10766-005-8911-2,Mirko LoghiTiziana MargariaGraziano PravadelliBernhard Steffen,2005,https://link.springer.com/article/10.1007/s10766-005-8911-2,Article
Models for Contract Conformance,Leveraging Applications of Formal Methods,,,,10.1007/11925040_12,Sriram K. RajamaniJakob Rehof,2006,https://link.springer.com/chapter/10.1007/11925040_12,Conference paper
A Performance Profile and Test Tool for Development of Embedded Software Using Various Report Views,Computational Science – ICCS 2006,,,,10.1007/11758525_69,Yongyun ChoChae-Woo Yoo,2006,https://link.springer.com/chapter/10.1007/11758525_69,Conference paper
PLFaultCAT: A Product-Line Software Fault Tree Analysis Tool,Automated Software Engineering,,,,10.1007/s10515-006-5469-1,Josh DehlingerRobyn R. Lutz,2006,https://link.springer.com/article/10.1007/s10515-006-5469-1,Article
An Exception Monitoring System for Java,Rapid Integration of Software Engineering Techniques,,,,10.1007/11423331_7,Heejung OheByeong-Mo Chang,2005,https://link.springer.com/chapter/10.1007/11423331_7,Conference paper
A Dependently Typed Framework for Static Analysis of Program Execution Costs,Implementation and Application of Functional Languages,,,,10.1007/11964681_5,Edwin BradyKevin Hammond,2006,https://link.springer.com/chapter/10.1007/11964681_5,Conference paper
Automated Detection of Refactorings in Evolving Components,ECOOP 2006 – Object-Oriented Programming,,,,10.1007/11785477_24,Danny DigCan ComertogluDarko MarinovRalph Johnson,2006,https://link.springer.com/chapter/10.1007/11785477_24,Conference paper
Inference of Event-Recording Automata Using Timed Decision Trees,CONCUR 2006 – Concurrency Theory,,,,10.1007/11817949_29,Olga GrinchteinBengt JonssonPaul Pettersson,2006,https://link.springer.com/chapter/10.1007/11817949_29,Conference paper
Stateful Dynamic Partial-Order Reduction,Formal Methods and Software Engineering,,,,10.1007/11901433_9,Xiaodong YiJi WangXuejun Yang,2006,https://link.springer.com/chapter/10.1007/11901433_9,Conference paper
Taking Our Own Medicine: Applying the Refinement Calculus to State-Rich Refinement Model Checking,Formal Methods and Software Engineering,,,,10.1007/11901433_38,Leo FreitasAna CavalcantiJim Woodcock,2006,https://link.springer.com/chapter/10.1007/11901433_38,Conference paper
Web Cube,Formal Techniques for Networked and Distributed Systems - FORTE 2006,,,,10.1007/11888116_6,I. S. W. B. PrasetyaT. E. J. VosS. D. Swierstra,2006,https://link.springer.com/chapter/10.1007/11888116_6,Conference paper
Coalgebraic Semantics for Component Systems,Architecting Systems with Trustworthy Components,,,,10.1007/11786160_14,Sabine GlesnerJan Olaf Blech,2006,https://link.springer.com/chapter/10.1007/11786160_14,Conference paper
Validation and Certification of Safety-Critical Embedded Systems – The DECOS Test Bench,"Computer Safety, Reliability, and Security",,,,10.1007/11875567_28,Erwin SchoitschEgbert AlthammerHenrik ErikssonJonny VinterLaszlo GönczyAndras PatariczaGyörgy Csertan,2006,https://link.springer.com/chapter/10.1007/11875567_28,Conference paper
Abstraction Refinement with Craig Interpolation and Symbolic Pushdown Systems,Tools and Algorithms for the Construction and Analysis of Systems,,,,10.1007/11691372_35,Javier EsparzaStefan KieferStefan Schwoon,2006,https://link.springer.com/chapter/10.1007/11691372_35,Conference paper
Verification of UML State Diagrams Using Concurrent State Machines,Software Engineering Techniques: Design for Quality,,,,10.1007/978-0-387-39388-9_25,Jerzy Mieścicki,2006,https://link.springer.com/chapter/10.1007/978-0-387-39388-9_25,Conference paper
Increasing Dependability by Means of Model-Based Acceptance Test inside RTOS,Parallel Processing and Applied Mathematics,,,,10.1007/11752578_125,Yuhong ZhaoSimon OberthürNorma MontealegreFranz J. RammigMartin Kardos,2006,https://link.springer.com/chapter/10.1007/11752578_125,Conference paper
Resource Bound Certification for a Tail-Recursive Virtual Machine,Programming Languages and Systems,,,,10.1007/11575467_17,Silvano Dal ZilioRégis Gascon,2005,https://link.springer.com/chapter/10.1007/11575467_17,Conference paper
Yasm: A Software Model-Checker for Verification and Refutation,Computer Aided Verification,,,,10.1007/11817963_18,Arie GurfinkelOu WeiMarsha Chechik,2006,https://link.springer.com/chapter/10.1007/11817963_18,Conference paper
Making Specifications Complete Through Models,Architecting Systems with Trustworthy Components,,,,10.1007/11786160_3,Bernd SchoellerTobias WidmerBertrand Meyer,2006,https://link.springer.com/chapter/10.1007/11786160_3,Conference paper
Multi-threaded Communicating Agents in Qu-Prolog,Computational Logic in Multi-Agent Systems,,,,10.1007/11750734_11,Keith L. ClarkPeter J. RobinsonSilvana Zappacosta Amboldi,2006,https://link.springer.com/chapter/10.1007/11750734_11,Conference paper
Minimizing Test Execution Time During Test Generation,Software Engineering Techniques: Design for Quality,,,,10.1007/978-0-387-39388-9_22,Tilo MückeMichaela Huhn,2006,https://link.springer.com/chapter/10.1007/978-0-387-39388-9_22,Conference paper
Encoding Strategies in the Lambda Calculus with Interaction Nets,Implementation and Application of Functional Languages,,,,10.1007/11964681_2,Ian Mackie,2006,https://link.springer.com/chapter/10.1007/11964681_2,Conference paper
Error explanation with distance metrics,International Journal on Software Tools for Technology Transfer,,,,10.1007/s10009-005-0202-0,Alex GroceSagar ChakiDaniel KroeningOfer Strichman,2005,https://link.springer.com/article/10.1007/s10009-005-0202-0,Article
Directed Model Checking with Distance-Preserving Abstractions,Model Checking Software,,,,10.1007/11691617_2,Klaus DrägerBernd FinkbeinerAndreas Podelski,2006,https://link.springer.com/chapter/10.1007/11691617_2,Conference paper
A Sequent Calculus for Type Theory,Computer Science Logic,,,,10.1007/11874683_29,Stéphane LengrandRoy DyckhoffJames McKinna,2006,https://link.springer.com/chapter/10.1007/11874683_29,Conference paper
Supporting Controlled Experimentation with Testing Techniques: An Infrastructure and its Potential Impact,Empirical Software Engineering,,,,10.1007/s10664-005-3861-2,Hyunsook DoSebastian ElbaumGregg Rothermel,2005,https://link.springer.com/article/10.1007/s10664-005-3861-2,Article
Bounded Model Checking of Software Using SMT Solvers Instead of SAT Solvers,Model Checking Software,,,,10.1007/11691617_9,Alessandro ArmandoJacopo MantovaniLorenzo Platania,2006,https://link.springer.com/chapter/10.1007/11691617_9,Conference paper
Checking Component Composability,Software Composition,,,,10.1007/11821946_2,Christian AttiogbéPascal AndréGilles Ardourel,2006,https://link.springer.com/chapter/10.1007/11821946_2,Conference paper
Formal Verification and Simulation for Performance Analysis for Probabilistic Broadcast Protocols,"Ad-Hoc, Mobile, and Wireless Networks",,,,10.1007/11814764_12,Ansgar FehnkerPeng Gao,2006,https://link.springer.com/chapter/10.1007/11814764_12,Conference paper
Compiling Constraint Handling Rules for Efficient Tabled Evaluation,Practical Aspects of Declarative Languages,,,,10.1007/978-3-540-69611-7_11,Beata Sarna-StarostaC. R. Ramakrishnan,2006,https://link.springer.com/chapter/10.1007/978-3-540-69611-7_11,Conference paper
The octagon abstract domain,Higher-Order and Symbolic Computation,,,,10.1007/s10990-006-8609-1,Antoine Miné,2006,https://link.springer.com/article/10.1007/s10990-006-8609-1,Article
Pattern Synthesis from Multiple Scenarios for Parameterized Real-Time UML Models,"Scenarios: Models, Transformations and Tools",,,,10.1007/11495628_11,Holger GieseFlorian KleinSven Burmester,2005,https://link.springer.com/chapter/10.1007/11495628_11,Conference paper
MDA-Based Re-engineering with Object-Z,Model Driven Engineering Languages and Systems,,,,10.1007/11880240_21,Jörn Guy SüßTim McCombSoon-Kyeong KimLuke WildmanGeoffrey Watson,2006,https://link.springer.com/chapter/10.1007/11880240_21,Conference paper
Structural Operational Semantics of P Systems,Membrane Computing,,,,10.1007/11603047_2,Oana AndreiGabriel CiobanuDorel Lucanu,2006,https://link.springer.com/chapter/10.1007/11603047_2,Conference paper
Heuristics on the Definition of UML Refinement Patterns,SOFSEM 2006: Theory and Practice of Computer Science,,,,10.1007/11611257_44,Claudia Pons,2006,https://link.springer.com/chapter/10.1007/11611257_44,Conference paper
Some Programming Languages for Logspace and Ptime,Algebraic Methodology and Software Technology,,,,10.1007/11784180_8,Guillaume Bonfante,2006,https://link.springer.com/chapter/10.1007/11784180_8,Conference paper
On the Expressive Power of XQuery-Based Update Languages,Database and XML Technologies,,,,10.1007/11841920_7,Jan HiddersJan ParedaensRoel Vercammen,2006,https://link.springer.com/chapter/10.1007/11841920_7,Conference paper
Processes for Adhesive Rewriting Systems,Foundations of Software Science and Computation Structures,,,,10.1007/11690634_14,Paolo BaldanAndrea CorradiniTobias HeindelBarbara KönigPaweł Sobociński,2006,https://link.springer.com/chapter/10.1007/11690634_14,Conference paper
Automated Abduction for Computer Forensics,Autonomic and Trusted Computing,,,,10.1007/11839569_48,Andrei DoncescuKatsumi Inoue,2006,https://link.springer.com/chapter/10.1007/11839569_48,Conference paper
Reducing Nondeterminism in the Calculus of Structures,"Logic for Programming, Artificial Intelligence, and Reasoning",,,,10.1007/11916277_19,Ozan Kahramanoğulları,2006,https://link.springer.com/chapter/10.1007/11916277_19,Conference paper
Aspect Categories and Classes of Temporal Properties,Transactions on Aspect-Oriented Software Development I,,,,10.1007/11687061_4,Shmuel Katz,2006,https://link.springer.com/chapter/10.1007/11687061_4,Conference paper
An Effective Source Code Review Process for Embedded Software,Product-Focused Software Process Improvement,,,,10.1007/11767718_8,Masayuki HirayamaKatsumi OhnoNao KawaiKichiro TamaruHiroshi Monden,2006,https://link.springer.com/chapter/10.1007/11767718_8,Conference paper
Why Waste a Perfectly Good Abstraction?,Tools and Algorithms for the Construction and Analysis of Systems,,,,10.1007/11691372_14,Arie GurfinkelMarsha Chechik,2006,https://link.springer.com/chapter/10.1007/11691372_14,Conference paper
Adapting an AI Planning Heuristic for Directed Model Checking,Model Checking Software,,,,10.1007/11691617_3,Sebastian KupferschmidJörg HoffmannHenning DierksGerd Behrmann,2006,https://link.springer.com/chapter/10.1007/11691617_3,Conference paper
Verification of Computation Orchestration Via Timed Automata,Formal Methods and Software Engineering,,,,10.1007/11901433_13,Jin Song DongYang LiuJun SunXian Zhang,2006,https://link.springer.com/chapter/10.1007/11901433_13,Conference paper
Exact XML Type Checking in Polynomial Time,Database Theory – ICDT 2007,,,,10.1007/11965893_18,Sebastian ManethThomas PerstHelmut Seidl,2006,https://link.springer.com/chapter/10.1007/11965893_18,Conference paper
Extended Directed Search for Probabilistic Timed Reachability,Formal Modeling and Analysis of Timed Systems,,,,10.1007/11867340_4,Husain AljazzarStefan Leue,2006,https://link.springer.com/chapter/10.1007/11867340_4,Conference paper
Practical Verification Strategy for Refinement Conditions in UML Models,Advanced Software Engineering: Expanding the Frontiers of Software Technology,,,,10.1007/978-0-387-34831-5_4,Claudia PonsDiego Garcia,2006,https://link.springer.com/chapter/10.1007/978-0-387-34831-5_4,Conference paper
Jartege: A Tool for Random Generation of Unit Tests for Java Classes,Quality of Software Architectures and Software Quality,,,,10.1007/11558569_18,Catherine Oriat,2005,https://link.springer.com/chapter/10.1007/11558569_18,Conference paper
Larger Automata and Less Work for LTL Model Checking,Model Checking Software,,,,10.1007/11691617_4,Jaco GeldenhuysHenri Hansen,2006,https://link.springer.com/chapter/10.1007/11691617_4,Conference paper
Abstract Matching for Software Model Checking,Model Checking Software,,,,10.1007/11691617_11,Pedro de la CámaraMaría del Mar GallardoPedro Merino,2006,https://link.springer.com/chapter/10.1007/11691617_11,Conference paper
Symbolic Model Checking of Concurrent Programs Using Partial Orders and On-the-Fly Transactions,Computer Aided Verification,,,,10.1007/11817963_28,Vineet KahlonAarti GuptaNishant Sinha,2006,https://link.springer.com/chapter/10.1007/11817963_28,Conference paper
Refinement and Theorem Proving,Formal Methods for Hardware Verification,,,,10.1007/11757283_7,Panagiotis Manolios,2006,https://link.springer.com/chapter/10.1007/11757283_7,Conference paper
Protocol Mediation for Adaptation in Semantic Web Services,The Semantic Web: Research and Applications,,,,10.1007/11762256_46,Stuart K. WilliamsSteven A. BattleJavier Esplugas Cuadrado,2006,https://link.springer.com/chapter/10.1007/11762256_46,Conference paper
TPA: Termination Proved Automatically,Term Rewriting and Applications,,,,10.1007/11805618_19,Adam Koprowski,2006,https://link.springer.com/chapter/10.1007/11805618_19,Conference paper
Towards the Formal Model and Verification of Web Service Choreography Description Language,Web Services and Formal Methods,,,,10.1007/11841197_18,Zhao XiangpengYang HongliQiu Zongyan,2006,https://link.springer.com/chapter/10.1007/11841197_18,Conference paper
Automated Recognition of Low-Level Process: A Pilot Validation Study of Zorro for Test-Driven Development,Software Process Change,,,,10.1007/11754305_35,Hongbing KouPhilip M. Johnson,2006,https://link.springer.com/chapter/10.1007/11754305_35,Conference paper
Modeling and Analysis of Exception Handling by Using UML Statecharts,Scientific Engineering of Distributed Java Applications,,,,10.1007/978-3-540-31869-9_6,Gergely PintérIstván Majzik,2005,https://link.springer.com/chapter/10.1007/978-3-540-31869-9_6,Conference paper
An Open Extensible Tool Environment for Event-B,Formal Methods and Software Engineering,,,,10.1007/11901433_32,Jean-Raymond AbrialMichael ButlerStefan HallerstedeLaurent Voisin,2006,https://link.springer.com/chapter/10.1007/11901433_32,Conference paper
From BPEL Processes to YAWL Workflows,Web Services and Formal Methods,,,,10.1007/11841197_7,Antonio BrogiRazvan Popescu,2006,https://link.springer.com/chapter/10.1007/11841197_7,Conference paper
Combining Extended UML Models and Formal Methods to Analyze Real-Time Systems,"Computer Safety, Reliability, and Security",,,,10.1007/11563228_3,Nawal AddoucheChristian AntoineJacky Montmain,2005,https://link.springer.com/chapter/10.1007/11563228_3,Conference paper
Mobility Mechanisms in Service Oriented Computing,Formal Methods for Open Object-Based Distributed Systems,,,,10.1007/11768869_18,Claudio GuidiRoberto Lucchi,2006,https://link.springer.com/chapter/10.1007/11768869_18,Conference paper
Testing Deadlock-Freeness in Real-Time Systems: A Formal Approach,Formal Approaches to Software Testing,,,,10.1007/978-3-540-31848-4_7,Behzad BordbarKozo Okano,2005,https://link.springer.com/chapter/10.1007/978-3-540-31848-4_7,Conference paper
XML Type Checking Using High-Level Tree Transducer,Functional and Logic Programming,,,,10.1007/11737414_7,Akihiko Tozawa,2006,https://link.springer.com/chapter/10.1007/11737414_7,Conference paper
Real Time Reactive Programming in Lucid Enriched with Contexts,Theoretical Aspects of Computing - ICTAC 2004,,,,10.1007/978-3-540-31862-0_28,Kaiyu WanVasu AlagarJoey Paquet,2005,https://link.springer.com/chapter/10.1007/978-3-540-31862-0_28,Conference paper
A semantics of communicating reactive objects with timing,International Journal on Software Tools for Technology Transfer,,,,10.1007/s10009-005-0207-8,Jozef HoomanMark B. van der Zwaag,2005,https://link.springer.com/article/10.1007/s10009-005-0207-8,Article
The KeY tool,Software & Systems Modeling,,,,10.1007/s10270-004-0058-x,Wolfgang AhrendtThomas BaarBernhard BeckertRichard BubelMartin GieseReiner HähnleWolfram MenzelWojciech MostowskiAndreas RothSteffen SchlagerPeter H. Schmitt,2005,https://link.springer.com/article/10.1007/s10270-004-0058-x,Article
Model-Based Testing of Thin-Client Web Applications,Formal Approaches to Software Testing and Runtime Verification,,,,10.1007/11940197_8,Pieter KoopmanRinus PlasmeijerPeter Achten,2006,https://link.springer.com/chapter/10.1007/11940197_8,Conference paper
A High-Level Implementation of Composable Memory Transactions in Concurrent Haskell,Implementation and Application of Functional Languages,,,,10.1007/11964681_8,Frank HuchFrank Kupke,2006,https://link.springer.com/chapter/10.1007/11964681_8,Conference paper
Verification Approach of Metropolis Design Framework for Embedded Systems,International Journal of Parallel Programming,,,,10.1007/s10766-005-0002-x,Xi ChenHarry HsiehFelice Balarin,2006,https://link.springer.com/article/10.1007/s10766-005-0002-x,Article
Practical Declarative Model Transformation with Tefkat,Satellite Events at the MoDELS 2005 Conference,,,,10.1007/11663430_15,Michael LawleyJim Steel,2006,https://link.springer.com/chapter/10.1007/11663430_15,Conference paper
Modeling Mental States in Agent-Oriented Requirements Engineering,Advanced Information Systems Engineering,,,,10.1007/11767138_32,Alexei LapouchnianYves Lespérance,2006,https://link.springer.com/chapter/10.1007/11767138_32,Conference paper
Exploiting practical limitations of UML diagrams for model validation and execution,Software & Systems Modeling,,,,10.1007/s10270-005-0097-y,Friedrich SteimannHeribert Vollmer,2005,https://link.springer.com/article/10.1007/s10270-005-0097-y,Article
The Zerberus Language: Describing the Functional Model of Dependable Real-Time Systems,Dependable Computing,,,,10.1007/11572329_10,Christian BucklAlois KnollGerhard Schrott,2005,https://link.springer.com/chapter/10.1007/11572329_10,Conference paper
Unifying classes and processes,Software & Systems Modeling,,,,10.1007/s10270-005-0085-2,Ana CavalcantiAugusto SampaioJim Woodcock,2005,https://link.springer.com/article/10.1007/s10270-005-0085-2,Article
Partitioning of perfect synchroneous reactive specifications to distributed processors using μ-charts,Software & Systems Modeling,,,,10.1007/s10270-005-0094-1,Peter Scholz,2005,https://link.springer.com/article/10.1007/s10270-005-0094-1,Article
Model-Based Tool-Chain Infrastructure for Automated Analysis of Embedded Systems,Automated Technology for Verification and Analysis,,,,10.1007/11901914_38,Hang SuGraham HemingwayKai ChenT. John Koo,2006,https://link.springer.com/chapter/10.1007/11901914_38,Conference paper
Automatic Synthesis of Assumptions for Compositional Model Checking,Formal Techniques for Networked and Distributed Systems - FORTE 2006,,,,10.1007/11888116_12,Bernd FinkbeinerSven ScheweMatthias Brill,2006,https://link.springer.com/chapter/10.1007/11888116_12,Conference paper
Argumentation and the Dynamics of Warranted Beliefs in Changing Environments,Autonomous Agents and Multi-Agent Systems,,,,10.1007/s10458-005-1354-8,Marcela CapobiancoCarlos I. ChesñevarGuillermo R. Simari,2005,https://link.springer.com/article/10.1007/s10458-005-1354-8,Article
Embedded Software Verification Using Symbolic Execution and Uninterpreted Functions,International Journal of Parallel Programming,,,,10.1007/s10766-005-0004-8,David CurrieXiushan FengMasahiro FujitaAlan J. HuMark KwanSreeranga Rajan,2006,https://link.springer.com/article/10.1007/s10766-005-0004-8,Article
"On the Systematic Analysis of Natural Language Requirements with C<span>IRCE</span>
                  ",Automated Software Engineering,,,,10.1007/s10515-006-5468-2,Vincenzo AmbriolaVincenzo Gervasi,2006,https://link.springer.com/article/10.1007/s10515-006-5468-2,Article
State-based versus event-based specifications for information systems: a comparison of B and <span>eb</span><sup>3</sup>,Software & Systems Modeling,,,,10.1007/s10270-005-0083-4,Benoît FraikinMarc FrappierRégine Laleau,2005,https://link.springer.com/article/10.1007/s10270-005-0083-4,Article
An OCL-Based Technique for Specifying and Verifying Refinement-Oriented Transformations in MDE,Model Driven Engineering Languages and Systems,,,,10.1007/11880240_45,Claudia PonsDiego Garcia,2006,https://link.springer.com/chapter/10.1007/11880240_45,Conference paper
Combining Shape Analyses by Intersecting Abstractions,"Verification, Model Checking, and Abstract Interpretation",,,,10.1007/11609773_3,Gilad ArnoldRoman ManevichMooly SagivRan Shaham,2005,https://link.springer.com/chapter/10.1007/11609773_3,Conference paper
Software Testing with Evolutionary Strategies,Rapid Integration of Software Engineering Techniques,,,,10.1007/11751113_5,Enrique AlbaJ. Francisco Chicano,2006,https://link.springer.com/chapter/10.1007/11751113_5,Conference paper
Z/Eves and the Mondex Electronic Purse,Theoretical Aspects of Computing - ICTAC 2006,,,,10.1007/11921240_2,Jim WoodcockLeo Freitas,2006,https://link.springer.com/chapter/10.1007/11921240_2,Conference paper
Preserving Secrecy Under Refinement,"Automata, Languages and Programming",,,,10.1007/11787006_10,Rajeev AlurPavol ČernýSteve Zdancewic,2006,https://link.springer.com/chapter/10.1007/11787006_10,Conference paper
A Framework for Specification and Validation of Real-Time Systems Using Circus Actions,Theoretical Aspects of Computing - ICTAC 2004,,,,10.1007/978-3-540-31862-0_34,Adnan SherifHe JifengAna CavalcantiAugusto Sampaio,2005,https://link.springer.com/chapter/10.1007/978-3-540-31862-0_34,Conference paper
Testing Web applications by modeling with FSMs,Software & Systems Modeling,,,,10.1007/s10270-004-0077-7,Anneliese A. AndrewsJeff OffuttRoger T. Alexander,2005,https://link.springer.com/article/10.1007/s10270-004-0077-7,Article
The Essence of Multitasking,Algebraic Methodology and Software Technology,,,,10.1007/11784180_14,William L. Harrison,2006,https://link.springer.com/chapter/10.1007/11784180_14,Conference paper
A Priori Conformance Verification for Guaranteeing Interoperability in Open Environments,Service-Oriented Computing – ICSOC 2006,,,,10.1007/11948148_28,Matteo BaldoniCristina BaroglioAlberto MartelliViviana Patti,2006,https://link.springer.com/chapter/10.1007/11948148_28,Conference paper
Exploiting Traces in Program Analysis,Tools and Algorithms for the Construction and Analysis of Systems,,,,10.1007/11691372_25,Alex GroceRajeev Joshi,2006,https://link.springer.com/chapter/10.1007/11691372_25,Conference paper
XML Validation for Context-Free Grammars,Programming Languages and Systems,,,,10.1007/11924661_22,Yasuhiko MinamideAkihiko Tozawa,2006,https://link.springer.com/chapter/10.1007/11924661_22,Conference paper
A Technique for Fault Tolerance Assessment of COTS Based Systems,"Computer Safety, Reliability, and Security",,,,10.1007/11563228_13,Ruben AlexanderssonD. Krishna ChaitanyaPeter ÖhmanYasir Siraj,2005,https://link.springer.com/chapter/10.1007/11563228_13,Conference paper
Regular Inference for State Machines with Parameters,Fundamental Approaches to Software Engineering,,,,10.1007/11693017_10,Therese BergBengt JonssonHarald Raffelt,2006,https://link.springer.com/chapter/10.1007/11693017_10,Conference paper
Fundamentals of Debugging Using a Resolution Calculus,Fundamental Approaches to Software Engineering,,,,10.1007/11693017_21,Daniel KöbFranz Wotawa,2006,https://link.springer.com/chapter/10.1007/11693017_21,Conference paper
Mechanising a Unifying Theory,Unifying Theories of Programming,,,,10.1007/11768173_13,Gift NukaJim Woodcock,2006,https://link.springer.com/chapter/10.1007/11768173_13,Conference paper
Compositional Semantics of an Actor-Based Language Using Constraint Automata,Coordination Models and Languages,,,,10.1007/11767954_18,Marjan SirjaniMohammad Mahdi JaghooriChristel BaierFarhad Arbab,2006,https://link.springer.com/chapter/10.1007/11767954_18,Conference paper
Mobile Resource Guarantees for Smart Devices,"Construction and Analysis of Safe, Secure, and Interoperable Smart Devices",,,,10.1007/978-3-540-30569-9_1,David AspinallStephen GilmoreMartin HofmannDonald SannellaIan Stark,2005,https://link.springer.com/chapter/10.1007/978-3-540-30569-9_1,Conference paper
Programming Languages and Operating Systems,Object-Oriented Technology. ECOOP 2004 Workshop Reader,,,,10.1007/978-3-540-30554-5_19,Olaf SpinczykMichael SchoettnerAndreas Gal,2005,https://link.springer.com/chapter/10.1007/978-3-540-30554-5_19,Conference paper
Separation Logic for Higher-Order Store,Computer Science Logic,,,,10.1007/11874683_38,Bernhard ReusJan Schwinghammer,2006,https://link.springer.com/chapter/10.1007/11874683_38,Conference paper
Interprocedurally Analyzing Polynomial Identities,STACS 2006,,,,10.1007/11672142_3,Markus Müller-OlmMichael PetterHelmut Seidl,2006,https://link.springer.com/chapter/10.1007/11672142_3,Conference paper
The Pragmatics of STAIRS,Formal Methods for Components and Objects,,,,10.1007/11804192_5,Ragnhild Kobro RundeØystein HaugenKetil Stølen,2006,https://link.springer.com/chapter/10.1007/11804192_5,Conference paper
Properties of Behavioural Model Merging,FM 2006: Formal Methods,,,,10.1007/11813040_8,Greg BrunetMarsha ChechikSebastian Uchitel,2006,https://link.springer.com/chapter/10.1007/11813040_8,Conference paper
"Minimization, Learning, and Conformance Testing of Boolean Programs",CONCUR 2006 – Concurrency Theory,,,,10.1007/11817949_14,Viraj KumarP. MadhusudanMahesh Viswanathan,2006,https://link.springer.com/chapter/10.1007/11817949_14,Conference paper
Loop Invariants on Demand,Programming Languages and Systems,,,,10.1007/11575467_9,K. Rustan M. LeinoFrancesco Logozzo,2005,https://link.springer.com/chapter/10.1007/11575467_9,Conference paper
Verifying a Secure Information Flow Analyzer,Theorem Proving in Higher Order Logics,,,,10.1007/11541868_14,David A. Naumann,2005,https://link.springer.com/chapter/10.1007/11541868_14,Conference paper
Symbolic Animation of JML Specifications,FM 2005: Formal Methods,,,,10.1007/11526841_7,Fabrice BouquetFrédéric DadeauBruno LegeardMark Utting,2005,https://link.springer.com/chapter/10.1007/11526841_7,Conference paper
A Survey of Software Development Approaches Addressing Dependability,Scientific Engineering of Distributed Java Applications,,,,10.1007/978-3-540-31869-9_8,Sadaf MustafizJörg Kienzle,2005,https://link.springer.com/chapter/10.1007/978-3-540-31869-9_8,Conference paper
Comprehensive Verification Framework for Dependability of Self-optimizing Systems,Automated Technology for Verification and Analysis,,,,10.1007/11562948_6,Y. ZhaoM. KardosS. OberthürF. J. Rammig,2005,https://link.springer.com/chapter/10.1007/11562948_6,Conference paper
Scenario-Based Statistical Testing of Quality of Service Requirements,"Scenarios: Models, Transformations and Tools",,,,10.1007/11495628_9,Matthias BeyerWinfried Dulz,2005,https://link.springer.com/chapter/10.1007/11495628_9,Conference paper
Validating UML and OCL models in USE by automatic snapshot generation,Software & Systems Modeling,,,,10.1007/s10270-005-0089-y,Martin GogollaJørn BohlingMark Richters,2005,https://link.springer.com/article/10.1007/s10270-005-0089-y,Article
CZT Support for Z Extensions,Integrated Formal Methods,,,,10.1007/11589976_14,Tim MillerLeo FreitasPetra MalikMark Utting,2005,https://link.springer.com/chapter/10.1007/11589976_14,Conference paper
A Rewriting Logic Sampler,Theoretical Aspects of Computing – ICTAC 2005,,,,10.1007/11560647_1,José Meseguer,2005,https://link.springer.com/chapter/10.1007/11560647_1,Conference paper
Formal verification of software source code through semi-automatic modeling,Software & Systems Modeling,,,,10.1007/s10270-003-0042-x,Cindy Eisner,2005,https://link.springer.com/article/10.1007/s10270-003-0042-x,Article
Rewriting-Based Techniques for Runtime Verification,Automated Software Engineering,,,,10.1007/s10515-005-6205-y,Grigore RoşuKlaus Havelund,2005,https://link.springer.com/article/10.1007/s10515-005-6205-y,Article
Fully Automatic Testing with Functions as Specifications,Central European Functional Programming School,,,,10.1007/11894100_2,Pieter KoopmanRinus Plasmeijer,2006,https://link.springer.com/chapter/10.1007/11894100_2,Conference paper
State Space Exploration of Object-Based Systems Using Equivalence Reduction and the Sweepline Method,Automated Technology for Verification and Analysis,,,,10.1007/11562948_16,Charles A. LakosLars M. Kristensen,2005,https://link.springer.com/chapter/10.1007/11562948_16,Conference paper
Parametrized Exceptions,Algebra and Coalgebra in Computer Science,,,,10.1007/11548133_27,Dennis WalterLutz SchröderTill Mossakowski,2005,https://link.springer.com/chapter/10.1007/11548133_27,Conference paper
Building Your Own Software Model Checker Using the Bogor Extensible Model Checking Framework,Computer Aided Verification,,,,10.1007/11513988_15,Matthew B. DwyerJohn HatcliffMatthew HoosierRobby,2005,https://link.springer.com/chapter/10.1007/11513988_15,Conference paper
Automated support for deriving test requirements from UML statecharts,Software & Systems Modeling,,,,10.1007/s10270-005-0090-5,L. C. BriandY. LabicheJ. Cui,2005,https://link.springer.com/article/10.1007/s10270-005-0090-5,Article
Repairing Structurally Complex Data,Model Checking Software,,,,10.1007/11537328_12,Sarfraz KhurshidIván GarcíaYuk Lai Suen,2005,https://link.springer.com/chapter/10.1007/11537328_12,Conference paper
Certified Memory Usage Analysis,FM 2005: Formal Methods,,,,10.1007/11526841_8,David CacheraThomas JensenDavid PichardieGerardo Schneider,2005,https://link.springer.com/chapter/10.1007/11526841_8,Conference paper
Contract-Based Web Service Composition Framework with Correctness Guarantees,Service Availability,,,,10.1007/11560333_5,Nikola Milanovic,2005,https://link.springer.com/chapter/10.1007/11560333_5,Conference paper
The Essence of Dataflow Programming,Programming Languages and Systems,,,,10.1007/11575467_2,Tarmo UustaluVarmo Vene,2005,https://link.springer.com/chapter/10.1007/11575467_2,Conference paper
Abstract Operational Semantics for Use Case Maps,Formal Techniques for Networked and Distributed Systems - FORTE 2005,,,,10.1007/11562436_27,Jameleddine HassineJuergen RillingRachida Dssouli,2005,https://link.springer.com/chapter/10.1007/11562436_27,Conference paper
A Flexible Framework for the Estimation of Coverage Metrics in Explicit State Software Model Checking,"Construction and Analysis of Safe, Secure, and Interoperable Smart Devices",,,,10.1007/978-3-540-30569-9_11,Edwin RodríguezMatthew B. DwyerJohn HatcliffRobby,2005,https://link.springer.com/chapter/10.1007/978-3-540-30569-9_11,Conference paper
Component Verification with Automatically Generated Assumptions,Automated Software Engineering,,,,10.1007/s10515-005-2641-y,Dimitra GiannakopoulouCorina S. PăsăreanuHoward Barringer,2005,https://link.springer.com/article/10.1007/s10515-005-2641-y,Article
Genericity and the π-calculus,Acta Informatica,,,,10.1007/s00236-005-0175-1,Martin BergerKohei HondaNobuko Yoshida,2005,https://link.springer.com/article/10.1007/s00236-005-0175-1,Article
The Efficiency of Critical Slicing in Fault Localization,Software Quality Journal,,,,10.1007/s11219-005-6214-x,Z. A. Al-KhanjariM. R. WoodwardHaider Ali RamadhanN. S. Kutti,2005,https://link.springer.com/article/10.1007/s11219-005-6214-x,Article
Model Checking Machine Code with the GNU Debugger,Model Checking Software,,,,10.1007/11537328_20,Eric MercerMichael Jones,2005,https://link.springer.com/chapter/10.1007/11537328_20,Conference paper
Observational Purity and Encapsulation,Fundamental Approaches to Software Engineering,,,,10.1007/978-3-540-31984-9_15,David A. Naumann,2005,https://link.springer.com/chapter/10.1007/978-3-540-31984-9_15,Conference paper
Time-Aware Coordination in ReSpecT,Coordination Models and Languages,,,,10.1007/11417019_18,Andrea OmiciniAlessandro RicciMirko Viroli,2005,https://link.springer.com/chapter/10.1007/11417019_18,Conference paper
On the Correctness of Operating System Kernels,Theorem Proving in Higher Order Logics,,,,10.1007/11541868_1,Mauro GarganoMark HillebrandDirk LeinenbachWolfgang Paul,2005,https://link.springer.com/chapter/10.1007/11541868_1,Conference paper
A New Foundation for Control-Dependence and Slicing for Modern Program Structures,Programming Languages and Systems,,,,10.1007/978-3-540-31987-0_7,Venkatesh Prasad RanganathTorben AmtoftAnindya BanerjeeMatthew B. DwyerJohn Hatcliff,2005,https://link.springer.com/chapter/10.1007/978-3-540-31987-0_7,Conference paper
A Theorem Proving Approach to Analysis of Secure Information Flow,Security in Pervasive Computing,,,,10.1007/978-3-540-32004-3_20,Ádám DarvasReiner HähnleDavid Sands,2005,https://link.springer.com/chapter/10.1007/978-3-540-32004-3_20,Conference paper
SPLAT: A Tool for Model-Checking and Dynamically-Enforcing Abstractions,Model Checking Software,,,,10.1007/11537328_23,Anil MadhavapeddyDavid ScottRichard Sharp,2005,https://link.springer.com/chapter/10.1007/11537328_23,Conference paper
Role-Based Declarative Synchronization for Reconfigurable Systems,Practical Aspects of Declarative Languages,,,,10.1007/978-3-540-30557-6_6,Vlad TanasescuPaweł T. Wojciechowski,2005,https://link.springer.com/chapter/10.1007/978-3-540-30557-6_6,Conference paper
"Functional programming languages for verification tools: a comparison of Standard <span>ML</span> and <span>Haskell</span>
",International Journal on Software Tools for Technology Transfer,,,,10.1007/s10009-004-0184-3,Martin LeuckerThomas NollPerdita StevensMichael Weber,2005,https://link.springer.com/article/10.1007/s10009-004-0184-3,Article
Cogent: Accurate Theorem Proving for Program Verification,Computer Aided Verification,,,,10.1007/11513988_30,Byron CookDaniel KroeningNatasha Sharygina,2005,https://link.springer.com/chapter/10.1007/11513988_30,Conference paper
Enforcing Resource Bounds via Static Verification of Dynamic Checks,Programming Languages and Systems,,,,10.1007/978-3-540-31987-0_22,Ajay ChanderDavid EspinosaNayeem IslamPeter LeeGeorge Necula,2005,https://link.springer.com/chapter/10.1007/978-3-540-31987-0_22,Conference paper
"Multi-threaded Testing with AOP Is Easy, and It Finds Bugs!",Euro-Par 2005 Parallel Processing,,,,10.1007/11549468_81,Shady CoptyShmuel Ur,2005,https://link.springer.com/chapter/10.1007/11549468_81,Conference paper
Reasoning About Agents’ Interaction Protocols Inside DCaseLP,Declarative Agent Languages and Technologies II,,,,10.1007/11493402_7,M. BaldoniC. BaroglioI. GunguiA. MartelliM. MartelliV. MascardiV. PattiC. Schifanella,2005,https://link.springer.com/chapter/10.1007/11493402_7,Conference paper
Detecting Errors in Multithreaded Programs by Generalized Predictive Analysis of Executions,Formal Methods for Open Object-Based Distributed Systems,,,,10.1007/11494881_14,Koushik SenGrigore RoşuGul Agha,2005,https://link.springer.com/chapter/10.1007/11494881_14,Conference paper
Combining CSP and B for Specification and Property Verification,FM 2005: Formal Methods,,,,10.1007/11526841_16,Michael ButlerMichael Leuschel,2005,https://link.springer.com/chapter/10.1007/11526841_16,Conference paper
Analysis of Modular Arithmetic,Programming Languages and Systems,,,,10.1007/978-3-540-31987-0_5,Markus Müller-OlmHelmut Seidl,2005,https://link.springer.com/chapter/10.1007/978-3-540-31987-0_5,Conference paper
Quality Assurance in Performance: Evaluating Mono Benchmark Results,Quality of Software Architectures and Software Quality,,,,10.1007/11558569_20,Tomas KaliberaLubomir BulejPetr Tuma,2005,https://link.springer.com/chapter/10.1007/11558569_20,Conference paper
Fully Automatic Binding-Time Analysis for Prolog,Logic Based Program Synthesis and Transformation,,,,10.1007/11506676_4,Stephen-John CraigJohn P. GallagherMichael LeuschelKim S. Henriksen,2005,https://link.springer.com/chapter/10.1007/11506676_4,Conference paper
A Provably Correct Compiler for Efficient Model&#xa0;Checking of Mobile&#xa0;Processes,Practical Aspects of Declarative Languages,,,,10.1007/978-3-540-30557-6_10,Ping YangYifei DongC. R. RamakrishnanScott A. Smolka,2005,https://link.springer.com/chapter/10.1007/978-3-540-30557-6_10,Conference paper
Verification of Safety Properties in the Presence of Transactions,"Construction and Analysis of Safe, Secure, and Interoperable Smart Devices",,,,10.1007/978-3-540-30569-9_8,Reiner HähnleWojciech Mostowski,2005,https://link.springer.com/chapter/10.1007/978-3-540-30569-9_8,Conference paper
Towards Provably Correct Code Generation via Horn Logical Continuation Semantics,Practical Aspects of Declarative Languages,,,,10.1007/978-3-540-30557-6_9,Qian WangGopal GuptaMichael Leuschel,2005,https://link.springer.com/chapter/10.1007/978-3-540-30557-6_9,Conference paper
Leftist Grammars and the Chomsky Hierarchy,Fundamentals of Computation Theory,,,,10.1007/11537311_26,Tomasz JurdzińskiKrzysztof Loryś,2005,https://link.springer.com/chapter/10.1007/11537311_26,Conference paper
An MTBDD-Based Implementation of Forward Reachability for Probabilistic Timed Automata,Automated Technology for Verification and Analysis,,,,10.1007/11562948_29,Fuzhi WangMarta Kwiatkowska,2005,https://link.springer.com/chapter/10.1007/11562948_29,Conference paper
Specifying business rules in object-oriented analysis,Software & Systems Modeling,,,,10.1007/s10270-004-0064-z,Frank DevosEric Steegmans,2005,https://link.springer.com/article/10.1007/s10270-004-0064-z,Article
SoftArch/MTE: Generating Distributed System Test-Beds from High-Level Software Architecture Descriptions,Automated Software Engineering,,,,10.1023/B:AUSE.0000049207.62380.74,John GrundyYuhong CaiAnna Liu,2005,https://link.springer.com/article/10.1023/B:AUSE.0000049207.62380.74,Article
Modeling and Verification of Distributed Autonomous Agents Using Logic Programming,Declarative Agent Languages and Technologies II,,,,10.1007/11493402_9,L. Robert PokornyC. R. Ramakrishnan,2005,https://link.springer.com/chapter/10.1007/11493402_9,Conference paper
An Abstract Machine for the Kell Calculus,Formal Methods for Open Object-Based Distributed Systems,,,,10.1007/11494881_3,Philippe BidingerAlan SchmittJean-Bernard Stefani,2005,https://link.springer.com/chapter/10.1007/11494881_3,Conference paper
Efficient Monitoring of ω-Languages,Computer Aided Verification,,,,10.1007/11513988_36,Marcelo d’AmorimGrigore Roşu,2005,https://link.springer.com/chapter/10.1007/11513988_36,Conference paper
Deviation Analysis: A New Use of Model Checking,Automated Software Engineering,,,,10.1007/s10515-005-2642-x,Mats P. E. HeimdahlYunja ChoiMichael W. Whalen,2005,https://link.springer.com/article/10.1007/s10515-005-2642-x,Article
The Metagrammar Compiler: An NLP Application with a Multi-paradigm Architecture,Multiparadigm Programming in Mozart/Oz,,,,10.1007/978-3-540-31845-3_15,Denys DuchierJoseph Le RouxYannick Parmentier,2005,https://link.springer.com/chapter/10.1007/978-3-540-31845-3_15,Conference paper
rCOS: Refinement of Component and Object Systems,Formal Methods for Components and Objects,,,,10.1007/11561163_9,Zhiming LiuHe JifengXiaoshan Li,2005,https://link.springer.com/chapter/10.1007/11561163_9,Conference paper
A Petri Net View of Mobility,Formal Techniques for Networked and Distributed Systems - FORTE 2005,,,,10.1007/11562436_14,Charles A. Lakos,2005,https://link.springer.com/chapter/10.1007/11562436_14,Conference paper
Runtime Verification of Statechart Implementations,Architecting Dependable Systems III,,,,10.1007/11556169_7,Gergely PintérIstván Majzik,2005,https://link.springer.com/chapter/10.1007/11556169_7,Conference paper
An Algorithm for Deciding BAPA: Boolean Algebra with Presburger Arithmetic,Automated Deduction – CADE-20,,,,10.1007/11532231_20,Viktor KuncakHuu Hai NguyenMartin Rinard,2005,https://link.springer.com/chapter/10.1007/11532231_20,Conference paper
Extending Ravenscar with CSP Channels,Reliable Software Technology – Ada-Europe 2005,,,,10.1007/11499909_7,Diyaa-Addein AtiyaSteve King,2005,https://link.springer.com/chapter/10.1007/11499909_7,Conference paper
A Practical Application of Geometric Semantics to Static Analysis of Concurrent Programs,CONCUR 2005 – Concurrency Theory,,,,10.1007/11539452_38,Eric GoubaultEmmanuel Haucourt,2005,https://link.springer.com/chapter/10.1007/11539452_38,Conference paper
Foundations for the Run-Time Monitoring of Reactive Systems – Fundamentals of the MaC Language,Theoretical Aspects of Computing - ICTAC 2004,,,,10.1007/978-3-540-31862-0_38,Mahesh ViswanathanMoonzoo Kim,2005,https://link.springer.com/chapter/10.1007/978-3-540-31862-0_38,Conference paper
On the Utility of Canonical Abstraction,Engineering Theories of Software Intensive Systems,,,,10.1007/1-4020-3532-2_8,Mooly SagivThomas W. RepsReinhard WilhelmEran Yahav,2005,https://link.springer.com/chapter/10.1007/1-4020-3532-2_8,Conference paper
From Conditional to Unconditional Rewriting,Recent Trends in Algebraic Development Techniques,,,,10.1007/978-3-540-31959-7_13,Grigore Roşu,2005,https://link.springer.com/chapter/10.1007/978-3-540-31959-7_13,Conference paper
A Correct Abstract Machine for Safe Ambients,Coordination Models and Languages,,,,10.1007/11417019_2,Daniel HirschkoffDamien PousDavide Sangiorgi,2005,https://link.springer.com/chapter/10.1007/11417019_2,Conference paper
On the Revival of Dynamic Languages,Software Composition,,,,10.1007/11550679_1,Oscar NierstraszAlexandre BergelMarcus DenkerStéphane DucasseMarkus GälliRoel Wuyts,2005,https://link.springer.com/chapter/10.1007/11550679_1,Conference paper
Tabling in Mercury: Design and Implementation,Practical Aspects of Declarative Languages,,,,10.1007/11603023_11,Zoltan SomogyiKonstantinos Sagonas,2005,https://link.springer.com/chapter/10.1007/11603023_11,Conference paper
A Model-Based Approach for Robustness Testing,Testing of Communicating Systems,,,,10.1007/11430230_23,Jean-Claude FernandezLaurent MounierCyril Pachon,2005,https://link.springer.com/chapter/10.1007/11430230_23,Conference paper
A Type System for Computationally Secure Information Flow,Fundamentals of Computation Theory,,,,10.1007/11537311_32,Peeter LaudVarmo Vene,2005,https://link.springer.com/chapter/10.1007/11537311_32,Conference paper
From Prescriptive Programming of Solid-State Devices to Orchestrated Self-organisation of Informed Matter,Unconventional Programming Paradigms,,,,10.1007/11527800_4,Klaus-Peter Zauner,2005,https://link.springer.com/chapter/10.1007/11527800_4,Conference paper
Model Checking for PRS-Like Agents,AI 2005: Advances in Artificial Intelligence,,,,10.1007/11589990_5,Wayne WobckeMarc CheeKrystian Ji,2005,https://link.springer.com/chapter/10.1007/11589990_5,Conference paper
Distributed state space minimization,International Journal on Software Tools for Technology Transfer,,,,10.1007/s10009-004-0185-2,Stefan BlomSimona Orzan,2005,https://link.springer.com/article/10.1007/s10009-004-0185-2,Article
Verifying Programs with Dynamic 1-Selector-Linked Structures in Regular Model Checking,Tools and Algorithms for the Construction and Analysis of Systems,,,,10.1007/978-3-540-31980-1_2,Ahmed BouajjaniPeter HabermehlPierre MoroTomáš Vojnar,2005,https://link.springer.com/chapter/10.1007/978-3-540-31980-1_2,Conference paper
Small Proof Witnesses for LF,Logic Programming,,,,10.1007/11562931_29,Susmit SarkarBrigitte PientkaKarl Crary,2005,https://link.springer.com/chapter/10.1007/11562931_29,Conference paper
Techniques for Scaling Up Analyses Based on Pre-interpretations,Logic Programming,,,,10.1007/11562931_22,John P. GallagherKim S. HenriksenGourinath Banda,2005,https://link.springer.com/chapter/10.1007/11562931_22,Conference paper
A Compositional Operational Semantics for OWL-S,Formal Techniques for Computer Systems and Business Processes,,,,10.1007/11549970_22,Barry NortonSimon FosterAndrew Hughes,2005,https://link.springer.com/chapter/10.1007/11549970_22,Conference paper
From U2TP Models to Executable Tests with TTCN-3 - An Approach to Model Driven Testing -,Testing of Communicating Systems,,,,10.1007/11430230_20,Justyna ZanderZhen Ru DaiIna SchieferdeckerGeorge Din,2005,https://link.springer.com/chapter/10.1007/11430230_20,Conference paper
A CLP Method for Compositional and Intermittent Predicate Abstraction,"Verification, Model Checking, and Abstract Interpretation",,,,10.1007/11609773_2,Joxan JaffarAndrew E. SantosaRăzvan Voicu,2005,https://link.springer.com/chapter/10.1007/11609773_2,Conference paper
Checking JML Specifications with B Machines,ZB 2005: Formal Specification and Development in Z and B,,,,10.1007/11415787_25,Fabrice BouquetFrédéric DadeauJulien Groslambert,2005,https://link.springer.com/chapter/10.1007/11415787_25,Conference paper
Jahuel: A Formal Framework for Software Synthesis,Formal Methods and Software Engineering,,,,10.1007/11576280_15,I. AssayadV. BertinF. -X. DefautPh. GernerO. QuévreuxS. Yovine,2005,https://link.springer.com/chapter/10.1007/11576280_15,Conference paper
Concatenation State Machines and Simple Functions,Implementation and Application of Automata,,,,10.1007/978-3-540-30500-2_11,Wojciech DebskiWojciech Fraczak,2005,https://link.springer.com/chapter/10.1007/978-3-540-30500-2_11,Conference paper
Automated Runtime Validation of Software Architecture Design,Distributed Computing and Internet Technology,,,,10.1007/11604655_52,Zhijiang DongYujian FuYue FuXudong He,2005,https://link.springer.com/chapter/10.1007/11604655_52,Conference paper
A Methodology for Writing Class Contracts,SOFSEM 2005: Theory and Practice of Computer Science,,,,10.1007/978-3-540-30577-4_52,Nele SmeetsEric Steegmans,2005,https://link.springer.com/chapter/10.1007/978-3-540-30577-4_52,Conference paper
An Exception Handling Mechanism for the Concurrent Invocation Statement,Euro-Par 2005 Parallel Processing,,,,10.1007/11549468_77,Hiu Ning (Angela) ChanEsteban PauliBilly Yan-Kit ManAaron W. KeenRonald A. Olsson,2005,https://link.springer.com/chapter/10.1007/11549468_77,Conference paper
Automated Generation and Evaluation of Dataflow-Based Test Data for Object-Oriented Software,Quality of Software Architectures and Software Quality,,,,10.1007/11558569_16,Norbert Oster,2005,https://link.springer.com/chapter/10.1007/11558569_16,Conference paper
An Improved Rule for While Loops in Deductive Program Verification,Formal Methods and Software Engineering,,,,10.1007/11576280_22,Bernhard BeckertSteffen SchlagerPeter H. Schmitt,2005,https://link.springer.com/chapter/10.1007/11576280_22,Conference paper
A Semantics for UML-RT Active Classes via Mapping into Circus,Formal Methods for Open Object-Based Distributed Systems,,,,10.1007/11494881_7,Rodrigo RamosAugusto SampaioAlexandre Mota,2005,https://link.springer.com/chapter/10.1007/11494881_7,Conference paper
Automatic Refinement Checking for B,Formal Methods and Software Engineering,,,,10.1007/11576280_24,Michael LeuschelMichael Butler,2005,https://link.springer.com/chapter/10.1007/11576280_24,Conference paper
"Testing Communicating Systems: a Model, a Methodology, and a Tool",Testing of Communicating Systems,,,,10.1007/11430230_9,Ismaïl BerradaRichard CastanetPatrick Félix,2005,https://link.springer.com/chapter/10.1007/11430230_9,Conference paper
Checking Risky Events Is Enough for Local Policies,Theoretical Computer Science,,,,10.1007/11560586_9,Massimo BartolettiPierpaolo DeganoGian Luigi Ferrari,2005,https://link.springer.com/chapter/10.1007/11560586_9,Conference paper
An Optimised Semantic Web Query Language Implementation in Prolog,Logic Programming,,,,10.1007/11562931_12,Jan Wielemaker,2005,https://link.springer.com/chapter/10.1007/11562931_12,Conference paper
Intensional Programming for Agent Communication,Declarative Agent Languages and Technologies II,,,,10.1007/11493402_14,Vasu S. AlagarJoey PaquetKaiyu Wan,2005,https://link.springer.com/chapter/10.1007/11493402_14,Conference paper
Testing Concurrent Systems: An Interpretation of Intuitionistic Logic,FSTTCS 2005: Foundations of Software Technology and Theoretical Computer Science,,,,10.1007/11590156_42,Radha JagadeesanGopalan NadathurVijay Saraswat,2005,https://link.springer.com/chapter/10.1007/11590156_42,Conference paper
"Observability, Connectivity, and Replay in a Sequential Calculus of Classes",Formal Methods for Components and Objects,,,,10.1007/11561163_13,Erika ÁbrahámMarcello M. BonsangueFrank S. de BoerAndreas GrünerMartin Steffen,2005,https://link.springer.com/chapter/10.1007/11561163_13,Conference paper
Second-Order Principles in Specification Languages for Object-Oriented Programs,"Logic for Programming, Artificial Intelligence, and Reasoning",,,,10.1007/11591191_12,Bernhard BeckertKerry Trentelman,2005,https://link.springer.com/chapter/10.1007/11591191_12,Conference paper
SOA in the Real World – Experiences,Service-Oriented Computing - ICSOC 2005,,,,10.1007/11596141_33,Manoj AcharyaAbhijit KulkarniRajesh KuppiliRohit ManiNitin MoreSrinivas NarayananParthiv PatelKenneth W. SchuelkeSubbu N. Subramanian,2005,https://link.springer.com/chapter/10.1007/11596141_33,Conference paper
Cryptographic Protocol Analysis on Real C Code,"Verification, Model Checking, and Abstract Interpretation",,,,10.1007/978-3-540-30579-8_24,Jean Goubault-LarrecqFabrice Parrennes,2005,https://link.springer.com/chapter/10.1007/978-3-540-30579-8_24,Conference paper
FlexTest: An Aspect-Oriented Framework for Unit Testing,Quality of Software Architectures and Software Quality,,,,10.1007/11558569_19,Dehla SokenouMatthias Vösgen,2005,https://link.springer.com/chapter/10.1007/11558569_19,Conference paper
Semantics of Framed Temporal Logic Programs,Logic Programming,,,,10.1007/11562931_27,Zhenhua DuanXiaoxiao YangMaciej Koutny,2005,https://link.springer.com/chapter/10.1007/11562931_27,Conference paper
Model-Driven Development of Reactive Systems with SDL,SDL 2005: Model Driven,,,,10.1007/11506843_16,Edel Sherratt,2005,https://link.springer.com/chapter/10.1007/11506843_16,Conference paper
Modelling Overhead of Tuple Spaces with Design of Experiments,High Performance Computing for Computational Science - VECPAR 2004,,,,10.1007/11403937_6,Frederic HanckeTom DhaeneJan Broeckhove,2005,https://link.springer.com/chapter/10.1007/11403937_6,Conference paper
Translating Timed I/O Automata Specifications for Theorem Proving in PVS,Formal Modeling and Analysis of Timed Systems,,,,10.1007/11603009_3,Hongping LimDilsun KaynarNancy LynchSayan Mitra,2005,https://link.springer.com/chapter/10.1007/11603009_3,Conference paper
Pair-Sharing Analysis of Object-Oriented Programs,Static Analysis,,,,10.1007/11547662_22,Stefano SecciFausto Spoto,2005,https://link.springer.com/chapter/10.1007/11547662_22,Conference paper
OWL2Jess: A Transformational Implementation of the OWL Semantics,Parallel and Distributed Processing and Applications - ISPA 2005 Workshops,,,,10.1007/11576259_65,Jing MeiElena Paslaru BontasZuoquan Lin,2005,https://link.springer.com/chapter/10.1007/11576259_65,Conference paper
Designing a Domain-Specific Contract Language: A Metamodelling Approach,Model Driven Architecture – Foundations and Applications,,,,10.1007/11581741_14,Zhan En ChanRichard F. Paige,2005,https://link.springer.com/chapter/10.1007/11581741_14,Conference paper
Practical Approach to Specification and Conformance Testing of Distributed Network Applications,Service Availability,,,,10.1007/11560333_6,Victor V. KuliaminNickolay V. PakoulinAlexander K. Petrenko,2005,https://link.springer.com/chapter/10.1007/11560333_6,Conference paper
A Type System Equivalent to a Model Checker,Programming Languages and Systems,,,,10.1007/978-3-540-31987-0_26,Mayur NaikJens Palsberg,2005,https://link.springer.com/chapter/10.1007/978-3-540-31987-0_26,Conference paper
Symbolic computational techniques for solving games,International Journal on Software Tools for Technology Transfer,,,,10.1007/s10009-004-0179-0,Rajeev AlurP. MadhusudanWonhong Nam,2005,https://link.springer.com/article/10.1007/s10009-004-0179-0,Article
Incremental Verification of Owicki/Gries Proof Outlines Using PVS,Formal Methods and Software Engineering,,,,10.1007/11576280_27,Arjan J. MooijWieger Wesselink,2005,https://link.springer.com/chapter/10.1007/11576280_27,Conference paper
Stateful Aspects in JAsCo,Software Composition,,,,10.1007/11550679_13,Wim VanderperrenDavy SuvéeMaría Agustina CibránBruno De Fraine,2005,https://link.springer.com/chapter/10.1007/11550679_13,Conference paper
Automatic Transition of Natural Language Software Requirements Specification into Formal Presentation,Natural Language Processing and Information Systems,,,,10.1007/11428817_45,M. G. IlievaOlga Ormandjieva,2005,https://link.springer.com/chapter/10.1007/11428817_45,Conference paper
Concrete Model Checking with Abstract Matching and Refinement,Computer Aided Verification,,,,10.1007/11513988_7,Corina S. PăsăreanuRadek PelánekWillem Visser,2005,https://link.springer.com/chapter/10.1007/11513988_7,Conference paper
Norm Verification and Analysis of Electronic Institutions,Declarative Agent Languages and Technologies II,,,,10.1007/11493402_10,Wamberto W. Vasconcelos,2005,https://link.springer.com/chapter/10.1007/11493402_10,Conference paper
Critical Systems Development Using Modeling Languages (CSDUML’04): Current Developments and Future Challenges (Report on the Third International Workshop),UML Modeling Languages and Applications,,,,10.1007/978-3-540-31797-5_9,Jan JürjensEduardo B. FernandezRobert B. FranceBernhard RumpeConstance Heitmeyer,2005,https://link.springer.com/chapter/10.1007/978-3-540-31797-5_9,Conference paper
On the Systematic Conformance Check of Software Artefacts,Software Architecture,,,,10.1007/11494713_14,Hylke W. van DijkBas GraafRob Boerman,2005,https://link.springer.com/chapter/10.1007/11494713_14,Conference paper
Verifying Fault-Tolerant Distributed Systems Using Object-Based Graph Grammars,Dependable Computing,,,,10.1007/11572329_9,Fernando L. DottiOdorico M. MendizabalOsmar M. dos Santos,2005,https://link.springer.com/chapter/10.1007/11572329_9,Conference paper
Focusing the Inverse Method for Linear Logic,Computer Science Logic,,,,10.1007/11538363_15,Kaustuv ChaudhuriFrank Pfenning,2005,https://link.springer.com/chapter/10.1007/11538363_15,Conference paper
An Extension of Event B for Developing Grid Systems,ZB 2005: Formal Specification and Development in Z and B,,,,10.1007/11415787_9,Pontus BoströmMarina Waldén,2005,https://link.springer.com/chapter/10.1007/11415787_9,Conference paper
Wolf – Bug Hunter for Concurrent Software Using Formal Methods,Computer Aided Verification,,,,10.1007/11513988_16,Sharon BarnerZiv GlazbergIshai Rabinovitz,2005,https://link.springer.com/chapter/10.1007/11513988_16,Conference paper
Testing Mobile and Distributed Systems: Method and Experimentation,Principles of Distributed Systems,,,,10.1007/11516798_3,Patrice LaurençotSébastien Salva,2005,https://link.springer.com/chapter/10.1007/11516798_3,Conference paper
Reasoning About Threads Communicating via Locks,Computer Aided Verification,,,,10.1007/11513988_49,Vineet KahlonFranjo IvančićAarti Gupta,2005,https://link.springer.com/chapter/10.1007/11513988_49,Conference paper
A Model of Components with Non-regular Protocols,Software Composition,,,,10.1007/11550679_8,Mario Südholt,2005,https://link.springer.com/chapter/10.1007/11550679_8,Conference paper
XRound: Bidirectional Transformations and Unifications Via a Reversible Template Language,Model Driven Architecture – Foundations and Applications,,,,10.1007/11581741_16,Howard ChiversRichard F. Paige,2005,https://link.springer.com/chapter/10.1007/11581741_16,Conference paper
Behavioural Models for Hierarchical Components,Model Checking Software,,,,10.1007/11537328_14,Tomás BarrosLudovic HenrioEric Madelaine,2005,https://link.springer.com/chapter/10.1007/11537328_14,Conference paper
CAMLE: A Caste-Centric Agent-Oriented Modelling Language and Environment,Software Engineering for Multi-Agent Systems III,,,,10.1007/978-3-540-31846-0_9,Lijun ShanHong Zhu,2005,https://link.springer.com/chapter/10.1007/978-3-540-31846-0_9,Conference paper
Developing High Quality Software with Formal Methods: What Else Is Needed?,Formal Techniques for Networked and Distributed Systems - FORTE 2005,,,,10.1007/11562436_2,Constance Heitmeyer,2005,https://link.springer.com/chapter/10.1007/11562436_2,Conference paper
"Formal Methods and Testing: Hypotheses, and Correctness Approximations",FM 2005: Formal Methods,,,,10.1007/11526841_2,Marie-Claude Gaudel,2005,https://link.springer.com/chapter/10.1007/11526841_2,Conference paper
Memory Efficient State Space Storage in Explicit Software Model Checking,Model Checking Software,,,,10.1007/11537328_7,Sami EvangelistaJean-François Pradat-Peyre,2005,https://link.springer.com/chapter/10.1007/11537328_7,Conference paper
L3: A Linear Language with Locations,Typed Lambda Calculi and Applications,,,,10.1007/11417170_22,Greg MorrisettAmal AhmedMatthew Fluet,2005,https://link.springer.com/chapter/10.1007/11417170_22,Conference paper
Semantic Hierarchy Refactoring by Abstract Interpretation,"Verification, Model Checking, and Abstract Interpretation",,,,10.1007/11609773_21,Francesco LogozzoAgostino Cortesi,2005,https://link.springer.com/chapter/10.1007/11609773_21,Conference paper
Semantics of BPEL4WS-Like Fault and Compensation Handling,FM 2005: Formal Methods,,,,10.1007/11526841_24,Zongyan QiuShuling WangGeguang PuXiangpeng Zhao,2005,https://link.springer.com/chapter/10.1007/11526841_24,Conference paper
Consistency Checking of Concurrent Models for Scenario-Based Specifications,SDL 2005: Model Driven,,,,10.1007/11506843_21,Xuandong LiJun HuLei BuJianhua ZhaoGuoliang Zheng,2005,https://link.springer.com/chapter/10.1007/11506843_21,Conference paper
Graded BDI Models for Agent Architectures,Computational Logic in Multi-Agent Systems,,,,10.1007/11533092_8,Ana CasaliLluís GodoCarles Sierra,2005,https://link.springer.com/chapter/10.1007/11533092_8,Conference paper
An Intuitive Tool for Constraint Based Grammars,Constraint Solving and Language Processing,,,,10.1007/11424574_8,Mathieu EstratatLaurent Henocque,2005,https://link.springer.com/chapter/10.1007/11424574_8,Conference paper
Total Order Communications: A Practical Analysis,Dependable Computing - EDCC 5,,,,10.1007/11408901_4,Roberto BaldoniStefano CimminoCarlo Marchetti,2005,https://link.springer.com/chapter/10.1007/11408901_4,Conference paper
A Type Discipline for Authorization Policies,Programming Languages and Systems,,,,10.1007/978-3-540-31987-0_11,Cédric FournetAndrew D. GordonSergio Maffeis,2005,https://link.springer.com/chapter/10.1007/978-3-540-31987-0_11,Conference paper
Improved Algorithm Complexities for Linear Temporal Logic Model Checking of Pushdown Systems,"Verification, Model Checking, and Abstract Interpretation",,,,10.1007/11609773_13,Katia HristovaYanhong A. Liu,2005,https://link.springer.com/chapter/10.1007/11609773_13,Conference paper
History-Based Access Control with Local Policies,Foundations of Software Science and Computational Structures,,,,10.1007/978-3-540-31982-5_20,Massimo BartolettiPierpaolo DeganoGian Luigi Ferrari,2005,https://link.springer.com/chapter/10.1007/978-3-540-31982-5_20,Conference paper
A Model-Oriented Framework for Runtime Monitoring of Nonfunctional Properties,Quality of Software Architectures and Software Quality,,,,10.1007/11558569_5,Kenneth ChanIman PoernomoHeinz SchmidtJane Jayaputera,2005,https://link.springer.com/chapter/10.1007/11558569_5,Conference paper
POST: A Case Study for an Incremental Development in rCOS,Theoretical Aspects of Computing – ICTAC 2005,,,,10.1007/11560647_32,Quan LongZongyan QiuZhiming LiuLingshuang ShaoHe Jifeng,2005,https://link.springer.com/chapter/10.1007/11560647_32,Conference paper
Compiling Formal Specifications to Oz Programs,Multiparadigm Programming in Mozart/Oz,,,,10.1007/978-3-540-31845-3_6,Tim Wahls,2005,https://link.springer.com/chapter/10.1007/978-3-540-31845-3_6,Conference paper
A Methodology and a Framework for Model-Based Testing,Rapid Integration of Software Engineering Techniques,,,,10.1007/11423331_6,Levi LucioLuis PedroDidier Buchs,2005,https://link.springer.com/chapter/10.1007/11423331_6,Conference paper
Is Bosco’s Rule Universal?,"Machines, Computations, and Universality",,,,10.1007/978-3-540-31834-7_15,Kellie Michele Evans,2005,https://link.springer.com/chapter/10.1007/978-3-540-31834-7_15,Conference paper
Efficient Verification of Halting Properties for MPI Programs with Wildcard Receives,"Verification, Model Checking, and Abstract Interpretation",,,,10.1007/978-3-540-30579-8_27,Stephen F. Siegel,2005,https://link.springer.com/chapter/10.1007/978-3-540-30579-8_27,Conference paper
A Fully Abstract Semantics for UML Components,Formal Methods for Components and Objects,,,,10.1007/11561163_3,F. S. de BoerM. M. BonsangueM. SteffenE. Ábrahám,2005,https://link.springer.com/chapter/10.1007/11561163_3,Conference paper
Context-Awareness in Software Architectures,Software Architecture,,,,10.1007/11494713_10,Antónia LopesJosé Luiz Fiadeiro,2005,https://link.springer.com/chapter/10.1007/11494713_10,Conference paper
Specifying and Generating Test Cases Using Observer Automata,Formal Approaches to Software Testing,,,,10.1007/978-3-540-31848-4_9,Johan BlomAnders HesselBengt JonssonPaul Pettersson,2005,https://link.springer.com/chapter/10.1007/978-3-540-31848-4_9,Conference paper
An Automatic Mapping from Statecharts to Verilog,Theoretical Aspects of Computing - ICTAC 2004,,,,10.1007/978-3-540-31862-0_15,Viet-Anh Vu TranShengchao QinWei Ngan Chin,2005,https://link.springer.com/chapter/10.1007/978-3-540-31862-0_15,Conference paper
Minimizing Tree Automata for Unranked Trees,Database Programming Languages,,,,10.1007/11601524_15,Wim MartensJoachim Niehren,2005,https://link.springer.com/chapter/10.1007/11601524_15,Conference paper
Implementation of Catalytic P Systems,Implementation and Application of Automata,,,,10.1007/978-3-540-30500-2_5,Aneta BinderRudolf FreundGeorg LojkaMarion Oswald,2005,https://link.springer.com/chapter/10.1007/978-3-540-30500-2_5,Conference paper
A System Prototype for Solving Multi-granularity Temporal CSP,Recent Advances in Constraints,,,,10.1007/11402763_11,Claudio BettiniSergio MascettiVincenzo Pupillo,2005,https://link.springer.com/chapter/10.1007/11402763_11,Conference paper
How Symbolic Animation Can Help Designing an Efficient Formal Model,Formal Methods and Software Engineering,,,,10.1007/11576280_8,Fabrice BouquetFrédéric DadeauBruno Legeard,2005,https://link.springer.com/chapter/10.1007/11576280_8,Conference paper
Automatic Conformance Testing of Web Services,Fundamental Approaches to Software Engineering,,,,10.1007/978-3-540-31984-9_4,Reiko HeckelLeonardo Mariani,2005,https://link.springer.com/chapter/10.1007/978-3-540-31984-9_4,Conference paper
Decoupling in Object Orientation,FM 2005: Formal Methods,,,,10.1007/11526841_5,Ioannis T. Kassios,2005,https://link.springer.com/chapter/10.1007/11526841_5,Conference paper
Etch: An Enhanced Type Checking Tool for Promela,Model Checking Software,,,,10.1007/11537328_21,Alastair F. DonaldsonSimon J. Gay,2005,https://link.springer.com/chapter/10.1007/11537328_21,Conference paper
Locality-Based Abstractions,Static Analysis,,,,10.1007/11547662_10,Javier EsparzaPierre GantyStefan Schwoon,2005,https://link.springer.com/chapter/10.1007/11547662_10,Conference paper
A distributed algorithm for strong bisimulation reduction of state spaces,International Journal on Software Tools for Technology Transfer,,,,10.1007/s10009-004-0159-4,Stefan BlomSimona Orzan,2005,https://link.springer.com/article/10.1007/s10009-004-0159-4,Article
"Expand, Enlarge and Check... Made Efficient",Computer Aided Verification,,,,10.1007/11513988_38,Gilles GeeraertsJean-François RaskinLaurent Van Begin,2005,https://link.springer.com/chapter/10.1007/11513988_38,Conference paper
Checking the Validity of Scenarios in UML Models,Formal Methods for Open Object-Based Distributed Systems,,,,10.1007/11494881_5,Holger RaschHeike Wehrheim,2005,https://link.springer.com/chapter/10.1007/11494881_5,Conference paper
Computation Orchestration,Engineering Theories of Software Intensive Systems,,,,10.1007/1-4020-3532-2_10,Jayadev Misra,2005,https://link.springer.com/chapter/10.1007/1-4020-3532-2_10,Conference paper
Efficient Management of Multi-Linked Negotiation Based on a Formalized Model,Autonomous Agents and Multi-Agent Systems,,,,10.1007/s10458-004-6978-6,Xiaoqin ZhangVictor LesserSherief Abdallah,2005,https://link.springer.com/article/10.1007/s10458-004-6978-6,Article
Verification of Tree Updates for Optimization,Computer Aided Verification,,,,10.1007/11513988_37,Michael BenediktAngela BonifatiSergio FlescaAvinash Vyas,2005,https://link.springer.com/chapter/10.1007/11513988_37,Conference paper
A Path Sensitive Type System for Resource Usage Verification of C Like Languages,Programming Languages and Systems,,,,10.1007/11575467_18,Hyun-Goo KangYouil KimTaisook HanHwansoo Han,2005,https://link.springer.com/chapter/10.1007/11575467_18,Conference paper
On-the-Fly Reachability and Cycle Detection for Recursive State Machines,Tools and Algorithms for the Construction and Analysis of Systems,,,,10.1007/978-3-540-31980-1_5,Rajeev AlurSwarat ChaudhuriKousha EtessamiP. Madhusudan,2005,https://link.springer.com/chapter/10.1007/978-3-540-31980-1_5,Conference paper
Design and Implementation of an ECA Rule Markup Language,Rules and Rule Markup Languages for the Semantic Web,,,,10.1007/11580072_9,Marco SeiriöMikael Berndtsson,2005,https://link.springer.com/chapter/10.1007/11580072_9,Conference paper
Verification of an Error Correcting Code by Abstract Interpretation,"Verification, Model Checking, and Abstract Interpretation",,,,10.1007/978-3-540-30579-8_22,Charles Hymans,2005,https://link.springer.com/chapter/10.1007/978-3-540-30579-8_22,Conference paper
Process Refinement in B,ZB 2005: Formal Specification and Development in Z and B,,,,10.1007/11415787_4,Steve DunneStacey Conroy,2005,https://link.springer.com/chapter/10.1007/11415787_4,Conference paper
Techniques and applications of computation slicing,Distributed Computing,,,,10.1007/s00446-004-0117-0,Neeraj MittalVijay K. Garg,2005,https://link.springer.com/article/10.1007/s00446-004-0117-0,Article
Quasi-interpretations and Small Space Bounds,Term Rewriting and Applications,,,,10.1007/978-3-540-32033-3_12,Guillaume BonfanteJean-Yves MarionJean-Yves Moyen,2005,https://link.springer.com/chapter/10.1007/978-3-540-32033-3_12,Conference paper
From Natural Semantics to Abstract Machines,Logic Based Program Synthesis and Transformation,,,,10.1007/11506676_16,Mads Sig Ager,2005,https://link.springer.com/chapter/10.1007/11506676_16,Conference paper
Negation Elimination for Finite PCFGs,Logic Based Program Synthesis and Transformation,,,,10.1007/11506676_8,Taisuke SatoYoshitaka Kameya,2005,https://link.springer.com/chapter/10.1007/11506676_8,Conference paper
A New Algorithm for Strategy Synthesis in LTL Games,Tools and Algorithms for the Construction and Analysis of Systems,,,,10.1007/978-3-540-31980-1_31,Aidan HardingMark RyanPierre-Yves Schobbens,2005,https://link.springer.com/chapter/10.1007/978-3-540-31980-1_31,Conference paper
Validated Code Generation for Activity Diagrams,Distributed Computing and Internet Technology,,,,10.1007/11604655_57,A. K. BhattacharjeeR. K. Shyamasundar,2005,https://link.springer.com/chapter/10.1007/11604655_57,Conference paper
Automated Assume-Guarantee Reasoning for Simulation Conformance,Computer Aided Verification,,,,10.1007/11513988_51,Sagar ChakiEdmund ClarkeNishant SinhaPrasanna Thati,2005,https://link.springer.com/chapter/10.1007/11513988_51,Conference paper
Examining Usage Patterns of the FIT Acceptance Testing Framework,Extreme Programming and Agile Processes in Software Engineering,,,,10.1007/11499053_15,Kris ReadGrigori MelnikFrank Maurer,2005,https://link.springer.com/chapter/10.1007/11499053_15,Conference paper
Model Checking Agent Dialogues,Declarative Agent Languages and Technologies II,,,,10.1007/11493402_8,Christopher D. Walton,2005,https://link.springer.com/chapter/10.1007/11493402_8,Conference paper
A Policy Iteration Algorithm for Computing Fixed Points in Static Analysis of Programs,Computer Aided Verification,,,,10.1007/11513988_46,A. CostanS. GaubertE. GoubaultM. MartelS. Putot,2005,https://link.springer.com/chapter/10.1007/11513988_46,Conference paper
Identifying Polynomial-Time Recursive Functions,Computer Science Logic,,,,10.1007/11538363_36,Carsten SchürmannJatin Shah,2005,https://link.springer.com/chapter/10.1007/11538363_36,Conference paper
PiDuce : A Process Calculus with Native XML Datatypes,Formal Techniques for Computer Systems and Business Processes,,,,10.1007/11549970_3,Allen L. BrownCosimo LaneveL. Gregory Meredith,2005,https://link.springer.com/chapter/10.1007/11549970_3,Conference paper
Using SPIN and Eclipse for Optimized High-Level Modeling and Analysis of Computer Network Attack Models,Model Checking Software,,,,10.1007/11537328_19,Gerrit RothmaierTobias KneiphoffHeiko Krumm,2005,https://link.springer.com/chapter/10.1007/11537328_19,Conference paper
prialt in Handel-C: an operational semantics,International Journal on Software Tools for Technology Transfer,,,,10.1007/s10009-004-0181-6,Andrew ButterfieldJim Woodcock,2005,https://link.springer.com/article/10.1007/s10009-004-0181-6,Article
From MSC to SDL: Overview and an Application to the Autonomous Shuttle Transport System,"Scenarios: Models, Transformations and Tools",,,,10.1007/11495628_13,Ferhat KhendekXiao Jun Zhang,2005,https://link.springer.com/chapter/10.1007/11495628_13,Conference paper
Symbolic and Parametric Model Checking of Discrete-Time Markov Chains,Theoretical Aspects of Computing - ICTAC 2004,,,,10.1007/978-3-540-31862-0_21,Conrado Daws,2005,https://link.springer.com/chapter/10.1007/978-3-540-31862-0_21,Conference paper
A Static Analysis Using Tree Automata for XML Access Control,Automated Technology for Verification and Analysis,,,,10.1007/11562948_19,Isao YagiYoshiaki TakataHiroyuki Seki,2005,https://link.springer.com/chapter/10.1007/11562948_19,Conference paper
Scalable Analysis of Linear Systems Using Mathematical Programming,"Verification, Model Checking, and Abstract Interpretation",,,,10.1007/978-3-540-30579-8_2,Sriram SankaranarayananHenny B. SipmaZohar Manna,2005,https://link.springer.com/chapter/10.1007/978-3-540-30579-8_2,Conference paper
Derivation of UML Class Diagrams as Static Views of Formal B Developments,Formal Methods and Software Engineering,,,,10.1007/11576280_4,Akram IdaniYves LedruDidier Bert,2005,https://link.springer.com/chapter/10.1007/11576280_4,Conference paper
A New Graph of Classes for the Preservation of Quantitative Temporal Constraints,Automated Technology for Verification and Analysis,,,,10.1007/11562948_22,Xiaoyu MaoJanette CardosoRobert Valette,2005,https://link.springer.com/chapter/10.1007/11562948_22,Conference paper
Abstraction for Falsification,Computer Aided Verification,,,,10.1007/11513988_8,Thomas BallOrna KupfermanGreta Yorsh,2005,https://link.springer.com/chapter/10.1007/11513988_8,Conference paper
DIAGAL: A Generic ACL for Open Systems,Engineering Societies in the Agents World V,,,,10.1007/11423355_11,Philippe PasquierMathieu BergeronBrahim Chaib-draa,2005,https://link.springer.com/chapter/10.1007/11423355_11,Conference paper
Multiplexing of Partially Ordered Events,Testing of Communicating Systems,,,,10.1007/11430230_8,Colin CampbellMargus VeanesJiale HuoAlexandre Petrenko,2005,https://link.springer.com/chapter/10.1007/11430230_8,Conference paper
Strategic Term Rewriting and Its Application to a Vdm-sl to Sql Conversion,FM 2005: Formal Methods,,,,10.1007/11526841_27,T. L. AlvesP. F. SilvaJ. VisserJ. N. Oliveira,2005,https://link.springer.com/chapter/10.1007/11526841_27,Conference paper
Program Repair as a Game,Computer Aided Verification,,,,10.1007/11513988_23,Barbara JobstmannAndreas GriesmayerRoderick Bloem,2005,https://link.springer.com/chapter/10.1007/11513988_23,Conference paper
On Refinement of Software Architectures,Theoretical Aspects of Computing – ICTAC 2005,,,,10.1007/11560647_31,Sun MengLuís S. BarbosaZhang Naixiao,2005,https://link.springer.com/chapter/10.1007/11560647_31,Conference paper
Secure Information Flow as a Safety Problem,Static Analysis,,,,10.1007/11547662_24,Tachio TerauchiAlex Aiken,2005,https://link.springer.com/chapter/10.1007/11547662_24,Conference paper
Formalising Web Services,Formal Techniques for Networked and Distributed Systems - FORTE 2005,,,,10.1007/11562436_34,Kenneth J. Turner,2005,https://link.springer.com/chapter/10.1007/11562436_34,Conference paper
The Modelling and Analysis of OceanStore Elements Using the CSP Dependability Library,Trustworthy Global Computing,,,,10.1007/11580850_13,William SimmondsTim Hawkins,2005,https://link.springer.com/chapter/10.1007/11580850_13,Conference paper
Symbolic Test Case Generation for Primitive Recursive Functions,Formal Approaches to Software Testing,,,,10.1007/978-3-540-31848-4_2,Achim D. BruckerBurkhart Wolff,2005,https://link.springer.com/chapter/10.1007/978-3-540-31848-4_2,Conference paper
Verifying Protocol Conformance for Logic-Based Communicating Agents,Computational Logic in Multi-Agent Systems,,,,10.1007/11533092_12,Matteo BaldoniCristina BaroglioAlberto MartelliViviana PattiClaudio Schifanella,2005,https://link.springer.com/chapter/10.1007/11533092_12,Conference paper
A Complete Abstract Interpretation Framework for Coverability Properties of WSTS,"Verification, Model Checking, and Abstract Interpretation",,,,10.1007/11609773_4,Pierre GantyJean-François RaskinLaurent Van Begin,2005,https://link.springer.com/chapter/10.1007/11609773_4,Conference paper
A Tree Semantics of an Orchestration Language,Engineering Theories of Software Intensive Systems,,,,10.1007/1-4020-3532-2_11,Tony HoareGalen MenzelJayadev Misra,2005,https://link.springer.com/chapter/10.1007/1-4020-3532-2_11,Conference paper
Agile Formal Method Engineering,Integrated Formal Methods,,,,10.1007/11589976_8,Richard F. PaigePhillip J. Brooke,2005,https://link.springer.com/chapter/10.1007/11589976_8,Conference paper
Synthesizing B Specifications from eb 3 Attribute Definitions,Integrated Formal Methods,,,,10.1007/11589976_13,Frédéric GervaisMarc FrappierRégine Laleau,2005,https://link.springer.com/chapter/10.1007/11589976_13,Conference paper
Dynamic Component Substitutability Analysis,FM 2005: Formal Methods,,,,10.1007/11526841_34,Natasha SharyginaSagar ChakiEdmund ClarkeNishant Sinha,2005,https://link.springer.com/chapter/10.1007/11526841_34,Conference paper
Regular Symbolic Analysis of Dynamic Networks of Pushdown Systems,CONCUR 2005 – Concurrency Theory,,,,10.1007/11539452_36,Ahmed BouajjaniMarkus Müller-OlmTayssir Touili,2005,https://link.springer.com/chapter/10.1007/11539452_36,Conference paper
A Generic Framework for Interprocedural Analysis of Numerical Properties,Static Analysis,,,,10.1007/11547662_17,Markus Müller-OlmHelmut Seidl,2005,https://link.springer.com/chapter/10.1007/11547662_17,Conference paper
A Theory of Predicate-Complete Test Coverage and Generation,Formal Methods for Components and Objects,,,,10.1007/11561163_1,Thomas Ball,2005,https://link.springer.com/chapter/10.1007/11561163_1,Conference paper
Bounded Model Checking of Pointer Programs,Computer Science Logic,,,,10.1007/11538363_28,Witold CharatonikLilia GeorgievaPatrick Maier,2005,https://link.springer.com/chapter/10.1007/11538363_28,Conference paper
A Framework for Reasoning with Rough Sets,Transactions on Rough Sets IV,,,,10.1007/11574798_10,Aida Vitória,2005,https://link.springer.com/chapter/10.1007/11574798_10,Conference paper