Item Title,Publication Title,Book Series Title,Journal Volume,Journal Issue,Item DOI,Authors,Publication Year,URL,Content Type
Formal Runtime Verification of&#xa0;Avionics Systems Using Level-D Flight Simulator Data and&#xa0;NASA/JPL’s F Prime,NASA Formal Methods,,,,10.1007/978-3-032-28079-4_26,Maria C. Moreno,2026,https://link.springer.com/chapter/10.1007/978-3-032-28079-4_26,Conference paper
Software Verification Witnesses Thoroughness,Programming and Computer Software,,,,10.1134/S0361768826700052,V. O. MordanV. S. Mutilin,2026,https://link.springer.com/article/10.1134/S0361768826700052,Article
Automated formal verification of secure aggregation protocols,Automated Software Engineering,,,,10.1007/s10515-026-00670-5,Yuping YanZicen ZhaoFei MingPéter LigetiYaochu Jin,2026,https://link.springer.com/article/10.1007/s10515-026-00670-5,Article
A Pyramid Of (Formal) Software Verification,Formal Methods,,,,10.1007/978-3-031-71177-0_24,Martin BrainElizabeth Polgreen,2025,https://link.springer.com/chapter/10.1007/978-3-031-71177-0_24,Conference paper
Formal methods in industrial critical systems,International Journal on Software Tools for Technology Transfer,,,,10.1007/s10009-025-00815-z,Alessandro CimattiLaura Titolo,2025,https://link.springer.com/article/10.1007/s10009-025-00815-z,Article
AGVTS: Automated Generation and&#xa0;Verification of&#xa0;Temporal Specifications for&#xa0;Aeronautics SCADE Models,Formal Methods,,,,10.1007/978-3-031-71177-0_21,Hanfeng WangZhibin YangYong ZhouXilong WangWeilin DengWei Li,2025,https://link.springer.com/chapter/10.1007/978-3-031-71177-0_21,Conference paper
Guided Integration of&#xa0;Formal Verification in&#xa0;Assurance Cases,Formal Methods and Software Engineering,,,,10.1007/978-981-99-7584-6_11,Irfan SljivoEwen DenneyJonathan Menzies,2023,https://link.springer.com/chapter/10.1007/978-981-99-7584-6_11,Conference paper
Formal Verification of&#xa0;PLCs as&#xa0;a&#xa0;Service: A CERN-GSI Safety-Critical Case Study,NASA Formal Methods,,,,10.1007/978-3-031-93706-4_13,Ignacio D. Lopez-MiguelBorja Fernández AdiegoMatias SalinasChristine Betz,2025,https://link.springer.com/chapter/10.1007/978-3-031-93706-4_13,Conference paper
Tools at&#xa0;the&#xa0;Frontiers of&#xa0;Quantitative Verification,TOOLympics Challenge 2023,,,,10.1007/978-3-031-67695-6_4,Roman AndriushchenkoAlexander BorkCarlos E. BuddeMilan ČeškaKush GroverErnst Moritz HahnArnd HartmannsBryant IsraelsenNils JansenJoshua JeppsonSebastian JungesMaximilian A. KöhlBettina KönighoferJan KřetínskýTobias MeggendorferDavid ParkerStefan PrangerTim QuatmannEnno RuijtersLandon TaylorMatthias VolkMaximilian WeiningerZhen Zhang,2025,https://link.springer.com/chapter/10.1007/978-3-031-67695-6_4,Conference paper
Prove your Colorings: Formal Verification of Cache Coloring of Bao Hypervisor,Fundamental Approaches to Software Engineering,,,,10.1007/978-3-031-90900-9_11,Axel FerréolLaurent CorbinNikolai Kosmatov,2025,https://link.springer.com/chapter/10.1007/978-3-031-90900-9_11,Conference paper
Formal Verification of&#xa0;a&#xa0;Neural Network Based Prognostics System for&#xa0;Aircraft Equipment,Bridging the Gap Between AI and Reality,,,,10.1007/978-3-031-46002-9_13,Dmitrii KirovSimone Fulvio RolliniLuigi Di GuglielmoDarren Cofer,2024,https://link.springer.com/chapter/10.1007/978-3-031-46002-9_13,Conference paper
Automated system-level testing of unmanned aerial systems,Automated Software Engineering,,,,10.1007/s10515-024-00462-9,Hassan SartajAsmar MuqeetMuhammad Zohaib IqbalMuhammad Uzair Khan,2024,https://link.springer.com/article/10.1007/s10515-024-00462-9,Article
Certification of avionic software based on machine learning: the case for formal monotony analysis,International Journal on Software Tools for Technology Transfer,,,,10.1007/s10009-024-00741-6,Mélanie DucoffeChristophe GabreauIleana OberIulian OberEric Guillaume Vidot,2024,https://link.springer.com/article/10.1007/s10009-024-00741-6,Article
Requirements-Driven Model Checking and&#xa0;Test Generation for&#xa0;Comprehensive Verification,NASA Formal Methods,,,,10.1007/978-3-031-06773-0_31,Devesh BhattHao RenAnitha MurugesanJason BiatekSrivatsan VaradarajanNatarajan Shankar,2022,https://link.springer.com/chapter/10.1007/978-3-031-06773-0_31,Conference paper
Monitoring with verified guarantees,International Journal on Software Tools for Technology Transfer,,,,10.1007/s10009-023-00712-3,Jan BaumeisterJohann C. DauerBernd FinkbeinerSebastian Schirmer,2023,https://link.springer.com/article/10.1007/s10009-023-00712-3,Article
Two-Way Collaboration Between Flow and&#xa0;Proof in&#xa0;SPARK,"Verification, Model Checking, and Abstract Interpretation",,,,10.1007/978-3-031-82700-6_8,Claire DrossJoffrey HuguetJohannes Kanig,2025,https://link.springer.com/chapter/10.1007/978-3-031-82700-6_8,Conference paper
Dependency Graphs to&#xa0;Boost the&#xa0;Verification of&#xa0;SysML Models,Model-Driven Engineering and Software Development,,,,10.1007/978-3-031-38821-7_6,Ludovic ApvrillePierre de Saqui-SannesOana HotescuAlessandro Tempia Calvino,2023,https://link.springer.com/chapter/10.1007/978-3-031-38821-7_6,Conference paper
Capturing System Designs with Formal Executable Specifications,Fundamental Approaches to Software Engineering,,,,10.1007/978-3-031-90900-9_1,José Meseguer,2025,https://link.springer.com/chapter/10.1007/978-3-031-90900-9_1,Conference paper
FLARE — Monitoring for&#xa0;the&#xa0;Regulatory Requirements of&#xa0;a&#xa0;Drone Case Study,"Dependable Software Engineering. Theories, Tools, and Applications",,,,10.1007/978-981-95-7826-9_11,Sean FenechChristian ColomboGordon PaceAxel Curmi,2026,https://link.springer.com/chapter/10.1007/978-981-95-7826-9_11,Conference paper
Formal Model Engineering of&#xa0;Distributed CPSs Using AADL: From Behavioral AADL Models to&#xa0;Multirate Hybrid Synchronous AADL,Formal Aspects of Component Software,,,,10.1007/978-3-031-52183-6_7,Kyungmin BaePeter Csaba Ölveczky,2024,https://link.springer.com/chapter/10.1007/978-3-031-52183-6_7,Conference paper
Intelligent automated code review and software quality evaluation: a survey of AutoML and large language model techniques,Automated Software Engineering,,,,10.1007/s10515-026-00668-z,Rohan Appasaheb BorgalliUma RajShwetha Shetty,2026,https://link.springer.com/article/10.1007/s10515-026-00668-z,Article
Abstract Interpretation in Industry – Experience and Lessons Learned,Static Analysis,,,,10.1007/978-3-031-44245-2_2,Daniel KästnerReinhard WilhelmChristian Ferdinand,2023,https://link.springer.com/chapter/10.1007/978-3-031-44245-2_2,Conference paper
The digest framework: concurrency-sensitivity for abstract interpretation,International Journal on Software Tools for Technology Transfer,,,,10.1007/s10009-024-00773-y,Michael SchwarzJulian Erhard,2024,https://link.springer.com/article/10.1007/s10009-024-00773-y,Article
SafeFloatZone: Identify Safe Domains for&#xa0;Elementary Functions,"Embedded Computer Systems: Architectures, Modeling, and Simulation",,,,10.1007/978-3-031-78377-7_9,Markus KrahlMatthias GüdemannStefan Wallentowitz,2025,https://link.springer.com/chapter/10.1007/978-3-031-78377-7_9,Conference paper
A manifesto for applicable formal methods,Software and Systems Modeling,,,,10.1007/s10270-023-01124-2,Mario GleirscherJaco van de PolJim Woodcock,2023,https://link.springer.com/article/10.1007/s10270-023-01124-2,Article
Teaching an Advanced Maude-Based Formal Methods Course in Oslo,Rewriting Logic and Its Applications,,,,10.1007/978-3-031-65941-6_11,Peter Csaba Ölveczky,2024,https://link.springer.com/chapter/10.1007/978-3-031-65941-6_11,Conference paper
Generative AI in&#xa0;Simulation-Based Test Environments for&#xa0;Large-Scale Cyber-Physical Systems: An Industrial Study,Product-Focused Software Process Improvement,,,,10.1007/978-3-032-12089-2_13,Masoud SadrnezhaadJosé Antonio Hernández LópezTorvald MårtenssonDániel Varró,2026,https://link.springer.com/chapter/10.1007/978-3-032-12089-2_13,Conference paper
Challenges Engaging Formal CBSE in&#xa0;Industrial Applications,Formal Aspects of Component Software,,,,10.1007/978-3-031-52183-6_8,Yi LiMeng Sun,2024,https://link.springer.com/chapter/10.1007/978-3-031-52183-6_8,Conference paper
Auto-Generating Visual Editors for&#xa0;Formal Logics with&#xa0;Blockly,Integrated Formal Methods,,,,10.1007/978-3-032-10794-7_22,Angelo FerrandoPeng LuVadim Malvone,2026,https://link.springer.com/chapter/10.1007/978-3-032-10794-7_22,Conference paper
Formal methods and tools for industrial critical systems,International Journal on Software Tools for Technology Transfer,,,,10.1007/s10009-022-00687-7,Alberto Lluch LafuenteAnastasia Mavridou,2022,https://link.springer.com/article/10.1007/s10009-022-00687-7,Article
Compressing ACAS-Xu Lookup Tables with&#xa0;Binary Decision Diagrams,NASA Formal Methods,,,,10.1007/978-3-032-28079-4_24,Martin BoniolJulien BrunelJean-Baptiste ChaudronChristophe GarionXavier Thirioux,2026,https://link.springer.com/chapter/10.1007/978-3-032-28079-4_24,Conference paper
Extending Timed Automata with&#xa0;Clock Derivatives,Integrated Formal Methods,,,,10.1007/978-3-032-10794-7_6,David CortésJean LeneutreVadim MalvoneJames OrtizPierre-Yves Schobbens,2026,https://link.springer.com/chapter/10.1007/978-3-032-10794-7_6,Conference paper
The Rocq-NN-Roll Prover: Soundly Verifying Hyperproperties of Neural Networks in Rocq,Computer Aided Verification,,,,10.1007/978-3-032-32526-6_23,Andrei AleksandrovMalte JackischKim Völlinger,2026,https://link.springer.com/chapter/10.1007/978-3-032-32526-6_23,Conference paper
Synthesizing behavioural models of cyber-physical systems using automata learning and statistical machine learning,Automated Software Engineering,,,,10.1007/s10515-026-00650-9,Negin AyoughiBaharin A. JodatArmina FaghihiPatricio SaavedraShiva NejatiMehrdad Sabetzadeh,2026,https://link.springer.com/article/10.1007/s10515-026-00650-9,Article
Models for formal methods and tools: the case of railway systems,Software and Systems Modeling,,,,10.1007/s10270-025-01276-3,M. H. ter Beek,2025,https://link.springer.com/article/10.1007/s10270-025-01276-3,Article
Formal methods and tools for industrial critical systems,International Journal on Software Tools for Technology Transfer,,,,10.1007/s10009-022-00660-4,Maurice H. ter BeekKim G. LarsenDejan NičkovićTim A. C. Willemse,2022,https://link.springer.com/article/10.1007/s10009-022-00660-4,Article
Formal verification of neural agents in non-deterministic environments,Autonomous Agents and Multi-Agent Systems,,,,10.1007/s10458-021-09529-3,Michael E. AkintundeElena BotoevaPanagiotis KouvarosAlessio Lomuscio,2021,https://link.springer.com/article/10.1007/s10458-021-09529-3,Article
Model-driven system-level validation and verification on the space software domain,Software and Systems Modeling,,,,10.1007/s10270-021-00940-8,Aarón MontalvoPablo ParraÓscar Rodríguez PoloAlberto CarrascoAntonio Da SilvaAgustín MartínezSebastián Sánchez,2021,https://link.springer.com/article/10.1007/s10270-021-00940-8,Article
From High-Level Types to&#xa0;Low-Level Monitors: Synthesizing Verified Runtime Checkers for&#xa0;MAVLink,NASA Formal Methods,,,,10.1007/978-3-032-28079-4_5,Arthur AmorimPaul GazzilloMax TaylorLance Joneckis,2026,https://link.springer.com/chapter/10.1007/978-3-032-28079-4_5,Conference paper
AGREE-Dog Copilot: A Neuro-Symbolic Approach to&#xa0;Enhanced Model-Based Systems Engineering,Bridging the Gap Between AI and Reality,,,,10.1007/978-3-032-07132-3_8,Amer TahatIsaac AmundsonDavid HardinDarren Cofer,2026,https://link.springer.com/chapter/10.1007/978-3-032-07132-3_8,Conference paper
"Extending FRET with SLEEC Rules: Formalization, Obligation Inference, and Monitoring",Tools and Algorithms for the Construction and Analysis of Systems,,,,10.1007/978-3-032-22749-2_4,Mahrokh MiraniPaola InverardiPatrizio PelliccioneFranco RaimondiNicolas Troquard,2026,https://link.springer.com/chapter/10.1007/978-3-032-22749-2_4,Conference paper
Eliminating Flakiness: Deterministic Control for&#xa0;Validating Nondeterministic Asmeta Specifications,NASA Formal Methods,,,,10.1007/978-3-031-93706-4_7,Andrea BombardaSilvia BonfantiAngelo GargantiniNico Pellegrinelli,2025,https://link.springer.com/chapter/10.1007/978-3-031-93706-4_7,Conference paper
A Software Test Maturity Model Customized for Aerospace Industries: A Systematic Literature Review,"Systems, Software and Services Process Improvement",,,,10.1007/978-3-031-71139-8_25,Ayşegül ÖzkurtEbru GökalpAylin Hatip Ipek,2024,https://link.springer.com/chapter/10.1007/978-3-031-71139-8_25,Conference paper
Towards the&#xa0;Strengthening of&#xa0;Capella Modeling Semantics by&#xa0;Integrating Event-B: A Rigorous Model-Based Approach for&#xa0;Safety-Critical Systems,Model and Data Engineering,,,,10.1007/978-3-031-21595-7_9,Khaoula BoubaAbderrahim Ait WakrimeYassine OuhammouRedouane Benaini,2023,https://link.springer.com/chapter/10.1007/978-3-031-21595-7_9,Conference paper
Modeling and formal analysis of virtually synchronous cyber-physical systems in AADL,International Journal on Software Tools for Technology Transfer,,,,10.1007/s10009-022-00665-z,Jaehun LeeKyungmin BaePeter Csaba ÖlveczkySharon KimMinseok Kang,2022,https://link.springer.com/article/10.1007/s10009-022-00665-z,Article
From Mechanized Semantics to Verified Compilation: the Clight Semantics of CompCert,Fundamental Approaches to Software Engineering,,,,10.1007/978-3-031-57259-3_1,Sandrine Blazy,2024,https://link.springer.com/chapter/10.1007/978-3-031-57259-3_1,Conference paper
Graphics Shader Testing for On-Board Visualization System of Civil Aircraft,Programming and Computer Software,,,,10.1134/S0361768825700100,B. Kh. BarladianA. G. VoloboyL. Z. ShapiroE. Yu. DenisovV. A. Galaktionov,2025,https://link.springer.com/article/10.1134/S0361768825700100,Article
Runtime Monitoring DNN-Based Perception,Runtime Verification,,,,10.1007/978-3-031-44267-4_24,Chih-Hong ChengMichael LuttenbergerRongjie Yan,2023,https://link.springer.com/chapter/10.1007/978-3-031-44267-4_24,Conference paper
Exploring the ERTMS/ETCS full moving block specification: an experience with formal methods,International Journal on Software Tools for Technology Transfer,,,,10.1007/s10009-022-00653-3,Davide BasileMaurice H. ter BeekAlessio FerrariAxel Legay,2022,https://link.springer.com/article/10.1007/s10009-022-00653-3,Article
Coverage visualization and analysis of net inscriptions in coloured Petri net models,Innovations in Systems and Software Engineering,,,,10.1007/s11334-023-00528-z,Faustin AhishakiyeJosé Ignacio Requeno JaraboLars Michael KristensenVolker Stolz,2023,https://link.springer.com/article/10.1007/s11334-023-00528-z,Article
AIMOS: Metamorphic Testing of&#xa0;AI - An Industrial Application,"Computer Safety, Reliability, and Security. SAFECOMP 2023 Workshops",,,,10.1007/978-3-031-40953-0_27,Augustin LemesleAymeric VarasseZakaria ChihaniDominique Tachet,2023,https://link.springer.com/chapter/10.1007/978-3-031-40953-0_27,Conference paper
TimeLine Depiction: an approach to graphical notation for supporting temporal property specification,Innovations in Systems and Software Engineering,,,,10.1007/s11334-022-00501-2,Chun-Ok SinYong-Sok Kim,2022,https://link.springer.com/article/10.1007/s11334-022-00501-2,Article
DEPS: a model- and property-based language for system synthesis problems,Software and Systems Modeling,,,,10.1007/s10270-023-01129-x,Pierre-Alain YvarsLaurent Zimmer,2023,https://link.springer.com/article/10.1007/s10270-023-01129-x,Article
Fuzzing-based mutation testing of C/C++ software in cyber-physical systems,Empirical Software Engineering,,,,10.1007/s10664-025-10700-7,Jaekwon LeeFabrizio PastoreLionel Briand,2025,https://link.springer.com/article/10.1007/s10664-025-10700-7,Article
Randomized reachability analysis in UPPAAL: fast error detection in timed systems,International Journal on Software Tools for Technology Transfer,,,,10.1007/s10009-022-00681-z,Andrej KivirigaKim Guldstrand LarsenUlrik Nyman,2022,https://link.springer.com/article/10.1007/s10009-022-00681-z,Article
An Extension of&#xa0;HybridSynchAADL and&#xa0;Its Application to&#xa0;Collaborating Autonomous UAVs,"Leveraging Applications of Formal Methods, Verification and Validation. Adaptation and Learning",,,,10.1007/978-3-031-19759-8_4,Jaehun LeeKyungmin BaePeter Csaba Ölveczky,2022,https://link.springer.com/chapter/10.1007/978-3-031-19759-8_4,Conference paper
Formal Verification of a JavaCard Virtual Machine with Frama-C,Formal Methods,,,,10.1007/978-3-030-90870-6_23,Adel DjoudiMartin HánaNikolai Kosmatov,2021,https://link.springer.com/chapter/10.1007/978-3-030-90870-6_23,Conference paper
Formal Methods and&#xa0;Tools Applied in&#xa0;the&#xa0;Railway Domain,Rigorous State-Based Methods,,,,10.1007/978-3-031-63790-2_1,Maurice H. ter Beek,2024,https://link.springer.com/chapter/10.1007/978-3-031-63790-2_1,Conference paper
Verification and refutation of C programs based on <i>k</i>-induction and invariant inference,International Journal on Software Tools for Technology Transfer,,,,10.1007/s10009-020-00564-1,Omar M. AlhawiHerbert RochaMikhail R. GadelhaLucas C. CordeiroEddie Batista,2020,https://link.springer.com/article/10.1007/s10009-020-00564-1,Article
"A Streamlined, Formal Approach to&#xa0;Requirements-Based Testing",NASA Formal Methods,,,,10.1007/978-3-031-93706-4_10,Andreas KatisAnastasia MavridouTom Pressburger,2025,https://link.springer.com/chapter/10.1007/978-3-031-93706-4_10,Conference paper
Safe and&#xa0;Secure Future AI-Driven Railway Technologies: Challenges for&#xa0;Formal Methods in&#xa0;Railway,"Leveraging Applications of Formal Methods, Verification and Validation. Practice",,,,10.1007/978-3-031-19762-8_20,Monika SeisenbergerMaurice H. ter BeekXiuyi FanAlessio FerrariAnne E. HaxthausenPhillip JamesAndrew LawrenceBas LuttikJaco van de PolSimon Wimmer,2022,https://link.springer.com/chapter/10.1007/978-3-031-19762-8_20,Conference paper
Level-Up - From Bits to&#xa0;Words,Formal Methods: Foundations and Applications,,,,10.1007/978-3-031-22476-8_8,Matthias GüdemannKlaus Riedl,2022,https://link.springer.com/chapter/10.1007/978-3-031-22476-8_8,Conference paper
Intrepid: A Scriptable and Cloud-Ready SMT-Based Model Checker,Formal Methods for Industrial Critical Systems,,,,10.1007/978-3-030-85248-1_13,Roberto Bruttomesso,2021,https://link.springer.com/chapter/10.1007/978-3-030-85248-1_13,Conference paper
Monitoring with Verified Guarantees,Runtime Verification,,,,10.1007/978-3-030-88494-9_4,Johann C. DauerBernd FinkbeinerSebastian Schirmer,2021,https://link.springer.com/chapter/10.1007/978-3-030-88494-9_4,Conference paper
"TriCo—Triple Co-piloting of&#xa0;Implementation, Specification and&#xa0;Tests","Leveraging Applications of Formal Methods, Verification and Validation. Verification Principles",,,,10.1007/978-3-031-19849-6_11,Wolfgang AhrendtDilian GurovMoa JohanssonPhilipp Rümmer,2022,https://link.springer.com/chapter/10.1007/978-3-031-19849-6_11,Conference paper
Formal Methods for&#xa0;Trusted Space Autonomy: Boon or&#xa0;Bane?,NASA Formal Methods,,,,10.1007/978-3-031-06773-0_1,Steve A. Chien,2022,https://link.springer.com/chapter/10.1007/978-3-031-06773-0_1,Conference paper
Towards a framework for certification of reliable autonomous systems,Autonomous Agents and Multi-Agent Systems,,,,10.1007/s10458-020-09487-2,Michael FisherViviana MascardiKristin Yvonne RozierBernd-Holger SchlingloffMichael WinikoffNeil Yorke-Smith,2020,https://link.springer.com/article/10.1007/s10458-020-09487-2,Article
Verifying the Mathematical Library of an UAV Autopilot with Frama-C,Formal Methods for Industrial Critical Systems,,,,10.1007/978-3-030-85248-1_10,Baptiste PollienChristophe GarionGautier HattenbergerPierre RouxXavier Thirioux,2021,https://link.springer.com/chapter/10.1007/978-3-030-85248-1_10,Conference paper
Teaching Formal Methods to&#xa0;Undergraduate Students Using Maude,Rewriting Logic and Its Applications,,,,10.1007/978-3-031-12441-9_5,Peter Csaba Ölveczky,2022,https://link.springer.com/chapter/10.1007/978-3-031-12441-9_5,Conference paper
An Ontology-Based Approach to Support Formal Verification of Concurrent Systems,Formal Methods. FM 2019 International Workshops,,,,10.1007/978-3-030-54994-7_9,Natalia GaraninaIgor AnureevElena SidorovaDmitry KoznovVladimir ZyubinSergei Gorlatch,2020,https://link.springer.com/chapter/10.1007/978-3-030-54994-7_9,Conference paper
Teaching Formal Methods for Fun Using Maude,Formal Methods – Fun for Everybody,,,,10.1007/978-3-030-71374-4_3,Peter Csaba Ölveczky,2021,https://link.springer.com/chapter/10.1007/978-3-030-71374-4_3,Conference paper
Pragmatic reuse for DSML development,Software and Systems Modeling,,,,10.1007/s10270-020-00831-4,Stefan KlikovitsDidier Buchs,2020,https://link.springer.com/article/10.1007/s10270-020-00831-4,Article
Apply Formal Methods in Certifying the SyberX High-Assurance Kernel,Formal Methods,,,,10.1007/978-3-030-90870-6_46,Wenjing XuYongwang ZhaoChengtao CaoJean Raphael Ngnie SighomLei WangZhe JiangShihong Zou,2021,https://link.springer.com/chapter/10.1007/978-3-030-90870-6_46,Conference paper
Integration of COTS Processing Architectures in Small Satellites for Onboard Computing Using Fault Injection Testing Methodology,Software Engineering and Formal Methods. SEFM 2021 Collocated Workshops,,,,10.1007/978-3-031-12429-7_24,Jose-Carlos Gamazo-RealJuan Rafael Zamorano-FloresÁngel Sanz-Andrés,2022,https://link.springer.com/chapter/10.1007/978-3-031-12429-7_24,Conference paper
Dash: declarative behavioural modelling in Alloy with control state hierarchy,Software and Systems Modeling,,,,10.1007/s10270-022-01012-1,Jose SernaNancy A. DayShahram Esmaeilsabzali,2022,https://link.springer.com/article/10.1007/s10270-022-01012-1,Article
Hybrid SynchAADL: Modeling and Formal Analysis of Virtually Synchronous CPSs in AADL,Computer Aided Verification,,,,10.1007/978-3-030-81685-8_23,Jaehun LeeSharon KimKyungmin BaePeter Csaba Ölveczky,2021,https://link.springer.com/chapter/10.1007/978-3-030-81685-8_23,Conference paper
Formal requirements modeling for cyber-physical systems engineering: an integrated solution based on FORM-L and Modelica,Requirements Engineering,,,,10.1007/s00766-021-00359-z,Daniel BouskelaAlberto FalconeAlfredo GarroAudrey JardinMartin OtterNguyen ThuyAndrea Tundis,2021,https://link.springer.com/article/10.1007/s00766-021-00359-z,Article
"A Model-Based Approach to the Design, Verification and Deployment of Railway Interlocking System","Leveraging Applications of Formal Methods, Verification and Validation: Applications",,,,10.1007/978-3-030-61467-6_16,Arturo AmendolaAnna BecchiRoberto CavadaAlessandro CimattiAlberto GriggioGiuseppe ScaglioneAngelo SusiAlberto TacchellaMatteo Tessi,2020,https://link.springer.com/chapter/10.1007/978-3-030-61467-6_16,Conference paper
An Abstract Contract Theory for Programs with Procedures,Fundamental Approaches to Software Engineering,,,,10.1007/978-3-030-71500-7_8,Christian LidströmDilian Gurov,2021,https://link.springer.com/chapter/10.1007/978-3-030-71500-7_8,Conference paper
"Practitioners’ best practices to Adopt, Use or Abandon Model-based Testing with Graphical models for Software-intensive Systems",Empirical Software Engineering,,,,10.1007/s10664-022-10145-2,Emil AlégrothKristian KarlHelena RosshagenTomas HelmfridssonNils Olsson,2022,https://link.springer.com/article/10.1007/s10664-022-10145-2,Article
Efficient Analysis of Cyclic Redundancy Architectures via Boolean Fault Propagation,Tools and Algorithms for the Construction and Analysis of Systems,,,,10.1007/978-3-030-99527-0_15,Marco BozzanoAlessandro CimattiAlberto GriggioMartin Jonáš,2022,https://link.springer.com/chapter/10.1007/978-3-030-99527-0_15,Conference paper
QPR Verify: A Static Analysis Tool for&#xa0;Embedded Software Based on Bounded Model Checking,Software Verification,,,,10.1007/978-3-030-63618-0_2,Marko Kleine BüningCarsten SinzDavid Faragó,2020,https://link.springer.com/chapter/10.1007/978-3-030-63618-0_2,Conference paper
"A Functional Verification Methodology for Highly Parametrizable, Continuously Operating Safety-Critical FPGA Designs: Applied to the CERN RadiatiOn Monitoring Electronics (CROME)","Computer Safety, Reliability, and Security",,,,10.1007/978-3-030-54549-9_5,Katharina Ceesay-SeitzHamza BoukabacheDaniel Perrin,2020,https://link.springer.com/chapter/10.1007/978-3-030-54549-9_5,Conference paper
Leveraging Event-B Theories for Handling Domain Knowledge in Design Models,"Dependable Software Engineering. Theories, Tools, and Applications",,,,10.1007/978-3-030-91265-9_3,Ismail MendilYamine Aït-AmeurNeeraj Kumar SinghDominique MéryPhilippe Palanque,2021,https://link.springer.com/chapter/10.1007/978-3-030-91265-9_3,Conference paper
Formal Analysis of AI-Based Autonomy: From Modeling to Runtime Assurance,Runtime Verification,,,,10.1007/978-3-030-88494-9_19,Hazem TorfahSebastian JungesDaniel J. FremontSanjit A. Seshia,2021,https://link.springer.com/chapter/10.1007/978-3-030-88494-9_19,Conference paper
Verification and abstraction of real-time variability-intensive systems,International Journal on Software Tools for Technology Transfer,,,,10.1007/s10009-019-00537-z,Maxime CordyAxel Legay,2019,https://link.springer.com/article/10.1007/s10009-019-00537-z,Article
A Survey on&#xa0;Applications of&#xa0;Formal Methods in&#xa0;Analysis of&#xa0;SCADA Systems,Critical Information Infrastructures Security,,,,10.1007/978-3-030-93200-8_6,Mihael MarovićAnte DerekStjepan Groš,2021,https://link.springer.com/chapter/10.1007/978-3-030-93200-8_6,Conference paper
An SMT-Based Approach for Verifying Binarized Neural Networks,Tools and Algorithms for the Construction and Analysis of Systems,,,,10.1007/978-3-030-72013-1_11,Guy AmirHaoze WuClark BarrettGuy Katz,2021,https://link.springer.com/chapter/10.1007/978-3-030-72013-1_11,Conference paper
Randomized Reachability Analysis in Uppaal: Fast Error Detection in Timed Systems,Formal Methods for Industrial Critical Systems,,,,10.1007/978-3-030-85248-1_9,Andrej KivirigaKim Guldstrand LarsenUlrik Nyman,2021,https://link.springer.com/chapter/10.1007/978-3-030-85248-1_9,Conference paper
A Survey of Papers from Formal Methods for Interactive Systems (FMIS) Workshops,Formal Methods. FM 2019 International Workshops,,,,10.1007/978-3-030-54994-7_33,Pascal BégerSebastien LericheDaniel Prun,2020,https://link.springer.com/chapter/10.1007/978-3-030-54994-7_33,Conference paper
An Event-B formal model for a system reconfiguration pattern and its instantiation: application to Web services compensation,Service Oriented Computing and Applications,,,,10.1007/s11761-021-00314-4,Yamine Ait-AmeurGuillaume BabinMarc Pantel,2021,https://link.springer.com/article/10.1007/s11761-021-00314-4,Article
A Family of Domain-Specific Languages for Integrated Modular Avionics,Quality of Information and Communications Technology,,,,10.1007/978-3-030-29238-6_17,Ricardo AlvesVasco AmaralJoão CintraBruno Tavares,2019,https://link.springer.com/chapter/10.1007/978-3-030-29238-6_17,Conference paper
AequeVox: Automated Fairness Testing of Speech Recognition Systems,Fundamental Approaches to Software Engineering,,,,10.1007/978-3-030-99429-7_14,Sai Sathiesh RajanSakshi UdeshiSudipta Chattopadhyay,2022,https://link.springer.com/chapter/10.1007/978-3-030-99429-7_14,Conference paper
Hierarchical Contract-Based Synthesis for&#xa0;Assurance Cases,NASA Formal Methods,,,,10.1007/978-3-031-06773-0_9,Timothy E. WangZamira DawPierluigi NuzzoAlessandro Pinto,2022,https://link.springer.com/chapter/10.1007/978-3-031-06773-0_9,Conference paper
Improving timing analysis effectiveness for scenario-based specifications by combining SAT and LP techniques,Software and Systems Modeling,,,,10.1007/s10270-022-00980-8,Longlong LuMinxue PanTian ZhangXuandong Li,2022,https://link.springer.com/article/10.1007/s10270-022-00980-8,Article
Teaching Deductive Verification Through Frama-C and SPARK for Non Computer Scientists,Formal Methods Teaching,,,,10.1007/978-3-030-32441-4_2,Léo CreuseClaire DrossChristophe GarionJérôme HuguesJoffrey Huguet,2019,https://link.springer.com/chapter/10.1007/978-3-030-32441-4_2,Conference paper
Towards Zero Alarms in Sound Static Analysis of Finite State Machines,"Computer Safety, Reliability, and Security",,,,10.1007/978-3-030-26601-1_1,Josselin GietLaurent MauborgneDaniel KästnerChristian Ferdinand,2019,https://link.springer.com/chapter/10.1007/978-3-030-26601-1_1,Conference paper
Adapting to Different Types of Target Audience in Teaching Formal Methods,Formal Methods – Fun for Everybody,,,,10.1007/978-3-030-71374-4_5,Antonio CeroneKarl Reiner Lermer,2021,https://link.springer.com/chapter/10.1007/978-3-030-71374-4_5,Conference paper
Assurance Provenance: The Next Challenge in&#xa0;Software Documentation,"Leveraging Applications of Formal Methods, Verification and Validation. Software Engineering",,,,10.1007/978-3-031-19756-7_6,Gabor KarsaiDaniel Balasubramanian,2022,https://link.springer.com/chapter/10.1007/978-3-031-19756-7_6,Conference paper
The 2020 Expert Survey on Formal Methods,Formal Methods for Industrial Critical Systems,,,,10.1007/978-3-030-58298-2_1,Hubert GaravelMaurice H. ter BeekJaco van de Pol,2020,https://link.springer.com/chapter/10.1007/978-3-030-58298-2_1,Conference paper
Towards Agile Mutation Testing Using Branch Coverage Based Prioritization Technique,Lean and Agile Software Development,,,,10.1007/978-3-030-94238-0_9,Sangharatna GodboleyDurga Prasad Mohapatra,2022,https://link.springer.com/chapter/10.1007/978-3-030-94238-0_9,Conference paper
Standard Conformance-by-Construction with Event-B,Formal Methods for Industrial Critical Systems,,,,10.1007/978-3-030-85248-1_8,Ismail MendilYamine Aït-AmeurNeeraj Kumar SinghDominique MéryPhilippe Palanque,2021,https://link.springer.com/chapter/10.1007/978-3-030-85248-1_8,Conference paper
Towards Certification of a Reduced Footprint ACAS-Xu System: A Hybrid ML-Based Solution,"Computer Safety, Reliability, and Security",,,,10.1007/978-3-030-83903-1_3,Mathieu DamourFlorence De GranceyChristophe GabreauAdrien GauffriauJean-Brice GinestetAlexandre HervieuThomas HurauxClaire PagettiLudovic PonsolleArthur Clavière,2021,https://link.springer.com/chapter/10.1007/978-3-030-83903-1_3,Conference paper
Formal Verification of Random Forests in Safety-Critical Applications,Formal Techniques for Safety-Critical Systems,,,,10.1007/978-3-030-12988-0_4,John TörnblomSimin Nadjm-Tehrani,2019,https://link.springer.com/chapter/10.1007/978-3-030-12988-0_4,Conference paper
Testing Avionics Software: Is FMI up&#xa0;to the Task?,"Leveraging Applications of Formal Methods, Verification and Validation. Distributed Systems",,,,10.1007/978-3-030-03424-5_32,Jörg BrauerOliver MöllerJan Peleska,2018,https://link.springer.com/chapter/10.1007/978-3-030-03424-5_32,Conference paper
Machine Learning Opportunities in Flight Test: Preflight Checks,SN Computer Science,,,,10.1007/s42979-024-02874-6,Joel R. WalkerDavid Claudio,2024,https://link.springer.com/article/10.1007/s42979-024-02874-6,Article
On Teaching Applied Formal Methods in Aerospace Engineering,Formal Methods Teaching,,,,10.1007/978-3-030-32441-4_8,Kristin Yvonne Rozier,2019,https://link.springer.com/chapter/10.1007/978-3-030-32441-4_8,Conference paper
Software requirements testing approaches: a systematic literature review,Requirements Engineering,,,,10.1007/s00766-019-00325-w,Jemison dos SantosLuiz Eduardo G. MartinsValdivino A. de Santiago JúniorLucas Venezian PovoaLuciana Brasil R. dos Santos,2019,https://link.springer.com/article/10.1007/s00766-019-00325-w,Article
Specification Quality Metrics Based on Mutation and Inductive Incremental Model Checking,NASA Formal Methods,,,,10.1007/978-3-030-55754-6_11,Vassil TodorovSafouan TahaFrédéric Boulanger,2020,https://link.springer.com/chapter/10.1007/978-3-030-55754-6_11,Conference paper
Test input generation from cause–effect graphs,Software Quality Journal,,,,10.1007/s11219-021-09560-3,Deniz Kavzak UfuktepeTolga AyavFevzi Belli,2021,https://link.springer.com/article/10.1007/s11219-021-09560-3,Article
Model-Based Verification and Testing Methodology for Safety-Critical Airborne Systems,New Trends in Model and Data Engineering,,,,10.1007/978-3-030-02852-7_6,Mounia ElqortobiWarda El-KhoulyAmine RahjJamal BentaharRachida Dssouli,2018,https://link.springer.com/chapter/10.1007/978-3-030-02852-7_6,Conference paper
Automated formal synthesis of provably safe digital controllers for continuous plants,Acta Informatica,,,,10.1007/s00236-019-00359-1,Alessandro AbateIury BessaLucas CordeiroCristina DavidPascal KesseliDaniel KroeningElizabeth Polgreen,2019,https://link.springer.com/article/10.1007/s00236-019-00359-1,Article
A formal approach to AADL model-based software engineering,International Journal on Software Tools for Technology Transfer,,,,10.1007/s10009-019-00513-7,Hana MkaouarBechir ZalilaJérôme HuguesMohamed Jmaiel,2019,https://link.springer.com/article/10.1007/s10009-019-00513-7,Article
Qualification of a Model Checker for Avionics Software Verification,NASA Formal Methods,,,,10.1007/978-3-319-57288-8_29,Lucas WagnerAlain MebsoutCesare TinelliDarren CoferKonrad Slind,2017,https://link.springer.com/chapter/10.1007/978-3-319-57288-8_29,Conference paper
Automatic Generation of DO-178 Test Procedures,NASA Formal Methods,,,,10.1007/978-3-319-77935-5_27,César Ochoa EscuderoRémi DelmasThomas BochotMatthieu DavidVirginie Wiels,2018,https://link.springer.com/chapter/10.1007/978-3-319-77935-5_27,Conference paper
Survey on Formal Methods and Tools in Railways: The ASTRail Approach,"Reliability, Safety, and Security of Railway Systems. Modelling, Analysis, Verification, and Certification",,,,10.1007/978-3-030-18744-6_15,Alessio FerrariMaurice H. ter BeekFranco MazzantiDavide BasileAlessandro FantechiStefania GnesiAndrea PiattinoDaniele Trentini,2019,https://link.springer.com/chapter/10.1007/978-3-030-18744-6_15,Conference paper
Verification Coverage for Combining Test and Proof,Tests and Proofs,,,,10.1007/978-3-319-92994-1_7,Viet Hoang LeLoïc CorrensonJulien SignolesVirginie Wiels,2018,https://link.springer.com/chapter/10.1007/978-3-319-92994-1_7,Conference paper
Model-Based Testing for Avionics Systems,Formal Methods,,,,10.1007/978-3-319-95582-7_40,Jörg BrauerUwe Schulze,2018,https://link.springer.com/chapter/10.1007/978-3-319-95582-7_40,Conference paper
Automating requirements analysis and test case generation,Requirements Engineering,,,,10.1007/s00766-019-00316-x,Abha MoitraKit SiuAndrew W. CrapoMichael DurlingMeng LiPanagiotis ManoliosMichael MeinersCraig McMillan,2019,https://link.springer.com/article/10.1007/s00766-019-00316-x,Article
"<span class=""mathjax-tex"">\(\hbox {CTL}^{\star }\)</span> family-based model checking using variability abstractions and modal transition systems",International Journal on Software Tools for Technology Transfer,,,,10.1007/s10009-019-00528-0,Aleksandar S. Dimovski,2019,https://link.springer.com/article/10.1007/s10009-019-00528-0,Article
Slicing from formal semantics: Chisel—a tool for generic program slicing,International Journal on Software Tools for Technology Transfer,,,,10.1007/s10009-018-0500-y,Irina Măriuca AsăvoaeMihail AsăvoaeAdrián Riesco,2018,https://link.springer.com/article/10.1007/s10009-018-0500-y,Article
Formal methods for transport systems,International Journal on Software Tools for Technology Transfer,,,,10.1007/s10009-018-0487-4,Maurice H. ter BeekStefania GnesiAlexander Knapp,2018,https://link.springer.com/article/10.1007/s10009-018-0487-4,Article
Flexible Formality Practical Experience with Agile Formal Methods,Trends in Functional Programming,,,,10.1007/978-3-030-57761-2_5,Philipp KantKevin HammondDuncan CouttsJames ChapmanNicholas ClarkeJared CorduanNeil DaviesJavier DíazMatthias GüdemannWolfgang JeltschMarcin SzamotulskiPolina Vinogradova,2020,https://link.springer.com/chapter/10.1007/978-3-030-57761-2_5,Conference paper
Coverage Analysis of Net Inscriptions in Coloured Petri Net Models,Verification and Evaluation of Computer and Communication Systems,,,,10.1007/978-3-030-65955-4_6,Faustin AhishakiyeJosé Ignacio Requeno JaraboLars Michael KristensenVolker Stolz,2020,https://link.springer.com/chapter/10.1007/978-3-030-65955-4_6,Conference paper
Integrated formal verification of safety-critical software,International Journal on Software Tools for Technology Transfer,,,,10.1007/s10009-017-0475-0,Ning GeEric JennNicolas BretonYoann Fonteneau,2017,https://link.springer.com/article/10.1007/s10009-017-0475-0,Article
Adopting Formal Methods in an Industrial Setting: The Railways Case,Formal Methods – The Next 30 Years,,,,10.1007/978-3-030-30942-8_46,Maurice H. ter BeekArne BorälvAlessandro FantechiAlessio FerrariStefania GnesiChrister LöfvingFranco Mazzanti,2019,https://link.springer.com/chapter/10.1007/978-3-030-30942-8_46,Conference paper
Verification of Fault-Tolerant Protocols with Sally,NASA Formal Methods,,,,10.1007/978-3-319-77935-5_8,Bruno DutertreDejan JovanovićJorge A. Navas,2018,https://link.springer.com/chapter/10.1007/978-3-319-77935-5_8,Conference paper
Sharing Ghost Variables in a Collection of Abstract Domains,"Verification, Model Checking, and Abstract Interpretation",,,,10.1007/978-3-030-39322-9_8,Marc ChevalierJérôme Feret,2020,https://link.springer.com/chapter/10.1007/978-3-030-39322-9_8,Conference paper
"Formal Verification of Automotive Simulink Controller Models: Empirical Technical Challenges, Evaluation and Recommendations",Formal Methods,,,,10.1007/978-3-319-95582-7_23,Johanna NellenThomas RambowMd Tawhid Bin WaezErika ÁbrahámJoost-Pieter Katoen,2018,https://link.springer.com/chapter/10.1007/978-3-319-95582-7_23,Conference paper
Formal methods in dependable systems engineering: a survey of professionals from Europe and North America,Empirical Software Engineering,,,,10.1007/s10664-020-09836-5,Mario GleirscherDiego Marmsoler,2020,https://link.springer.com/article/10.1007/s10664-020-09836-5,Article
Integrating Formal Schedulability Analysis into a Verified OS Kernel,Computer Aided Verification,,,,10.1007/978-3-030-25543-5_28,Xiaojie GuoMaxime LesourdMengqi LiuLionel RiegZhong Shao,2019,https://link.springer.com/chapter/10.1007/978-3-030-25543-5_28,Conference paper
Context-Updates Analysis and Refinement in Chisel,Model Checking Software,,,,10.1007/978-3-319-94111-0_19,Irina Măriuca AsăvoaeMihail AsăvoaeAdrián Riesco,2018,https://link.springer.com/chapter/10.1007/978-3-319-94111-0_19,Conference paper
Toward Implicit Learning for the Compositional Verification of Markov Decision Processes,Verification and Evaluation of Computer and Communication Systems,,,,10.1007/978-3-030-00359-3_13,Redouane BouchekirMohand Cherif Boukala,2018,https://link.springer.com/chapter/10.1007/978-3-030-00359-3_13,Conference paper
A Search-Based Approach to Generate MC/DC Test Data for OCL Constraints,Search-Based Software Engineering,,,,10.1007/978-3-030-27455-9_8,Hassan SartajMuhammad Zohaib IqbalAtif Aftab Ahmed JilaniMuhammad Uzair Khan,2019,https://link.springer.com/chapter/10.1007/978-3-030-27455-9_8,Conference paper
Comparing mutation coverage against branch coverage in an industrial setting,International Journal on Software Tools for Technology Transfer,,,,10.1007/s10009-020-00567-y,Ali ParsaiSerge Demeyer,2020,https://link.springer.com/article/10.1007/s10009-020-00567-y,Article
High-level frameworks for the specification and verification of scheduling problems,International Journal on Software Tools for Technology Transfer,,,,10.1007/s10009-017-0466-1,Mounir ChadliJin H. KimKim G. LarsenAxel LegayStefan NaujokatBernhard SteffenLouis-Marie Traonouez,2017,https://link.springer.com/article/10.1007/s10009-017-0466-1,Article
Arguing on Software-Level Verification Techniques Appropriateness,"Computer Safety, Reliability, and Security",,,,10.1007/978-3-319-66266-4_3,Carmen CârlanBarbara GallinaSeverin KaciankaRuth Breu,2017,https://link.springer.com/chapter/10.1007/978-3-319-66266-4_3,Conference paper
A Mixed Real and Floating-Point Solver,NASA Formal Methods,,,,10.1007/978-3-030-20652-9_25,Rocco SalviaLaura TitoloMarco A. FeliúMariano M. MoscatoCésar A. MuñozZvonimir Rakamarić,2019,https://link.springer.com/chapter/10.1007/978-3-030-20652-9_25,Conference paper
Isabelle/SACM: Computer-Assisted Assurance Cases with Integrated Formal Methods,Integrated Formal Methods,,,,10.1007/978-3-030-34968-4_21,Yakoub NemouchiSimon FosterMario GleirscherTim Kelly,2019,https://link.springer.com/chapter/10.1007/978-3-030-34968-4_21,Conference paper
Combining STPA and BDD for Safety Analysis and Verification in Agile Development: A Controlled Experiment,Agile Processes in Software Engineering and Extreme Programming,,,,10.1007/978-3-319-91602-6_3,Yang WangStefan Wagner,2018,https://link.springer.com/chapter/10.1007/978-3-319-91602-6_3,Conference paper
Focused Certification of an Industrial Compilation and Static Verification Toolchain,Software Engineering and Formal Methods,,,,10.1007/978-3-319-66197-1_2,Zhi ZhangRobbyJohn HatcliffYannick MoyPierre Courtieu,2017,https://link.springer.com/chapter/10.1007/978-3-319-66197-1_2,Conference paper
Model-Based Development for High-Assurance Embedded Systems,"Leveraging Applications of Formal Methods, Verification and Validation. Modeling",,,,10.1007/978-3-030-03418-4_32,RobbyJohn HatcliffJason Belt,2018,https://link.springer.com/chapter/10.1007/978-3-030-03418-4_32,Conference paper
SharpChecker: Static analysis tool for C# programs,Programming and Computer Software,,,,10.1134/S0361768817040041,V. K. KoshelevV. N. IgnatievA. I. BorzilovA. A. Belevantsev,2017,https://link.springer.com/article/10.1134/S0361768817040041,Article
Compiling Sandboxes: Formally Verified Software Fault Isolation,Programming Languages and Systems,,,,10.1007/978-3-030-17184-1_18,Frédéric BessonSandrine BlazyAlexandre DangThomas JensenPierre Wilke,2019,https://link.springer.com/chapter/10.1007/978-3-030-17184-1_18,Conference paper
"First international Competition on Runtime Verification: rules, benchmarks, tools, and final results of CRV 2014",International Journal on Software Tools for Technology Transfer,,,,10.1007/s10009-017-0454-5,Ezio BartocciYliès FalconeBorzoo BonakdarpourChristian ColomboNormann DeckerKlaus HavelundYogi JoshiFelix KlaedtkeReed MilewiczGiles RegerGrigore RosuJulien SignolesDaniel ThomaEugen ZalinescuYi Zhang,2017,https://link.springer.com/article/10.1007/s10009-017-0454-5,Article
Formal Methods Applicability on Space Applications Specification and Implementation Using MORA-TSP,Formal Methods – The Next 30 Years,,,,10.1007/978-3-030-30942-8_42,Daniel SilveiraAndreas JungMarcel VerhoefTiago Jorge,2019,https://link.springer.com/chapter/10.1007/978-3-030-30942-8_42,Conference paper
Building Correct Cyber-Physical Systems: Why We Need a Multiview Contract Theory,Formal Methods for Industrial Critical Systems,,,,10.1007/978-3-030-00244-2_2,Susanne GrafSophie QuintonAlain GiraultGregor Gössler,2018,https://link.springer.com/chapter/10.1007/978-3-030-00244-2_2,Conference paper
Model-Driven Re-engineering of a Pressure Sensing System: An Experience Report,Modelling Foundations and Applications,,,,10.1007/978-3-319-92997-2_17,Atif MashkoorFelix KossakMiklós BiróAlexander Egyed,2018,https://link.springer.com/chapter/10.1007/978-3-319-92997-2_17,Conference paper
Model-Based Testing of Post-WIMP Interactions Using Object Oriented Petri-Nets,Formal Methods. FM 2019 International Workshops,,,,10.1007/978-3-030-54994-7_35,Alexandre CannyDavid NavarreJosé Creissac CamposPhilippe Palanque,2020,https://link.springer.com/chapter/10.1007/978-3-030-54994-7_35,Conference paper
Model-Based Testing for Avionic Systems Proven Benefits and Further Challenges,"Leveraging Applications of Formal Methods, Verification and Validation. Industrial Practice",,,,10.1007/978-3-030-03427-6_11,Jan PeleskaJörg BrauerWen-ling Huang,2018,https://link.springer.com/chapter/10.1007/978-3-030-03427-6_11,Conference paper
Certifying delta-oriented programs,Software & Systems Modeling,,,,10.1007/s10270-018-00704-x,Vítor RodriguesSimone DonettiFerruccio Damiani,2018,https://link.springer.com/article/10.1007/s10270-018-00704-x,Article
Mixed-Time Signal Temporal Logic,Formal Modeling and Analysis of Timed Systems,,,,10.1007/978-3-030-29662-9_4,Thomas FerrèreOded MalerDejan Ničković,2019,https://link.springer.com/chapter/10.1007/978-3-030-29662-9_4,Conference paper
Asynchronous Testing of Synchronous Components in GALS Systems,Integrated Formal Methods,,,,10.1007/978-3-030-34968-4_20,Lina MarssoRadu MateescuIoannis ParissisWendelin Serwe,2019,https://link.springer.com/chapter/10.1007/978-3-030-34968-4_20,Conference paper
On Models and Code,"Leveraging Applications of Formal Methods, Verification and Validation. Modeling",,,,10.1007/978-3-030-03418-4_7,Marieke Huisman,2018,https://link.springer.com/chapter/10.1007/978-3-030-03418-4_7,Conference paper
Formal Reasoning About the Security of Amazon Web Services,Computer Aided Verification,,,,10.1007/978-3-319-96145-3_3,Byron Cook,2018,https://link.springer.com/chapter/10.1007/978-3-319-96145-3_3,Conference paper
Automated semantics-preserving parallel decomposition of finite component and connector architectures,Automated Software Engineering,,,,10.1007/s10515-020-00268-5,Oliver KautzBernhard RumpeAndreas Wortmann,2020,https://link.springer.com/article/10.1007/s10515-020-00268-5,Article
Test descriptions with ETSI TDL,Software Quality Journal,,,,10.1007/s11219-018-9423-9,Philip MakedonskiGusztáv AdamisMartti KäärikFinn KristoffersenMichele CarignaniAndreas UlrichJens Grabowski,2018,https://link.springer.com/article/10.1007/s11219-018-9423-9,Article
Variability Abstraction and Refinement for Game-Based Lifted Model Checking of Full CTL,Fundamental Approaches to Software Engineering,,,,10.1007/978-3-030-16722-6_11,Aleksandar S. DimovskiAxel LegayAndrzej Wasowski,2019,https://link.springer.com/chapter/10.1007/978-3-030-16722-6_11,Conference paper
From use case maps to executable test procedures: a scenario-based approach,Software & Systems Modeling,,,,10.1007/s10270-017-0620-y,Nader KesserwanRachida DssouliJamal BentaharBernard StepienPierre Labrèche,2017,https://link.springer.com/article/10.1007/s10270-017-0620-y,Article
Deciding Reachability for Piecewise Constant Derivative Systems on Orientable Manifolds,Reachability Problems,,,,10.1007/978-3-030-30806-3_14,Andrei SandlerOlga Tveretina,2019,https://link.springer.com/chapter/10.1007/978-3-030-30806-3_14,Conference paper
Assessing the quality of industrial avionics software: an extensive empirical evaluation,Empirical Software Engineering,,,,10.1007/s10664-016-9440-x,Ji WuShaukat AliTao YueJie TianChao Liu,2016,https://link.springer.com/article/10.1007/s10664-016-9440-x,Article
"Challenges for Automated, Model-Based Test Scenario Generation",Information and Software Technologies,,,,10.1007/978-3-030-30275-7_15,Alexander KolchinStepan PotiyenkoThomas Weigert,2019,https://link.springer.com/chapter/10.1007/978-3-030-30275-7_15,Conference paper
Automatic Estimation of Verified Floating-Point Round-Off Errors via Static Analysis,"Computer Safety, Reliability, and Security",,,,10.1007/978-3-319-66266-4_14,Mariano MoscatoLaura TitoloAaron DutleCésar A. Muñoz,2017,https://link.springer.com/chapter/10.1007/978-3-319-66266-4_14,Conference paper
Behaviour-Driven Formal Model Development,Formal Methods and Software Engineering,,,,10.1007/978-3-030-02450-5_2,Colin SnookThai Son HoangDana DghyamMichael ButlerTomas FischerRupert SchlickKeming Wang,2018,https://link.springer.com/chapter/10.1007/978-3-030-02450-5_2,Conference paper
Evolution of Formal Model-Based Assurance Cases for Autonomous Robots,Software Engineering and Formal Methods,,,,10.1007/978-3-030-30446-1_5,Mario GleirscherSimon FosterYakoub Nemouchi,2019,https://link.springer.com/chapter/10.1007/978-3-030-30446-1_5,Conference paper
Deductive Functional Verification of Safety-Critical Embedded C-Code: An Experience Report,Critical Systems: Formal Methods and Automated Verification,,,,10.1007/978-3-319-67113-0_1,Dilian GurovChristian LidströmMattias NybergJonas Westman,2017,https://link.springer.com/chapter/10.1007/978-3-319-67113-0_1,Conference paper
A Memory Model for Deductively Verifying Linux Kernel Modules,Perspectives of System Informatics,,,,10.1007/978-3-319-74313-4_19,Mikhail MandrykinAlexey Khoroshilov,2018,https://link.springer.com/chapter/10.1007/978-3-319-74313-4_19,Conference paper
"On Software Safety, Security, and Abstract Interpretation",Formal Methods,,,,10.1007/978-3-319-95582-7_41,Daniel KästnerLaurent MauborgneChristian Ferdinand,2018,https://link.springer.com/chapter/10.1007/978-3-319-95582-7_41,Conference paper
Some advances in tools and algorithms for the construction and analysis of systems,International Journal on Software Tools for Technology Transfer,,,,10.1007/s10009-017-0471-4,Christel BaierCesare Tinelli,2017,https://link.springer.com/article/10.1007/s10009-017-0471-4,Article
Formal Verification of a Memory Allocation Module of Contiki with Frama-C: A Case Study,Risks and Security of Internet and Systems,,,,10.1007/978-3-319-54876-0_9,Frédéric ManganoSimon DuquennoyNikolai Kosmatov,2017,https://link.springer.com/chapter/10.1007/978-3-319-54876-0_9,Conference paper
Developers’ Initial Perceptions on TDD Practice: A Thematic Analysis with Distinct Domains and Languages,Agile Processes in Software Engineering and Extreme Programming,,,,10.1007/978-3-319-91602-6_5,Joelma ChomaEduardo M. GuerraTiago Silva da Silva,2018,https://link.springer.com/chapter/10.1007/978-3-319-91602-6_5,Conference paper
Towards a model-driven engineering approach for the assessment of non-functional properties using multi-formalism,Software & Systems Modeling,,,,10.1007/s10270-018-0663-8,Simona BernardiStefano MarroneJosé MerseguerRoberto NardoneValeria Vittorini,2018,https://link.springer.com/article/10.1007/s10270-018-0663-8,Article
Building Models We Can Rely On: Requirements Traceability for Model-Based Verification Techniques,Model-Based Safety and Assessment,,,,10.1007/978-3-319-64119-5_1,Marco FilaxTim GonschorekFrank Ortmeier,2017,https://link.springer.com/chapter/10.1007/978-3-319-64119-5_1,Conference paper
Slicing from Formal Semantics: Chisel,Fundamental Approaches to Software Engineering,,,,10.1007/978-3-662-54494-5_21,Adrián RiescoIrina Măriuca AsăvoaeMihail Asăvoae,2017,https://link.springer.com/chapter/10.1007/978-3-662-54494-5_21,Conference paper
Assuring Intelligent Ambient Assisted Living Solutions by Statistical Model Checking,"Leveraging Applications of Formal Methods, Verification and Validation. Verification",,,,10.1007/978-3-030-03421-4_29,Ashalatha KunnappillyRaluca MarinescuCristina Seceleanu,2018,https://link.springer.com/chapter/10.1007/978-3-030-03421-4_29,Conference paper
From Design Contracts to Component Requirements Verification,NASA Formal Methods,,,,10.1007/978-3-319-40648-0_28,Jing LiuJohn D. BackesDarren CoferAndrew Gacek,2016,https://link.springer.com/chapter/10.1007/978-3-319-40648-0_28,Conference paper
A framework to specify system requirements using natural interpretation of UML/MARTE diagrams,Software & Systems Modeling,,,,10.1007/s10270-017-0588-7,Aamir M. KhanFrédéric MalletMuhammad Rashid,2017,https://link.springer.com/article/10.1007/s10270-017-0588-7,Article
Proving Absence of Starvation by Means of&#xa0;Abstract Interpretation and Model Checking,Automated Technology for Verification and Analysis,,,,10.1007/978-3-319-68167-2_1,Helmut SeidlRalf Vogler,2017,https://link.springer.com/chapter/10.1007/978-3-319-68167-2_1,Conference paper
Refinement Based Formal Development of Human-Machine Interface,Software Technologies: Applications and Foundations,,,,10.1007/978-3-030-04771-9_19,Romain GenietNeeraj Kumar Singh,2018,https://link.springer.com/chapter/10.1007/978-3-030-04771-9_19,Conference paper
Verifying Event-Based Timing Constraints by Translation into Presburger Formulae,Critical Systems: Formal Methods and Automated Verification,,,,10.1007/978-3-319-67113-0_2,Björn Lisper,2017,https://link.springer.com/chapter/10.1007/978-3-319-67113-0_2,Conference paper
Effective fault localization of automotive Simulink models: achieving the trade-off between test oracle effort and fault localization accuracy,Empirical Software Engineering,,,,10.1007/s10664-018-9611-z,Bing LiuShiva NejatiLuciaLionel C. Briand,2018,https://link.springer.com/article/10.1007/s10664-018-9611-z,Article
Translation of ATL to AGT and application to a code generator for Simulink,Software & Systems Modeling,,,,10.1007/s10270-017-0607-8,Elie RichaEtienne BordeLaurent Pautet,2017,https://link.springer.com/article/10.1007/s10270-017-0607-8,Article
A constraint-based language for modelling intelligent environments,Journal of Reliable Intelligent Environments,,,,10.1007/s40860-017-0040-3,María-del-Mar GallardoLeticia LavadoLaura PanizoLaura Titolo,2017,https://link.springer.com/article/10.1007/s40860-017-0040-3,Article
Benchmarking Static Code Analyzers,"Computer Safety, Reliability, and Security",,,,10.1007/978-3-319-66266-4_13,Jörg HerterDaniel KästnerChristoph MallonReinhard Wilhelm,2017,https://link.springer.com/chapter/10.1007/978-3-319-66266-4_13,Conference paper
Applying Abstract Interpretation to Verify EN-50128 Software Safety Requirements,"Reliability, Safety, and Security of Railway Systems. Modelling, Analysis, Verification, and Certification",,,,10.1007/978-3-319-33951-1_14,Daniel KästnerChristian Ferdinand,2016,https://link.springer.com/chapter/10.1007/978-3-319-33951-1_14,Conference paper
Automatic Test Case Generation for Concurrent Features from Natural Language Descriptions,Formal Methods: Foundations and Applications,,,,10.1007/978-3-030-03044-5_11,Rafaela AlmeidaSidney NogueiraAugusto Sampaio,2018,https://link.springer.com/chapter/10.1007/978-3-030-03044-5_11,Conference paper
Preface of the special issue on formal methods in industrial critical systems,International Journal on Software Tools for Technology Transfer,,,,10.1007/s10009-017-0455-4,Matthias GüdemannManuel Núñez,2017,https://link.springer.com/article/10.1007/s10009-017-0455-4,Article
Parametric Runtime Verification of C Programs,Tools and Algorithms for the Construction and Analysis of Systems,,,,10.1007/978-3-662-49674-9_17,Zhe ChenZhemin WangYunlong ZhuHongwei XiZhibin Yang,2016,https://link.springer.com/chapter/10.1007/978-3-662-49674-9_17,Conference paper
"Graceful Integration of Process Capability Improvement, Formal Modeling and Web Technology for Traceability","Systems, Software and Services Process Improvement",,,,10.1007/978-3-319-64218-5_32,Miklós BiróFelix KossakJózsef KlespitzLevente Kovács,2017,https://link.springer.com/chapter/10.1007/978-3-319-64218-5_32,Conference paper
Analysing Security Protocols Using Refinement in iUML-B,NASA Formal Methods,,,,10.1007/978-3-319-57288-8_6,Colin SnookThai Son HoangMichael Butler,2017,https://link.springer.com/chapter/10.1007/978-3-319-57288-8_6,Conference paper
Application of Inference Rules to a Software Requirements Ontology to Generate Software Test Cases,OWL: Experiences and Directions – Reasoner Evaluation,,,,10.1007/978-3-319-54627-8_7,Vladimir TarasovHe TanMuhammad IsmailAnders AdlemoMats Johansson,2017,https://link.springer.com/chapter/10.1007/978-3-319-54627-8_7,Conference paper
Variability-Specific Abstraction Refinement for Family-Based Model Checking,Fundamental Approaches to Software Engineering,,,,10.1007/978-3-662-54494-5_24,Aleksandar S. DimovskiAndrzej Wąsowski,2017,https://link.springer.com/chapter/10.1007/978-3-662-54494-5_24,Conference paper
Applying Parametric Model-Checking Techniques for Reusing Real-Time Critical Systems,Formal Techniques for Safety-Critical Systems,,,,10.1007/978-3-319-53946-1_8,Baptiste ParquierLaurent RiouxRafik HeniaRomain SoulatOlivier H. RouxDidier LimeÉtienne André,2017,https://link.springer.com/chapter/10.1007/978-3-319-53946-1_8,Conference paper
Contract-Based Verification of Complex Time-Dependent Behaviors in Avionic Systems,NASA Formal Methods,,,,10.1007/978-3-319-40648-0_3,Devesh BhattArunabh ChattopadhyayWenchao LiDavid OglesbySam OwreNatarajan Shankar,2016,https://link.springer.com/chapter/10.1007/978-3-319-40648-0_3,Conference paper
Precise Thread-Modular Abstract Interpretation of Concurrent Programs Using Relational Interference Abstractions,"Verification, Model Checking, and Abstract Interpretation",,,,10.1007/978-3-319-52234-0_21,Raphaël MonatAntoine Miné,2017,https://link.springer.com/chapter/10.1007/978-3-319-52234-0_21,Conference paper
Modular Model-Checking of a Byzantine Fault-Tolerant Protocol,NASA Formal Methods,,,,10.1007/978-3-319-57288-8_12,Benjamin F. JonesLee Pike,2017,https://link.springer.com/chapter/10.1007/978-3-319-57288-8_12,Conference paper
Deterministic Concurrency: A Clock-Synchronised Shared Memory Approach,Programming Languages and Systems,,,,10.1007/978-3-319-89884-1_4,Joaquín AguadoMichael MendlerMarc PouzetPartha RoopReinhard von Hanxleden,2018,https://link.springer.com/chapter/10.1007/978-3-319-89884-1_4,Conference paper
Correctness-by-Construction and Post-hoc Verification: A Marriage of Convenience?,"Leveraging Applications of Formal Methods, Verification and Validation: Foundational Techniques",,,,10.1007/978-3-319-47166-2_52,Bruce W. WatsonDerrick G. KourieIna SchaeferLoek Cleophas,2016,https://link.springer.com/chapter/10.1007/978-3-319-47166-2_52,Conference paper
Test oracles for simulink-like models,Automated Software Engineering,,,,10.1007/s10515-016-0207-9,Luciano BaresiMarcio DelamaroPaulo Nardi,2016,https://link.springer.com/article/10.1007/s10515-016-0207-9,Article
Formally Unifying Modeling and Design for Embedded Systems - A Personal View,"Leveraging Applications of Formal Methods, Verification and Validation: Discussion, Dissemination, Applications",,,,10.1007/978-3-319-47169-3_11,G. Berry,2016,https://link.springer.com/chapter/10.1007/978-3-319-47169-3_11,Conference paper
Are Standards an Ambiguity-Free Reference for Product Validation?,"Reliability, Safety, and Security of Railway Systems. Modelling, Analysis, Verification, and Certification",,,,10.1007/978-3-319-68499-4_17,Alessio FerrariMario FusaniStefania Gnesi,2017,https://link.springer.com/chapter/10.1007/978-3-319-68499-4_17,Conference paper
Modeling and Verification of an Interrupt System in $$\mu $$ C/OS-III with TMSVL,Structured Object-Oriented Formal Language and Method,,,,10.1007/978-3-319-31220-0_2,Jin CuiZhenhua DuanCong TianNan Zhang,2016,https://link.springer.com/chapter/10.1007/978-3-319-31220-0_2,Conference paper
Java in the Safety-Critical Domain,Engineering Trustworthy Software Systems,,,,10.1007/978-3-319-56841-6_4,Ana CavalcantiAlvaro MiyazawaAndy WellingsJim WoodcockShuai Zhao,2017,https://link.springer.com/chapter/10.1007/978-3-319-56841-6_4,Conference paper
A Practical Verification Framework for Preemptive OS Kernels,Computer Aided Verification,,,,10.1007/978-3-319-41540-6_4,Fengwei XuMing FuXinyu FengXiaoran ZhangHui ZhangZhaohui Li,2016,https://link.springer.com/chapter/10.1007/978-3-319-41540-6_4,Conference paper
Stopwatch Automata-Based Model for Efficient Schedulability Analysis of Modular Computer&#xa0;Systems,Parallel Computing Technologies,,,,10.1007/978-3-319-62932-2_28,Alevtina GloninaAnatoly Bahmurov,2017,https://link.springer.com/chapter/10.1007/978-3-319-62932-2_28,Conference paper
Block Library Driven Translation Validation for Dataflow Models in Safety Critical Systems,Critical Systems: Formal Methods and Automated Verification,,,,10.1007/978-3-319-45943-1_8,Arnaud DieumegardAndres ToomMarc Pantel,2016,https://link.springer.com/chapter/10.1007/978-3-319-45943-1_8,Conference paper
Abstract Software Specifications and Automatic Proof of Refinement,"Reliability, Safety, and Security of Railway Systems. Modelling, Analysis, Verification, and Certification",,,,10.1007/978-3-319-33951-1_16,Claire DrossYannick Moy,2016,https://link.springer.com/chapter/10.1007/978-3-319-33951-1_16,Conference paper
Detecting requirements defects with NLP patterns: an industrial experience in the railway domain,Empirical Software Engineering,,,,10.1007/s10664-018-9596-7,Alessio FerrariGloria GoriBenedetta RosadiniIacopo TrottaStefano BacheriniAlessandro FantechiStefania Gnesi,2018,https://link.springer.com/article/10.1007/s10664-018-9596-7,Article
CoCoSpec: A Mode-Aware Contract Language for Reactive Systems,Software Engineering and Formal Methods,,,,10.1007/978-3-319-41591-8_24,Adrien ChampionArie GurfinkelTemesghen KahsaiCesare Tinelli,2016,https://link.springer.com/chapter/10.1007/978-3-319-41591-8_24,Conference paper
$$ \texttt {MC} ^ \texttt {2} \texttt {MABS} $$ : A Monte Carlo Model Checker for Multiagent-Based Simulations,Multi-Agent Based Simulation XVI,,,,10.1007/978-3-319-31447-1_3,Benjamin HerdSimon MilesPeter McBurneyMichael Luck,2016,https://link.springer.com/chapter/10.1007/978-3-319-31447-1_3,Conference paper
S3: Proving the Safety of Critical Systems,"Reliability, Safety, and Security of Railway Systems. Modelling, Analysis, Verification, and Certification",,,,10.1007/978-3-319-33951-1_17,Nicolas BretonYoann Fonteneau,2016,https://link.springer.com/chapter/10.1007/978-3-319-33951-1_17,Conference paper
Contextualization and Dependency in State-Based Modelling - Application to Event-B,Model and Data Engineering,,,,10.1007/978-3-319-66854-3_11,Souad KherroubiDominique Méry,2017,https://link.springer.com/chapter/10.1007/978-3-319-66854-3_11,Conference paper
Source-Code-to-Object-Code Traceability Analysis for Avionics Software: Don’t Trust Your Compiler,"Computer Safety, Reliability, and Security",,,,10.1007/978-3-319-24255-2_31,Jörg BrauerMarkus DahlweidTobias PankrathJan Peleska,2015,https://link.springer.com/chapter/10.1007/978-3-319-24255-2_31,Conference paper
"A High-Assurance, High-Performance Hardware-Based Cross-Domain System","Computer Safety, Reliability, and Security",,,,10.1007/978-3-319-45477-1_9,David HardinKonrad SlindMark BortzJames PottsScott Owens,2016,https://link.springer.com/chapter/10.1007/978-3-319-45477-1_9,Conference paper
Systematic Language Extension Mechanisms for the MontiArc Architecture Description Language,Modelling Foundations and Applications,,,,10.1007/978-3-319-61482-3_4,Arvid ButtingArne HaberLars HermerschmidtOliver KautzBernhard RumpeAndreas Wortmann,2017,https://link.springer.com/chapter/10.1007/978-3-319-61482-3_4,Conference paper
The SeaHorn Verification Framework,Computer Aided Verification,,,,10.1007/978-3-319-21690-4_20,Arie GurfinkelTemesghen KahsaiAnvesh KomuravelliJorge A. Navas,2015,https://link.springer.com/chapter/10.1007/978-3-319-21690-4_20,Conference paper
Use of Tabular Expressions for Refinement Automation,Model and Data Engineering,,,,10.1007/978-3-319-66854-3_13,Neeraj Kumar SinghMark LawfordThomas S. E. MaibaumAlan Wassyng,2017,https://link.springer.com/chapter/10.1007/978-3-319-66854-3_13,Conference paper
A Formal Model of the Safety-Critical Java Level 2 Paradigm,Integrated Formal Methods,,,,10.1007/978-3-319-33693-0_15,Matt LuckcuckAna CavalcantiAndy Wellings,2016,https://link.springer.com/chapter/10.1007/978-3-319-33693-0_15,Conference paper
Towards MC/DC Coverage of Properties Specification Patterns,Theoretical Aspects of Computing – ICTAC 2016,,,,10.1007/978-3-319-46750-4_10,Ana C. V. de MeloCorina S. PăsăreanuSimone Hanazumi,2016,https://link.springer.com/chapter/10.1007/978-3-319-46750-4_10,Conference paper
An overview of model checking practices on verification of PLC software,Software & Systems Modeling,,,,10.1007/s10270-014-0448-7,Tolga OvatmanAtakan AralDavut PolatAli Osman Ünver,2014,https://link.springer.com/article/10.1007/s10270-014-0448-7,Article
Improving an Industrial Test Generation Tool Using SMT Solver,NASA Formal Methods,,,,10.1007/978-3-319-40648-0_8,Hao RenDevesh BhattJan Hvozdovic,2016,https://link.springer.com/chapter/10.1007/978-3-319-40648-0_8,Conference paper
"Require, test, and trace IT",International Journal on Software Tools for Technology Transfer,,,,10.1007/s10009-016-0444-z,Bernhard K. AichernigKlaus HörmaierFlorian LorberDejan NičkovićStefan Tiran,2016,https://link.springer.com/article/10.1007/s10009-016-0444-z,Article
Model Checking Real-Time Properties on the Functional Layer of Autonomous Robots,Formal Methods and Software Engineering,,,,10.1007/978-3-319-47846-3_24,Mohammed FoughaliBernard BerthomieuSilvano Dal ZilioFélix IngrandAnthony Mallet,2016,https://link.springer.com/chapter/10.1007/978-3-319-47846-3_24,Conference paper
Formal validation of domain-specific languages with derived features and well-formedness constraints,Software & Systems Modeling,,,,10.1007/s10270-015-0485-x,Oszkár SemeráthÁgnes BartaÁkos HorváthZoltán SzatmáriDániel Varró,2015,https://link.springer.com/article/10.1007/s10270-015-0485-x,Article
Formal Methods and Functional Safety,"Systems, Software and Services Process Improvement",,,,10.1007/978-3-319-44817-6_24,Micheal Mac an Airchinnigh,2016,https://link.springer.com/chapter/10.1007/978-3-319-44817-6_24,Conference paper
Reasoning About Confidence and Uncertainty in Assurance Cases: A Survey,Software Engineering in Health Care,,,,10.1007/978-3-319-63194-3_5,Lian DuanSanjai RayadurgamMats P. E. HeimdahlAnaheed AyoubOleg SokolskyInsup Lee,2017,https://link.springer.com/chapter/10.1007/978-3-319-63194-3_5,Conference paper
A Calculus of Cyber-Physical Systems,Language and Automata Theory and Applications,,,,10.1007/978-3-319-53733-7_8,Ruggero LanotteMassimo Merro,2017,https://link.springer.com/chapter/10.1007/978-3-319-53733-7_8,Conference paper
A Framework for Assessing Safety Argumentation Confidence,Software Engineering for Resilient Systems,,,,10.1007/978-3-319-45892-2_1,Rui WangJérémie GuiochetGilles Motet,2016,https://link.springer.com/chapter/10.1007/978-3-319-45892-2_1,Conference paper
An Axiomatic Value Model for Isabelle/UTP,Unifying Theories of Programming,,,,10.1007/978-3-319-52228-9_8,Frank ZeydaSimon FosterLeo Freitas,2017,https://link.springer.com/chapter/10.1007/978-3-319-52228-9_8,Conference paper
A Model-Based Framework for the Specification and Analysis of Hierarchical Scheduling Systems,Critical Systems: Formal Methods and Automated Verification,,,,10.1007/978-3-319-45943-1_9,Mounir ChadliJin Hyun KimAxel LegayLouis-Marie TraonouezStefan NaujokatBernhard SteffenKim Guldstrand Larsen,2016,https://link.springer.com/chapter/10.1007/978-3-319-45943-1_9,Conference paper
Constrained Synthesis from Component Libraries,Formal Aspects of Component Software,,,,10.1007/978-3-319-57666-4_7,Antonio IannopolloStavros TripakisAlberto Sangiovanni-Vincentelli,2017,https://link.springer.com/chapter/10.1007/978-3-319-57666-4_7,Conference paper
Specification: The Biggest Bottleneck in Formal Methods and Autonomy,"Verified Software. Theories, Tools, and Experiments",,,,10.1007/978-3-319-48869-1_2,Kristin Yvonne Rozier,2016,https://link.springer.com/chapter/10.1007/978-3-319-48869-1_2,Conference paper
SPARK&#xa0;2014 and GNATprove,International Journal on Software Tools for Technology Transfer,,,,10.1007/s10009-014-0322-5,Duc HoangYannick MoyAngela WallenburgRoderick Chapman,2014,https://link.springer.com/article/10.1007/s10009-014-0322-5,Article
Formal Verification of Industrial Critical Software,Formal Methods for Industrial Critical Systems,,,,10.1007/978-3-319-19458-5_1,Marielle Petit-DocheNicolas BretonRoméo CourbisYoann FonteneauMatthias Güdemann,2015,https://link.springer.com/chapter/10.1007/978-3-319-19458-5_1,Conference paper
A Super Industrial Application of PSGraph,"Abstract State Machines, Alloy, B, TLA, VDM, and Z",,,,10.1007/978-3-319-33600-8_28,Yuhui LinGudmund GrovColin O’HalloranPriiya G.,2016,https://link.springer.com/chapter/10.1007/978-3-319-33600-8_28,Conference paper
DO-333 Certification Case Studies,NASA Formal Methods,,,,10.1007/978-3-319-06200-6_1,Darren CoferSteven Miller,2014,https://link.springer.com/chapter/10.1007/978-3-319-06200-6_1,Conference paper
Bridging the gap between test cases and requirements by abstract testing,Innovations in Systems and Software Engineering,,,,10.1007/s11334-015-0245-7,Florian MerzCarsten SinzHendrik PostThomas GorgesThomas Kropf,2015,https://link.springer.com/article/10.1007/s11334-015-0245-7,Article
Approaches for Software Verification of An Emergency Recovery System for Micro Air Vehicles,"Computer Safety, Reliability, and Security",,,,10.1007/978-3-319-24249-1_32,Martin BeckerMarkus NeumairAlexander SöhnSamarjit Chakraborty,2015,https://link.springer.com/chapter/10.1007/978-3-319-24249-1_32,Conference paper
HOL Zero’s Solutions for Pollack-Inconsistency,Interactive Theorem Proving,,,,10.1007/978-3-319-43144-4_2,Mark Adams,2016,https://link.springer.com/chapter/10.1007/978-3-319-43144-4_2,Conference paper
Finding Boundary Elements in Ordered Sets with Application to Safety and Requirements Analysis,Software Engineering and Formal Methods,,,,10.1007/978-3-319-41591-8_9,Jaroslav BendíkNikola BenešJiří BarnatIvana Černá,2016,https://link.springer.com/chapter/10.1007/978-3-319-41591-8_9,Conference paper
Abstraction-driven Concolic Testing,"Verification, Model Checking, and Abstract Interpretation",,,,10.1007/978-3-662-49122-5_16,Przemysław DacaAshutosh GuptaThomas A. Henzinger,2016,https://link.springer.com/chapter/10.1007/978-3-662-49122-5_16,Conference paper
Failure Estimation of Behavioral Specifications,"Dependable Software Engineering: Theories, Tools, and Applications",,,,10.1007/978-3-319-47677-3_20,Debasmita LoharAnudeep DunaboyinaDibyendu DasSoumyajit Dey,2016,https://link.springer.com/chapter/10.1007/978-3-319-47677-3_20,Conference paper
On the long-term use of visual gui testing in industrial practice: a case study,Empirical Software Engineering,,,,10.1007/s10664-016-9497-6,Emil AlégrothRobert Feldt,2017,https://link.springer.com/article/10.1007/s10664-016-9497-6,Article
Testing the IPC Protocol for a Real-Time Operating System,"Verified Software: Theories, Tools, and Experiments",,,,10.1007/978-3-319-29613-5_3,Achim D. BruckerOto HavleYakoub NemouchiBurkhart Wolff,2016,https://link.springer.com/chapter/10.1007/978-3-319-29613-5_3,Conference paper
Verifying the Safety of a Flight-Critical System,FM 2015: Formal Methods,,,,10.1007/978-3-319-19249-9_20,Guillaume BratDavid BushnellMisty DaviesDimitra GiannakopoulouFalk HowarTemesghen Kahsai,2015,https://link.springer.com/chapter/10.1007/978-3-319-19249-9_20,Conference paper
From AADL Model to LNT Specification,Reliable Software Technologies – Ada-Europe 2015,,,,10.1007/978-3-319-19584-1_10,Hana MkaouarBechir ZalilaJérôme HuguesMohamed Jmaiel,2015,https://link.springer.com/chapter/10.1007/978-3-319-19584-1_10,Conference paper
Evolving the ETSI Test Description Language,System Analysis and Modeling. Technology-Specific Aspects of Models,,,,10.1007/978-3-319-46613-2_8,Philip MakedonskiGusztáv AdamisMartti KäärikFinn KristoffersenXavier Zeitoun,2016,https://link.springer.com/chapter/10.1007/978-3-319-46613-2_8,Conference paper
Local Planning of Multiparty Interactions with Bounded Horizons,FM 2016: Formal Methods,,,,10.1007/978-3-319-48989-6_13,Mahieddine DellabaniJacques CombazMarius BozgaSaddek Bensalem,2016,https://link.springer.com/chapter/10.1007/978-3-319-48989-6_13,Conference paper
Temporal Test Generation for Embedded System Based on Correlation Analysis of Timing Constraints,Software Engineering and Methodology for Emerging Domains,,,,10.1007/978-981-10-3482-4_15,Bo WangXiaoying BaiWenguang ChenXiaoyu Song,2016,https://link.springer.com/chapter/10.1007/978-981-10-3482-4_15,Conference paper
Model-in-the-Loop Testing of a Railway Interlocking System,Model-Driven Engineering and Software Development,,,,10.1007/978-3-319-27869-8_22,Fabio ScippacercolaRoberto PietrantuonoStefano RussoAndrás Zentai,2015,https://link.springer.com/chapter/10.1007/978-3-319-27869-8_22,Conference paper
Analyzing Unsatisfiability in Bounded Model Checking Using Max-SMT and Dual Slicing,Critical Systems: Formal Methods and Automated Verification,,,,10.1007/978-3-319-45943-1_5,Takuro KutsunaYoshinao Ishii,2016,https://link.springer.com/chapter/10.1007/978-3-319-45943-1_5,Conference paper
Verified Compilation of Floating-Point Computations,Journal of Automated Reasoning,,,,10.1007/s10817-014-9317-x,Sylvie BoldoJacques-Henri JourdanXavier LeroyGuillaume Melquiond,2014,https://link.springer.com/article/10.1007/s10817-014-9317-x,Article
Configuration Logics: Modelling Architecture Styles,Formal Aspects of Component Software,,,,10.1007/978-3-319-28934-2_14,Anastasia MavridouEduard BaranovSimon BliudzeJoseph Sifakis,2016,https://link.springer.com/chapter/10.1007/978-3-319-28934-2_14,Conference paper
Back-to-Back Fault Injection Testing in Model-Based Development,"Computer Safety, Reliability, and Security",,,,10.1007/978-3-319-24255-2_11,Peter FolkessonFatemeh AyatolahiBehrooz SangchoolieJonny VinterMafijul IslamJohan Karlsson,2015,https://link.springer.com/chapter/10.1007/978-3-319-24255-2_11,Conference paper
A Textual Domain-Specific Language Based on the UML Testing Profile,Model-Driven Engineering and Software Development,,,,10.1007/978-3-319-27869-8_9,Johannes IberNermin KajtazovićGeorg MacherAndrea HöllerTobias RauterChristian Kreiner,2015,https://link.springer.com/chapter/10.1007/978-3-319-27869-8_9,Conference paper
Formal API Specification of the PikeOS Separation Kernel,NASA Formal Methods,,,,10.1007/978-3-319-17524-9_26,Freek VerbeekOto HavleJulien SchmaltzSergey TverdyshevHolger BlasumBruno LangensteinWerner StephanBurkhart WolffYakoub Nemouchi,2015,https://link.springer.com/chapter/10.1007/978-3-319-17524-9_26,Conference paper
Formal Proofs of Code Generation and Verification Tools,Software Engineering and Formal Methods,,,,10.1007/978-3-319-10431-7_1,Xavier Leroy,2014,https://link.springer.com/chapter/10.1007/978-3-319-10431-7_1,Conference paper
"
                     <span>Uppaal</span> SMC tutorial",International Journal on Software Tools for Technology Transfer,,,,10.1007/s10009-014-0361-y,Alexandre DavidKim G. LarsenAxel LegayMarius MikučionisDanny Bøgsted Poulsen,2015,https://link.springer.com/article/10.1007/s10009-014-0361-y,Article
Are We There Yet? Determining the Adequacy of Formalized Requirements and Test Suites,NASA Formal Methods,,,,10.1007/978-3-319-17524-9_20,Anitha MurugesanMichael W. WhalenNeha RungtaOksana TkachukSuzette PersonMats P. E. HeimdahlDongjiang You,2015,https://link.springer.com/chapter/10.1007/978-3-319-17524-9_20,Conference paper
Formal Modeling of Airborne Software High-Level Requirements Based on Knowledge Graph,"Knowledge Science, Engineering and Management",,,,10.1007/978-3-319-12096-6_23,Wenjuan WuDianfu MaYongwang ZhaoXianqi Zhao,2014,https://link.springer.com/chapter/10.1007/978-3-319-12096-6_23,Conference paper
Towards Formal Fault Tree Analysis Using Theorem Proving,Intelligent Computer Mathematics,,,,10.1007/978-3-319-20615-8_3,Waqar AhmadOsman Hasan,2015,https://link.springer.com/chapter/10.1007/978-3-319-20615-8_3,Conference paper
Transformations for Compositional Verification of Assumption-Commitment Properties,Reachability Problems,,,,10.1007/978-3-319-11439-2_17,Ahmed MahdiBernd WestphalMartin Fränzle,2014,https://link.springer.com/chapter/10.1007/978-3-319-11439-2_17,Conference paper
A systematic classification of security regression testing approaches,International Journal on Software Tools for Technology Transfer,,,,10.1007/s10009-015-0365-2,Michael FeldererElizabeta Fourneret,2015,https://link.springer.com/article/10.1007/s10009-015-0365-2,Article
A Simple Abstraction of Arrays and Maps by Program Translation,Static Analysis,,,,10.1007/978-3-662-48288-9_13,David MonniauxFrancesco Alberti,2015,https://link.springer.com/chapter/10.1007/978-3-662-48288-9_13,Conference paper
Widening the Schedulability of Hierarchical Scheduling Systems,Formal Aspects of Component Software,,,,10.1007/978-3-319-15317-9_14,Abdeldjalil BoudjadarAlexandre DavidJin Hyun KimKim Guldstrand LarsenMarius MikučionisUlrik NymanArne Skou,2015,https://link.springer.com/chapter/10.1007/978-3-319-15317-9_14,Conference paper
Using Simulink Design Verifier for Automatic Generation of Requirements-Based Tests,FM 2015: Formal Methods,,,,10.1007/978-3-319-19249-9_42,Bruno MirandaHenrique MasiniRodrigo Reis,2015,https://link.springer.com/chapter/10.1007/978-3-319-19249-9_42,Conference paper
Certificates for Parameterized Model Checking,FM 2015: Formal Methods,,,,10.1007/978-3-319-19249-9_9,Sylvain ConchonAlain MebsoutFatiha Zaïdi,2015,https://link.springer.com/chapter/10.1007/978-3-319-19249-9_9,Conference paper
Evolution of the UniTESK test development technology,Programming and Computer Software,,,,10.1134/S0361768814050065,V. V. KulyaminA. K. Petrenko,2014,https://link.springer.com/article/10.1134/S0361768814050065,Article
Wind Turbine System: An Industrial Case Study in Formal Modeling and Verification,Formal Techniques for Safety-Critical Systems,,,,10.1007/978-3-319-05416-2_15,Jagadish SuryadevaraGaetana SapienzaCristina SeceleanuTiberiu SeceleanuStein-Erik EllevsethPaul Pettersson,2014,https://link.springer.com/chapter/10.1007/978-3-319-05416-2_15,Conference paper
Explicit Assumptions - A Prenup for Marrying Static and Dynamic Program Verification,Tests and Proofs,,,,10.1007/978-3-319-09099-3_11,Johannes KanigRod ChapmanCyrille ComarJerôme GuittonYannick MoyEmyr Rees,2014,https://link.springer.com/chapter/10.1007/978-3-319-09099-3_11,Conference paper
Separation Kernel Verification: The Xtratum Case Study,"Verified Software: Theories, Tools and Experiments",,,,10.1007/978-3-319-12154-3_9,David SanánAndrew ButterfieldMike Hinchey,2014,https://link.springer.com/chapter/10.1007/978-3-319-12154-3_9,Conference paper
Reasonability of MC/DC for safety-relevant software implemented in programming languages with short-circuit evaluation,Computing,,,,10.1007/s00607-014-0418-5,Susanne KandlSandeep Chandrashekar,2014,https://link.springer.com/article/10.1007/s00607-014-0418-5,Article
Formal Analysis of Power Electronic Systems,Formal Methods and Software Engineering,,,,10.1007/978-3-319-25423-4_17,Sidi Mohamed BeillahiUmair SiddiqueSofiène Tahar,2015,https://link.springer.com/chapter/10.1007/978-3-319-25423-4_17,Conference paper
Software Quality Assurance by Static Program Analysis,Software Quality. Model-Based Approaches for Advanced Software and Systems Engineering,,,,10.1007/978-3-319-03602-1_1,Reinhard Wilhelm,2014,https://link.springer.com/chapter/10.1007/978-3-319-03602-1_1,Conference paper
Translation Validation for Clock Transformations in a Synchronous Compiler,Fundamental Approaches to Software Engineering,,,,10.1007/978-3-662-46675-9_12,Van Chan NgoJean-Pierre TalpinThierry GautierPaul Le Guernic,2015,https://link.springer.com/chapter/10.1007/978-3-662-46675-9_12,Conference paper
A Survey on Testing for Cyber Physical System,Testing Software and Systems,,,,10.1007/978-3-319-25945-1_12,Sara Abbaspour AsadollahRafia InamHans Hansson,2015,https://link.springer.com/chapter/10.1007/978-3-319-25945-1_12,Conference paper
An Open Alternative for SMT-Based Verification of Scade Models,Formal Methods for Industrial Critical Systems,,,,10.1007/978-3-319-10702-8_9,Henning BasoldHenning GüntherMichaela HuhnStefan Milius,2014,https://link.springer.com/chapter/10.1007/978-3-319-10702-8_9,Conference paper
HyComp: An SMT-Based Model Checker for Hybrid Systems,Tools and Algorithms for the Construction and Analysis of Systems,,,,10.1007/978-3-662-46681-0_4,Alessandro CimattiAlberto GriggioSergio MoverStefano Tonetta,2015,https://link.springer.com/chapter/10.1007/978-3-662-46681-0_4,Conference paper
Formal Verification of Loop Bound Estimation for WCET Analysis,"Verified Software: Theories, Tools, Experiments",,,,10.1007/978-3-642-54108-7_15,Sandrine BlazyAndré MaronezeDavid Pichardie,2014,https://link.springer.com/chapter/10.1007/978-3-642-54108-7_15,Conference paper
True Error or False Alarm? Refining Astrée’s Abstract Interpretation Results by Embedded Tester’s Automatic Model-Based Testing,"Computer Safety, Reliability, and Security",,,,10.1007/978-3-319-10557-4_12,Sayali SalviDaniel KästnerTom BienmüllerChristian Ferdinand,2014,https://link.springer.com/chapter/10.1007/978-3-319-10557-4_12,Conference paper
"Require, Test and Trace IT",Formal Methods for Industrial Critical Systems,,,,10.1007/978-3-319-19458-5_8,Bernhard K. AichernigKlaus HörmaierFlorian LorberDejan NičkovićStefan Tiran,2015,https://link.springer.com/chapter/10.1007/978-3-319-19458-5_8,Conference paper
Contracts for Schedulability Analysis,Formal Modeling and Analysis of Timed Systems,,,,10.1007/978-3-319-22975-1_18,Philipp ReinkemeierAlbert BenvenisteWerner DammIngo Stierand,2015,https://link.springer.com/chapter/10.1007/978-3-319-22975-1_18,Conference paper
Context-Aware Verification of a Cruise-Control System,Model and Data Engineering,,,,10.1007/978-3-319-11587-0_7,Ciprian TeodorovLuka LerouxPhilippe Dhaussy,2014,https://link.springer.com/chapter/10.1007/978-3-319-11587-0_7,Conference paper
Behaviour Driven Development for Tests and Verification,Tests and Proofs,,,,10.1007/978-3-319-09099-3_5,Melanie DiepenbeckUlrich KühneMathias SoekenRolf Drechsler,2014,https://link.springer.com/chapter/10.1007/978-3-319-09099-3_5,Conference paper
A Parametric Dataflow Model for the Speed and&#xa0;Distance Monitoring in Novel Train Control&#xa0;Systems,"Cyber Physical Systems. Design, Modeling, and Evaluation",,,,10.1007/978-3-319-25141-7_5,Benjamin BeichlerThorsten SchulzChristian HaubeltFrank Golatowski,2015,https://link.springer.com/chapter/10.1007/978-3-319-25141-7_5,Conference paper
Verification of a Real-Time Safety-Critical Protocol Using a Modelling Language with Formal Data and Behaviour Semantics,"Computer Safety, Reliability, and Security",,,,10.1007/978-3-319-10557-4_24,Tamás TóthAndrás Vörös,2014,https://link.springer.com/chapter/10.1007/978-3-319-10557-4_24,Conference paper
Context-Aware Verification of a Landing Gear System,ABZ 2014: The Landing Gear Case Study,,,,10.1007/978-3-319-07512-9_4,Philippe DhaussyCiprian Teodorov,2014,https://link.springer.com/chapter/10.1007/978-3-319-07512-9_4,Conference paper
A bit too precise? Verification of quantized digital filters,International Journal on Software Tools for Technology Transfer,,,,10.1007/s10009-013-0279-9,Arlen CoxSriram SankaranarayananBor-Yuh Evan Chang,2013,https://link.springer.com/article/10.1007/s10009-013-0279-9,Article
Generating test case chains for reactive systems,International Journal on Software Tools for Technology Transfer,,,,10.1007/s10009-014-0358-6,Peter SchrammelTom MelhamDaniel Kroening,2014,https://link.springer.com/article/10.1007/s10009-014-0358-6,Article
A Certifying Frontend for (Sub)polyhedral Abstract Domains,"Verified Software: Theories, Tools and Experiments",,,,10.1007/978-3-319-12154-3_13,Alexis FouilheSylvain Boulmé,2014,https://link.springer.com/chapter/10.1007/978-3-319-12154-3_13,Conference paper
The Guided System Development Framework: Modeling and Verifying Communication Systems,"Leveraging Applications of Formal Methods, Verification and Validation. Specialized Techniques and Applications",,,,10.1007/978-3-662-45231-8_42,Jose QuaresmaChristian W. ProbstFlemming Nielson,2014,https://link.springer.com/chapter/10.1007/978-3-662-45231-8_42,Conference paper
Monitoring and Measuring Hybrid Behaviors,Runtime Verification,,,,10.1007/978-3-319-23820-3_26,Dejan Ničković,2015,https://link.springer.com/chapter/10.1007/978-3-319-23820-3_26,Conference paper
"History, status, and recent trends of the testing and test control notation version 3 (TTCN-3)",International Journal on Software Tools for Technology Transfer,,,,10.1007/s10009-014-0302-9,Jens GrabowskiIna SchieferdeckerAndreas Ulrich,2014,https://link.springer.com/article/10.1007/s10009-014-0302-9,Article
The Wireless Fire Alarm System: Ensuring Conformance to Industrial Standards through Formal Verification,FM 2014: Formal Methods,,,,10.1007/978-3-319-06410-9_44,Sergio Feo-ArenisBernd WestphalDaniel DietschMarco MuñizAhmad Siyar Andisha,2014,https://link.springer.com/chapter/10.1007/978-3-319-06410-9_44,Conference paper
A Systematic Approach to Automatically Derive Test Cases from Use Cases Specified in Restricted Natural Languages,System Analysis and Modeling: Models and Reusability,,,,10.1007/978-3-319-11743-0_10,Man ZhangTao YueShaukat AliHuihui ZhangJi Wu,2014,https://link.springer.com/chapter/10.1007/978-3-319-11743-0_10,Conference paper
A Formal Framework to Prove the Correctness of Model Driven Engineering Composition Operators,Formal Methods and Software Engineering,,,,10.1007/978-3-319-11737-9_16,Mounira Kezadri HamiazMarc PantelBenoit CombemaleXavier Thirioux,2014,https://link.springer.com/chapter/10.1007/978-3-319-11737-9_16,Conference paper
Stochastic Local Search for Falsification of Hybrid Systems,Automated Technology for Verification and Analysis,,,,10.1007/978-3-319-24953-7_35,Jyotirmoy DeshmukhXiaoqing JinJames KapinskiOded Maler,2015,https://link.springer.com/chapter/10.1007/978-3-319-24953-7_35,Conference paper
Towards a Family of Test Selection Criteria for Symbolic Models of Real-Time Systems,Formal Methods: Foundations and Applications,,,,10.1007/978-3-319-15075-8_4,Diego R. AlmeidaAlan MoraesWilkerson L. AndradePatrícia D. L. Machado,2015,https://link.springer.com/chapter/10.1007/978-3-319-15075-8_4,Conference paper
Are We There Yet? 20 Years of Industrial Theorem Proving with SPARK,Interactive Theorem Proving,,,,10.1007/978-3-319-08970-6_2,Roderick ChapmanFlorian Schanda,2014,https://link.springer.com/chapter/10.1007/978-3-319-08970-6_2,Conference paper
Denotational fixed-point semantics for constructive scheduling of synchronous concurrency,Acta Informatica,,,,10.1007/s00236-015-0238-x,Joaquín AguadoMichael MendlerReinhard von HanxledenInsa Fuhrmann,2015,https://link.springer.com/article/10.1007/s00236-015-0238-x,Article
Copilot: monitoring embedded systems,Innovations in Systems and Software Engineering,,,,10.1007/s11334-013-0223-x,Lee PikeNis WegmannSebastian NillerAlwyn Goodloe,2013,https://link.springer.com/article/10.1007/s11334-013-0223-x,Article
Verifying floating-point programs with constraint programming and abstract interpretation techniques,Automated Software Engineering,,,,10.1007/s10515-014-0154-2,Olivier PonsiniClaude MichelMichel Rueher,2014,https://link.springer.com/article/10.1007/s10515-014-0154-2,Article
Challenges of Testing Periodic Messages in Avionics Systems Using TTCN-3,Testing Software and Systems,,,,10.1007/978-3-642-41707-8_14,Bernard StepienLiam Peyton,2013,https://link.springer.com/chapter/10.1007/978-3-642-41707-8_14,Conference paper
Maintaining the health of software monitors,Innovations in Systems and Software Engineering,,,,10.1007/s11334-013-0213-z,Suzette PersonNeha Rungta,2013,https://link.springer.com/article/10.1007/s11334-013-0213-z,Article
Querying Safety Cases,"Computer Safety, Reliability, and Security",,,,10.1007/978-3-319-10506-2_20,Ewen DenneyDwight NaylorGanesh Pai,2014,https://link.springer.com/chapter/10.1007/978-3-319-10506-2_20,Conference paper
An Integrated Analysis and Testing Methodology to Support Model-Based Quality Assurance,Software Quality. Model-Based Approaches for Advanced Software and Systems Engineering,,,,10.1007/978-3-319-03602-1_9,Frank ElberzhagerAlla RosbachThomas Bauer,2014,https://link.springer.com/chapter/10.1007/978-3-319-03602-1_9,Conference paper
Formal Semantics and Analysis of Timed Rebeca in Real-Time Maude,Formal Techniques for Safety-Critical Systems,,,,10.1007/978-3-319-05416-2_12,Zeynab Sabahi-KavianiRamtin KhosraviMarjan SirjaniPeter Csaba ÖlveczkyEhsan Khamespanah,2014,https://link.springer.com/chapter/10.1007/978-3-319-05416-2_12,Conference paper
A Customizable Monitoring Infrastructure for Hardware/Software Embedded Systems,Testing Software and Systems,,,,10.1007/978-3-662-44857-1_12,Martial ChabotLaurence Pierre,2014,https://link.springer.com/chapter/10.1007/978-3-662-44857-1_12,Conference paper
A Systematic Approach to Requirements Driven Test Generation for Safety Critical Systems,Model-Based Safety and Assessment,,,,10.1007/978-3-319-12214-4_4,Toby WilkinsonMichael ButlerJohn Colley,2014,https://link.springer.com/chapter/10.1007/978-3-319-12214-4_4,Conference paper
Relational Thread-Modular Static Value Analysis by Abstract Interpretation,"Verification, Model Checking, and Abstract Interpretation",,,,10.1007/978-3-642-54013-4_3,Antoine Miné,2014,https://link.springer.com/chapter/10.1007/978-3-642-54013-4_3,Conference paper
Applying Formal Methods into Safety-Critical Health Applications,Model-Based Safety and Assessment,,,,10.1007/978-3-319-12214-4_15,Mohammad-Reza GholamiHanifa Boucheneb,2014,https://link.springer.com/chapter/10.1007/978-3-319-12214-4_15,Conference paper
Real-Time Maude and Its Applications,Rewriting Logic and Its Applications,,,,10.1007/978-3-319-12904-4_3,Peter Csaba Ölveczky,2014,https://link.springer.com/chapter/10.1007/978-3-319-12904-4_3,Conference paper
Model-Driven Verifying Compilation of Synchronous Distributed Applications,Model-Driven Engineering Languages and Systems,,,,10.1007/978-3-319-11653-2_13,Sagar ChakiJames Edmondson,2014,https://link.springer.com/chapter/10.1007/978-3-319-11653-2_13,Conference paper
"Behavioural Verification in Embedded Software, from Model to Source Code",Model-Driven Engineering Languages and Systems,,,,10.1007/978-3-642-41533-3_20,Anthony Fernandes PiresThomas PolacsekVirginie WielsStéphane Duprat,2013,https://link.springer.com/chapter/10.1007/978-3-642-41533-3_20,Conference paper
GRL: A Specification Language for Globally Asynchronous Locally Synchronous Systems,Formal Methods and Software Engineering,,,,10.1007/978-3-319-11737-9_15,Fatma JebaliFrédéric LangRadu Mateescu,2014,https://link.springer.com/chapter/10.1007/978-3-319-11737-9_15,Conference paper
"Automated verification of code automatically generated from Simulink<sup>®</sup>
            ",Automated Software Engineering,,,,10.1007/s10515-012-0116-5,Colin O’Halloran,2012,https://link.springer.com/article/10.1007/s10515-012-0116-5,Article
Search-Based Testing for Embedded Telecom Software with Complex Input Structures,Testing Software and Systems,,,,10.1007/978-3-662-44857-1_17,Kivanc DoganaySigrid EldhWasif AfzalMarkus Bohlin,2014,https://link.springer.com/chapter/10.1007/978-3-662-44857-1_17,Conference paper
Formal Verification of Concurrent Embedded Software,"Embedded Systems: Design, Analysis and Verification",,,,10.1007/978-3-642-38853-8_20,Dirk NowotkaJohannes Traub,2013,https://link.springer.com/chapter/10.1007/978-3-642-38853-8_20,Conference paper
BLESS: Formal Specification and Verification of Behaviors for Embedded Systems with Software,NASA Formal Methods,,,,10.1007/978-3-642-38088-4_19,Brian R. LarsonPatrice ChalinJohn Hatcliff,2013,https://link.springer.com/chapter/10.1007/978-3-642-38088-4_19,Conference paper
DSL Implementation for Model-Based Development of Pumps,"Leveraging Applications of Formal Methods, Verification and Validation. Technologies for Mastering Change",,,,10.1007/978-3-662-45234-9_28,Christian BergWolf Zimmermann,2014,https://link.springer.com/chapter/10.1007/978-3-662-45234-9_28,Conference paper
"Static Analysis by Abstract Interpretation of Numerical Programs and Systems, and FLUCTUAT",Static Analysis,,,,10.1007/978-3-642-38856-9_1,Eric Goubault,2013,https://link.springer.com/chapter/10.1007/978-3-642-38856-9_1,Conference paper
Grounding Synchronous Deterministic Concurrency in Sequential Programming,Programming Languages and Systems,,,,10.1007/978-3-642-54833-8_13,Joaquín AguadoMichael MendlerReinhard von HanxledenInsa Fuhrmann,2014,https://link.springer.com/chapter/10.1007/978-3-642-54833-8_13,Conference paper
"On Two Models of Noninterference: Rushby and Greve, Wilding, and Vanfleet","Computer Safety, Reliability, and Security",,,,10.1007/978-3-319-10506-2_17,Adrian Garcia RamirezJulien SchmaltzFreek VerbeekBruno LangensteinHolger Blasum,2014,https://link.springer.com/chapter/10.1007/978-3-319-10506-2_17,Conference paper
AUTSEG: Automatic Test Set Generator for Embedded Reactive Systems,Testing Software and Systems,,,,10.1007/978-3-662-44857-1_7,Mariem AbdelmoulaDaniel GaffeMichel Auguin,2014,https://link.springer.com/chapter/10.1007/978-3-662-44857-1_7,Conference paper
An Abstraction Technique for Testing Decomposable Systems by Model Checking,Tests and Proofs,,,,10.1007/978-3-319-09099-3_3,Paolo ArcainiAngelo GargantiniElvinia Riccobene,2014,https://link.springer.com/chapter/10.1007/978-3-319-09099-3_3,Conference paper
Interpolation-Based Verification of Floating-Point Programs with Abstract CDCL,Static Analysis,,,,10.1007/978-3-642-38856-9_22,Martin BrainVijay D’SilvaAlberto GriggioLeopold HallerDaniel Kroening,2013,https://link.springer.com/chapter/10.1007/978-3-642-38856-9_22,Conference paper
Certifying Solutions for Numerical Constraints,Runtime Verification,,,,10.1007/978-3-642-35632-2_27,Eva DarulovaViktor Kuncak,2013,https://link.springer.com/chapter/10.1007/978-3-642-35632-2_27,Conference paper
Efficient and Trustworthy Tool Qualification for Model-Based Testing Tools,Testing Software and Systems,,,,10.1007/978-3-642-34691-0_3,Jörg BrauerJan PeleskaUwe Schulze,2012,https://link.springer.com/chapter/10.1007/978-3-642-34691-0_3,Conference paper
Using Logic Coverage to Improve Testing Function Block Diagrams,Testing Software and Systems,,,,10.1007/978-3-642-41707-8_1,Eduard Paul EnoiuDaniel SundmarkPaul Pettersson,2013,https://link.springer.com/chapter/10.1007/978-3-642-41707-8_1,Conference paper
Efficient Generation of Correctness Certificates for the Abstract Domain of Polyhedra,Static Analysis,,,,10.1007/978-3-642-38856-9_19,Alexis FouilheDavid MonniauxMichaël Périn,2013,https://link.springer.com/chapter/10.1007/978-3-642-38856-9_19,Conference paper
Extracting Hybrid Automata from Control Code,NASA Formal Methods,,,,10.1007/978-3-642-38088-4_32,Steven LydeMatthew Might,2013,https://link.springer.com/chapter/10.1007/978-3-642-38088-4_32,Conference paper
Study on the Barriers to the Industrial Adoption of Formal Methods,Formal Methods for Industrial Critical Systems,,,,10.1007/978-3-642-41010-9_5,Jennifer A. DavisMatthew ClarkDarren CoferAaron FifarekJacob HinchmanJonathan HoffmanBrian HulbertSteven P. MillerLucas Wagner,2013,https://link.springer.com/chapter/10.1007/978-3-642-41010-9_5,Conference paper
Relating software validation to technology trends,International Journal on Software Tools for Technology Transfer,,,,10.1007/s10009-012-0259-5,Zhiming LiuAbhik Roychoudhury,2012,https://link.springer.com/article/10.1007/s10009-012-0259-5,Article
Logic and Epistemology in Safety Cases,"Computer Safety, Reliability, and Security",,,,10.1007/978-3-642-40793-2_1,John Rushby,2013,https://link.springer.com/chapter/10.1007/978-3-642-40793-2_1,Conference paper
Test Program Generation for a Microprocessor,Tests and Proofs,,,,10.1007/978-3-642-38916-0_5,Achim D. BruckerAbderrahmane FeliachiYakoub NemouchiBurkhart Wolff,2013,https://link.springer.com/chapter/10.1007/978-3-642-38916-0_5,Conference paper
The Practical Application of Formal Methods: Where Is the Benefit for Industry?,Formal Verification of Object-Oriented Software,,,,10.1007/978-3-642-31762-0_3,James J. Hunt,2012,https://link.springer.com/chapter/10.1007/978-3-642-31762-0_3,Conference paper
Formal Methods for the Analysis of Critical Control Systems Models: Combining Non-linear and Linear Analyses,Formal Methods for Industrial Critical Systems,,,,10.1007/978-3-642-41010-9_1,Adrien ChampionRémi DelmasMichael DierkesPierre-Loïc GarocheRomain JobredeauxPierre Roux,2013,https://link.springer.com/chapter/10.1007/978-3-642-41010-9_1,Conference paper
Verifying MARTE/CCSL Mode Behaviors Using UPPAAL,Software Engineering and Formal Methods,,,,10.1007/978-3-642-40561-7_1,Jagadish SuryadevaraCristina SeceleanuFrédéric MalletPaul Pettersson,2013,https://link.springer.com/chapter/10.1007/978-3-642-40561-7_1,Conference paper
Formal Verification by Abstract Interpretation,NASA Formal Methods,,,,10.1007/978-3-642-28891-3_3,Patrick Cousot,2012,https://link.springer.com/chapter/10.1007/978-3-642-28891-3_3,Conference paper
Contributions of model checking and CoFI methodology to the development of space embedded software,Empirical Software Engineering,,,,10.1007/s10664-012-9215-y,Rodrigo Pastl PontesPaulo Claudino VérasAna Maria AmbrosioEmília Villani,2012,https://link.springer.com/article/10.1007/s10664-012-9215-y,Article
A Lesson on Proof of Programs with Frama-C. Invited Tutorial Paper,Tests and Proofs,,,,10.1007/978-3-642-38916-0_10,Nikolai KosmatovVirgile PrevostoJulien Signoles,2013,https://link.springer.com/chapter/10.1007/978-3-642-38916-0_10,Conference paper
An executable formal semantics for UML-RT,Software & Systems Modeling,,,,10.1007/s10270-014-0399-z,Ernesto PosseJuergen Dingel,2014,https://link.springer.com/article/10.1007/s10270-014-0399-z,Article
A Unified Approach for Static and Runtime Verification: Framework and Applications,"Leveraging Applications of Formal Methods, Verification and Validation. Technologies for Mastering Change",,,,10.1007/978-3-642-34026-0_24,Wolfgang AhrendtGordon J. PaceGerardo Schneider,2012,https://link.springer.com/chapter/10.1007/978-3-642-34026-0_24,Conference paper
MADES: A Tool Chain for Automated Verification of UML Models of Embedded Systems,Modelling Foundations and Applications,,,,10.1007/978-3-642-31491-9_26,Alek RadjenovicNicholas MatragkasRichard F. PaigeMatteo RossiAlfredo MottaLuciano BaresiDimitrios S. Kolovos,2012,https://link.springer.com/chapter/10.1007/978-3-642-31491-9_26,Conference paper
Constraint-based BMC: a backjumping strategy,International Journal on Software Tools for Technology Transfer,,,,10.1007/s10009-012-0258-6,Hélène CollavizzaNguyen Le VinhOlivier PonsiniMichel RueherAntoine Rollet,2012,https://link.springer.com/article/10.1007/s10009-012-0258-6,Article
Exploiting Segregation in Bus-Based MPSoCs to Improve Scalability of Model-Checking-Based Performance Analysis for SDFAs,"Embedded Systems: Design, Analysis and Verification",,,,10.1007/978-3-642-38853-8_19,Maher FakihKim GrüttnerMartin FränzleAchim Rettberg,2013,https://link.springer.com/chapter/10.1007/978-3-642-38853-8_19,Conference paper
Formal Software Verification at Model and at Source Code Levels,Model and Data Engineering,,,,10.1007/978-3-642-33609-6_16,Anthony Fernandes PiresThomas PolacsekStéphane Duprat,2012,https://link.springer.com/chapter/10.1007/978-3-642-33609-6_16,Conference paper
Formal Methods in Avionic Software Certification: The DO-178C Perspective,"Leveraging Applications of Formal Methods, Verification and Validation. Applications and Case Studies",,,,10.1007/978-3-642-34032-1_21,Gabriella GiganteDomenico Pascarella,2012,https://link.springer.com/chapter/10.1007/978-3-642-34032-1_21,Conference paper
Chaining Test Cases for Reactive System Testing,Testing Software and Systems,,,,10.1007/978-3-642-41707-8_9,Peter SchrammelTom MelhamDaniel Kroening,2013,https://link.springer.com/chapter/10.1007/978-3-642-41707-8_9,Conference paper
Modular Static Analysis with Zonotopes,Static Analysis,,,,10.1007/978-3-642-33125-1_5,Eric GoubaultSylvie PutotFranck Védrine,2012,https://link.springer.com/chapter/10.1007/978-3-642-33125-1_5,Conference paper
Time Properties Verification Framework for UML-MARTE Safety Critical Real-Time Systems,Modelling Foundations and Applications,,,,10.1007/978-3-642-31491-9_27,Ning GeMarc Pantel,2012,https://link.springer.com/chapter/10.1007/978-3-642-31491-9_27,Conference paper
Combining Analyses for C Program Verification,Formal Methods for Industrial Critical Systems,,,,10.1007/978-3-642-32469-7_8,Loïc CorrensonJulien Signoles,2012,https://link.springer.com/chapter/10.1007/978-3-642-32469-7_8,Conference paper
On the Formal Verification of Systems of Synchronous Software Components,"Computer Safety, Reliability, and Security",,,,10.1007/978-3-642-33678-2_25,Henning GüntherStefan MiliusOliver Möller,2012,https://link.springer.com/chapter/10.1007/978-3-642-33678-2_25,Conference paper
A Certified Multi-prover Verification Condition Generator,"Verified Software: Theories, Tools, Experiments",,,,10.1007/978-3-642-27705-4_2,Paolo HermsClaude MarchéBenjamin Monate,2012,https://link.springer.com/chapter/10.1007/978-3-642-27705-4_2,Conference paper
Bridging the chasm between MDE and the world of compilation,Software & Systems Modeling,,,,10.1007/s10270-012-0266-8,Jean-Marc JézéquelBenoit CombemaleSteven DerrienClément GuySanjay Rajopadhye,2012,https://link.springer.com/article/10.1007/s10270-012-0266-8,Article
A Formal Basis for Safety Case Patterns,"Computer Safety, Reliability, and Security",,,,10.1007/978-3-642-40793-2_3,Ewen DenneyGanesh Pai,2013,https://link.springer.com/chapter/10.1007/978-3-642-40793-2_3,Conference paper
A Generic Fault Model for Quality Assurance,Model-Driven Engineering Languages and Systems,,,,10.1007/978-3-642-41533-3_6,Alexander PretschnerDominik HollingRobert EschbachMatthias Gemmar,2013,https://link.springer.com/chapter/10.1007/978-3-642-41533-3_6,Conference paper
Incremental Verification with Mode Variable Invariants in State Machines,NASA Formal Methods,,,,10.1007/978-3-642-28891-3_35,Temesghen KahsaiPierre-Loïc GarocheCesare TinelliMike Whalen,2012,https://link.springer.com/chapter/10.1007/978-3-642-28891-3_35,Conference paper
A Formal Interactive Verification Environment for the Plan Execution Interchange Language,Integrated Formal Methods,,,,10.1007/978-3-642-30729-4_24,Camilo RochaHéctor CadavidCésar MuñozRadu Siminiceanu,2012,https://link.springer.com/chapter/10.1007/978-3-642-30729-4_24,Conference paper
On the Danger of Coverage Directed Test Case Generation,Fundamental Approaches to Software Engineering,,,,10.1007/978-3-642-28872-2_28,Matt StaatsGregory GayMichael WhalenMats Heimdahl,2012,https://link.springer.com/chapter/10.1007/978-3-642-28872-2_28,Conference paper
Runtime Verification for Ultra-Critical Systems,Runtime Verification,,,,10.1007/978-3-642-29860-8_23,Lee PikeSebastian NillerNis Wegmann,2012,https://link.springer.com/chapter/10.1007/978-3-642-29860-8_23,Conference paper
Abstraction Based Model-Checking of Stability of Hybrid Systems,Computer Aided Verification,,,,10.1007/978-3-642-39799-8_20,Pavithra PrabhakarMiriam Garcia Soto,2013,https://link.springer.com/chapter/10.1007/978-3-642-39799-8_20,Conference paper
Compositional Sequentialization of Periodic Programs,"Verification, Model Checking, and Abstract Interpretation",,,,10.1007/978-3-642-35873-9_31,Sagar ChakiArie GurfinkelSoonho KongOfer Strichman,2013,https://link.springer.com/chapter/10.1007/978-3-642-35873-9_31,Conference paper
Source Code as the Key Artifact in Requirement-Based Development: The Case of Ada 2012,Reliable Software Technologies – Ada-Europe 2012,,,,10.1007/978-3-642-30598-6_4,José F. RuizCyrille ComarYannick Moy,2012,https://link.springer.com/chapter/10.1007/978-3-642-30598-6_4,Conference paper
Practical experiences of applying source-level WCET flow analysis to industrial code,International Journal on Software Tools for Technology Transfer,,,,10.1007/s10009-012-0255-9,Björn LisperAndreas ErmedahlDietmar SchreinerJens KnoopPeter Gliwa,2012,https://link.springer.com/article/10.1007/s10009-012-0255-9,Article
A Practical Approach for Closed Systems Formal Verification Using Event-B,Software Engineering and Formal Methods,,,,10.1007/978-3-642-33826-7_22,Brett BicknellJose ReisMichael ButlerJohn ColleyColin Snook,2012,https://link.springer.com/chapter/10.1007/978-3-642-33826-7_22,Conference paper
Testing Static Analyzers with Randomly Generated Programs,NASA Formal Methods,,,,10.1007/978-3-642-28891-3_12,Pascal CuoqBenjamin MonateAnne PacaletVirgile PrevostoJohn RegehrBoris YakobowskiXuejun Yang,2012,https://link.springer.com/chapter/10.1007/978-3-642-28891-3_12,Conference paper
Applying Industrial-Strength Testing Techniques to Critical Care Medical Equipment,"Computer Safety, Reliability, and Security",,,,10.1007/978-3-642-33678-2_6,Christoph Woskowski,2012,https://link.springer.com/chapter/10.1007/978-3-642-33678-2_6,Conference paper
Generating Verifiable Java Code from Verified PVS Specifications,NASA Formal Methods,,,,10.1007/978-3-642-28891-3_30,Leonard LensinkSjaak SmetsersMarko van Eekelen,2012,https://link.springer.com/chapter/10.1007/978-3-642-28891-3_30,Conference paper
Composing Safe Systems,Formal Aspects of Component Software,,,,10.1007/978-3-642-35743-5_2,John Rushby,2012,https://link.springer.com/chapter/10.1007/978-3-642-35743-5_2,Conference paper
Frama-C,Software Engineering and Formal Methods,,,,10.1007/978-3-642-33826-7_16,Pascal CuoqFlorent KirchnerNikolai KosmatovVirgile PrevostoJulien SignolesBoris Yakobowski,2012,https://link.springer.com/chapter/10.1007/978-3-642-33826-7_16,Conference paper
Refining Abstract Interpretation Based Value Analysis with Constraint Programming Techniques,Principles and Practice of Constraint Programming,,,,10.1007/978-3-642-33558-7_43,Olivier PonsiniClaude MichelMichel Rueher,2012,https://link.springer.com/chapter/10.1007/978-3-642-33558-7_43,Conference paper
A generic framework: from modeling to code,Innovations in Systems and Software Engineering,,,,10.1007/s11334-011-0165-0,Dominique MéryNeeraj Kumar Singh,2011,https://link.springer.com/article/10.1007/s11334-011-0165-0,Article
Implementation of an Integrated Test Bed for Avionics System Development,"Software Engineering, Business Continuity, and Education",,,,10.1007/978-3-642-27207-3_46,Hyeon-Gab ShinMyeong-Chul ParkJung-Soo JunYong-Ho MoonSeok-Wun Ha,2011,https://link.springer.com/chapter/10.1007/978-3-642-27207-3_46,Conference paper
Model checking software product lines with SNIP,International Journal on Software Tools for Technology Transfer,,,,10.1007/s10009-012-0234-1,Andreas ClassenMaxime CordyPatrick HeymansAxel LegayPierre-Yves Schobbens,2012,https://link.springer.com/article/10.1007/s10009-012-0234-1,Article
Maximal and Compositional Pattern-Based Loop Invariants,FM 2012: Formal Methods,,,,10.1007/978-3-642-32759-9_7,Virginia ApontePierre CourtieuYannick MoyMarc Sango,2012,https://link.springer.com/chapter/10.1007/978-3-642-32759-9_7,Conference paper
Succinct Representations for Abstract Interpretation,Static Analysis,,,,10.1007/978-3-642-33125-1_20,Julien HenryDavid MonniauxMatthieu Moy,2012,https://link.springer.com/chapter/10.1007/978-3-642-33125-1_20,Conference paper
A Process Algebra Based Strategy for Generating Test Vectors from SCR Specifications,Formal Methods: Foundations and Applications,,,,10.1007/978-3-642-33296-8_7,Gustavo CarvalhoDiogo FalcãoAlexandre MotaAugusto Sampaio,2012,https://link.springer.com/chapter/10.1007/978-3-642-33296-8_7,Conference paper
An Approach to Constructing Timing Diagrams from UML/MARTE Behavioral Models for Guidance and Control Unit Software,"Computer Applications for Database, Education, and Ubiquitous Computing",,,,10.1007/978-3-642-35603-2_16,Jinho ChoiDoo-Hwan Bae,2012,https://link.springer.com/chapter/10.1007/978-3-642-35603-2_16,Conference paper
The New Software Testing Standard,Achieving Systems Safety,,,,10.1007/978-1-4471-2494-8_17,Stuart Reid,2012,https://link.springer.com/chapter/10.1007/978-1-4471-2494-8_17,Conference paper
Linking Modelling in Event-B with Safety Cases,Software Engineering for Resilient Systems,,,,10.1007/978-3-642-33176-3_4,Yuliya ProkhorovaElena Troubitsyna,2012,https://link.springer.com/chapter/10.1007/978-3-642-33176-3_4,Conference paper
Reviewing Software Models in Compliance with ISO 26262,"Computer Safety, Reliability, and Security",,,,10.1007/978-3-642-33678-2_22,Ingo StürmerElke SaleckerHartmut Pohlheim,2012,https://link.springer.com/chapter/10.1007/978-3-642-33678-2_22,Conference paper
Integrating Statechart Components in Polyglot,NASA Formal Methods,,,,10.1007/978-3-642-28891-3_26,Daniel BalasubramanianCorina S. PăsăreanuJason BiatekThomas PressburgerGabor KarsaiMichael LowryMichael W. Whalen,2012,https://link.springer.com/chapter/10.1007/978-3-642-28891-3_26,Conference paper
Timed CTL Model Checking in Real-Time Maude,Rewriting Logic and Its Applications,,,,10.1007/978-3-642-34005-5_10,Daniela LepriErika ÁbrahámPeter Csaba Ölveczky,2012,https://link.springer.com/chapter/10.1007/978-3-642-34005-5_10,Conference paper
Functional dependencies of C functions via weakest pre-conditions,International Journal on Software Tools for Technology Transfer,,,,10.1007/s10009-011-0192-z,Pascal CuoqBenjamin MonateAnne PacaletVirgile Prevosto,2011,https://link.springer.com/article/10.1007/s10009-011-0192-z,Article
A Small Model Theorem for Rectangular Hybrid Automata Networks,Formal Techniques for Distributed Systems,,,,10.1007/978-3-642-30793-5_2,Taylor T. JohnsonSayan Mitra,2012,https://link.springer.com/chapter/10.1007/978-3-642-30793-5_2,Conference paper
Temporal Action Language (TAL): A Controlled Language for Consistency Checking of Natural Language Temporal Requirements,NASA Formal Methods,,,,10.1007/978-3-642-28891-3_16,Wenbin LiJane Huffman HayesMirosław Truszczyński,2012,https://link.springer.com/chapter/10.1007/978-3-642-28891-3_16,Conference paper
UML/SysML semantic tunings,Innovations in Systems and Software Engineering,,,,10.1007/s11334-011-0163-2,Ileana OberIulian OberIulia DragomirEl Arbi Aboussoror,2011,https://link.springer.com/article/10.1007/s11334-011-0163-2,Article
Simulation and Verification of Synchronous Set Relations in Rewriting Logic,"Formal Methods, Foundations and Applications",,,,10.1007/978-3-642-25032-3_5,Camilo RochaCésar Muñoz,2011,https://link.springer.com/chapter/10.1007/978-3-642-25032-3_5,Conference paper
Static Analysis of Finite Precision Computations,"Verification, Model Checking, and Abstract Interpretation",,,,10.1007/978-3-642-18275-4_17,Eric GoubaultSylvie Putot,2011,https://link.springer.com/chapter/10.1007/978-3-642-18275-4_17,Conference paper
Synchronous AADL and Its Formal Analysis in Real-Time Maude,Formal Methods and Software Engineering,,,,10.1007/978-3-642-24559-6_43,Kyungmin BaePeter Csaba ÖlveczkyAbdullah Al-NayeemJosé Meseguer,2011,https://link.springer.com/chapter/10.1007/978-3-642-24559-6_43,Conference paper
Static Analysis of Run-Time Errors in Embedded Critical Parallel C Programs,Programming Languages and Systems,,,,10.1007/978-3-642-19718-5_21,Antoine Miné,2011,https://link.springer.com/chapter/10.1007/978-3-642-19718-5_21,Conference paper
A First Step in the Design of a Formally Verified Constraint-Based Testing Tool: FocalTest,Tests and Proofs,,,,10.1007/978-3-642-30473-6_5,Matthieu CarlierCatherine DuboisArnaud Gotlieb,2012,https://link.springer.com/chapter/10.1007/978-3-642-30473-6_5,Conference paper
Automated Formal Verification of the TTEthernet Synchronization Quality,NASA Formal Methods,,,,10.1007/978-3-642-20398-5_27,Wilfried SteinerBruno Dutertre,2011,https://link.springer.com/chapter/10.1007/978-3-642-20398-5_27,Conference paper
Establishing Confidence in the Usage of Software Tools in Context of ISO 26262,"Computer Safety, Reliability, and Security",,,,10.1007/978-3-642-24270-0_19,Joachim HillebrandPeter ReichenpfaderIrenka MandicHannes SieglChristian Peer,2011,https://link.springer.com/chapter/10.1007/978-3-642-24270-0_19,Conference paper
A Formal Approach to Design and Verification of Two-Level Hierarchical Scheduling Systems,Reliable Software Technologies - Ada-Europe 2011,,,,10.1007/978-3-642-21338-0_9,Laura CarnevaliGiuseppe LipariAlessandro PinzutiEnrico Vicario,2011,https://link.springer.com/chapter/10.1007/978-3-642-21338-0_9,Conference paper
Efficient Scenario Verification for Hybrid Automata,Computer Aided Verification,,,,10.1007/978-3-642-22110-1_25,Alessandro CimattiSergio MoverStefano Tonetta,2011,https://link.springer.com/chapter/10.1007/978-3-642-22110-1_25,Conference paper
A Pragmatic View of Formal Methods: the Hi-Lite Project,Advances in Systems Safety,,,,10.1007/978-0-85729-133-2_14,Robert Dewar,2011,https://link.springer.com/chapter/10.1007/978-0-85729-133-2_14,Conference paper
Bakar Kiasan: Flexible Contract Checking for Critical Systems Using Symbolic Execution,NASA Formal Methods,,,,10.1007/978-3-642-20398-5_6,Jason BeltJohn HatcliffRobbyPatrice ChalinDavid HardinXianghua Deng,2011,https://link.springer.com/chapter/10.1007/978-3-642-20398-5_6,Conference paper
A framework to measure and improve the quality of textual requirements,Requirements Engineering,,,,10.1007/s00766-011-0134-z,Gonzalo GénovaJosé M. FuentesJuan LlorensOmar HurtadoValentín Moreno,2011,https://link.springer.com/article/10.1007/s00766-011-0134-z,Article
MoDeVVa 2010 Workshop Summary,Models in Software Engineering,,,,10.1007/978-3-642-21210-9_23,Levi LúcioElisangela VieiraStephan Weißleder,2011,https://link.springer.com/chapter/10.1007/978-3-642-21210-9_23,Conference paper
Correct Code Containing Containers,Tests and Proofs,,,,10.1007/978-3-642-21768-5_9,Claire DrossJean-Christophe FilliâtreYannick Moy,2011,https://link.springer.com/chapter/10.1007/978-3-642-21768-5_9,Conference paper
Infer: An Automatic Program Verifier for Memory Safety of C Programs,NASA Formal Methods,,,,10.1007/978-3-642-20398-5_33,Cristiano CalcagnoDino Distefano,2011,https://link.springer.com/chapter/10.1007/978-3-642-20398-5_33,Conference paper
On the Adoption of Model Checking in Safety-Related Software Industry,"Computer Safety, Reliability, and Security",,,,10.1007/978-3-642-24270-0_28,Alessandro FantechiStefania Gnesi,2011,https://link.springer.com/chapter/10.1007/978-3-642-24270-0_28,Conference paper
Seamless Testing for Models and Code,Fundamental Approaches to Software Engineering,,,,10.1007/978-3-642-19811-3_20,Andreas HolzerVisar JanuzajStefan KugeleBoris LangerChristian SchallhartMichael TautschnigHelmut Veith,2011,https://link.springer.com/chapter/10.1007/978-3-642-19811-3_20,Conference paper
Investigating the effect of variations in the test development process: a case from a safety-critical system,Software Quality Journal,,,,10.1007/s11219-011-9129-8,Ayca TarhanOnur Demirors,2011,https://link.springer.com/article/10.1007/s11219-011-9129-8,Article
Astrée: Design and Experience,Static Analysis,,,,10.1007/978-3-642-23702-7_4,Daniel Kästner,2011,https://link.springer.com/chapter/10.1007/978-3-642-23702-7_4,Conference paper
Developing Dependable Software-Intensive Systems: AADL vs. EAST-ADL,Reliable Software Technologies - Ada-Europe 2011,,,,10.1007/978-3-642-21338-0_8,Andreas JohnsenKristina Lundqvist,2011,https://link.springer.com/chapter/10.1007/978-3-642-21338-0_8,Conference paper
Verifying UML-RT Protocol Conformance Using Model Checking,Model Driven Engineering Languages and Systems,,,,10.1007/978-3-642-24485-8_30,Yann MoffettAlain BeaulieuJuergen Dingel,2011,https://link.springer.com/chapter/10.1007/978-3-642-24485-8_30,Conference paper
A Tabular Expression Toolbox for Matlab/Simulink,NASA Formal Methods,,,,10.1007/978-3-642-20398-5_38,Colin ElesMark Lawford,2011,https://link.springer.com/chapter/10.1007/978-3-642-20398-5_38,Conference paper
Structural Test Coverage Criteria for Integration Testing of LUSTRE/SCADE Programs,Formal Methods for Industrial Critical Systems,,,,10.1007/978-3-642-24431-5_8,Virginia PapailiopoulouAjitha RajanIoannis Parissis,2011,https://link.springer.com/chapter/10.1007/978-3-642-24431-5_8,Conference paper
The Rewriting Logic Semantics Project: A Progress Report,Fundamentals of Computation Theory,,,,10.1007/978-3-642-22953-4_1,José MeseguerGrigore Roşu,2011,https://link.springer.com/chapter/10.1007/978-3-642-22953-4_1,Conference paper
Deductive Verification of System Software in the Verisoft XT Project,KI - Künstliche Intelligenz,,,,10.1007/s13218-010-0005-7,Bernhard BeckertMichał Moskal,2010,https://link.springer.com/article/10.1007/s13218-010-0005-7,Article
Behavioural Preservation in Fault Tolerant Patterns,"Formal Methods, Foundations and Applications",,,,10.1007/978-3-642-25032-3_11,Diego Machado DiasJuliano Manabu Iyoda,2011,https://link.springer.com/chapter/10.1007/978-3-642-25032-3_11,Conference paper
Model Checking Industrial Robot Systems,Model Checking Software,,,,10.1007/978-3-642-22306-8_11,Markus WeißmannStefan BedenkChristian BucklAlois Knoll,2011,https://link.springer.com/chapter/10.1007/978-3-642-22306-8_11,Conference paper
100% Coverage for Safety-Critical Software – Efficient Testing by Static Analysis,"Computer Safety, Reliability, and Security",,,,10.1007/978-3-642-15651-9_15,Daniel KästnerReinhold HeckmannChristian Ferdinand,2010,https://link.springer.com/chapter/10.1007/978-3-642-15651-9_15,Conference paper
Hardware-Dependent Proofs of Numerical Programs,Certified Programs and Proofs,,,,10.1007/978-3-642-25379-9_23,Thi Minh Tuyen NguyenClaude Marché,2011,https://link.springer.com/chapter/10.1007/978-3-642-25379-9_23,Conference paper
Supporting Model Based Design,Model and Data Engineering,,,,10.1007/978-3-642-24443-8_25,Rémi DelmasDavid DooseAnthony Fernandes PiresThomas Polacsek,2011,https://link.springer.com/chapter/10.1007/978-3-642-24443-8_25,Conference paper
Building Extensible Specifications and Implementations of Promela with AbleP,Model Checking Software,,,,10.1007/978-3-642-22306-8_8,Yogesh MaliEric Van Wyk,2011,https://link.springer.com/chapter/10.1007/978-3-642-22306-8_8,Conference paper
From Interaction Overview Diagrams to Temporal Logic,Models in Software Engineering,,,,10.1007/978-3-642-21210-9_9,Luciano BaresiAngelo MorzentiAlfredo MottaMatteo Rossi,2011,https://link.springer.com/chapter/10.1007/978-3-642-21210-9_9,Conference paper
Toward a wider use of formal methods for aerospace systems design and verification,International Journal on Software Tools for Technology Transfer,,,,10.1007/s10009-009-0131-4,Yamine Ait AmeurFrédéric BoniolVirginie Wiels,2009,https://link.springer.com/article/10.1007/s10009-009-0131-4,Article
Model Checking: Cleared for Take Off,Model Checking Software,,,,10.1007/978-3-642-16164-3_6,Darren Cofer,2010,https://link.springer.com/chapter/10.1007/978-3-642-16164-3_6,Conference paper
Ubiquitous Verification of Ubiquitous Systems,Software Technologies for Embedded and Ubiquitous Systems,,,,10.1007/978-3-642-16256-5_7,Reinhard WilhelmMatteo Maffei,2010,https://link.springer.com/chapter/10.1007/978-3-642-16256-5_7,Conference paper
Experiences in Applying Formal Verification in Robotics,"Computer Safety, Reliability, and Security",,,,10.1007/978-3-642-15651-9_26,Dennis WalterHolger TäubigChristoph Lüth,2010,https://link.springer.com/chapter/10.1007/978-3-642-15651-9_26,Conference paper
Method for Formal Verification of Soft-Error Tolerance Mechanisms in Pipelined Microprocessors,Formal Methods and Software Engineering,,,,10.1007/978-3-642-16901-4_24,Miroslav N. VelevPing Gao,2010,https://link.springer.com/chapter/10.1007/978-3-642-16901-4_24,Conference paper
Extending the GWV Security Policy and Its Modular Application to a Separation Kernel,NASA Formal Methods,,,,10.1007/978-3-642-20398-5_28,Sergey Tverdyshev,2011,https://link.springer.com/chapter/10.1007/978-3-642-20398-5_28,Conference paper
Formal Methods for the Certification of Autonomous Unmanned Aircraft Systems,"Computer Safety, Reliability, and Security",,,,10.1007/978-3-642-24270-0_17,Matt WebsterMichael FisherNeil CameronMike Jump,2011,https://link.springer.com/chapter/10.1007/978-3-642-24270-0_17,Conference paper
Program Conversion for Detecting Data Races in Concurrent Interrupt Handlers,"Software Engineering, Business Continuity, and Education",,,,10.1007/978-3-642-27207-3_45,Byoung-Kwi LeeMun-Hye KangKyoung Choon ParkJin Seob YiSang Woo YangYong-Kee Jun,2011,https://link.springer.com/chapter/10.1007/978-3-642-27207-3_45,Conference paper
Modular State Spaces for Prioritised Petri Nets,"Foundations of Computer Software. Modeling, Development, and Verification of Adaptive Systems",,,,10.1007/978-3-642-21292-5_8,Charles LakosLaure Petrucci,2011,https://link.springer.com/chapter/10.1007/978-3-642-21292-5_8,Conference paper
Synthesizing Cyber-Physical Architectural Models with Real-Time Constraints,Computer Aided Verification,,,,10.1007/978-3-642-22110-1_35,Christine HangPanagiotis ManoliosVasilis Papavasileiou,2011,https://link.springer.com/chapter/10.1007/978-3-642-22110-1_35,Conference paper
Learning Techniques for Software Verification and Validation – Special Track at ISoLA 2010,"Leveraging Applications of Formal Methods, Verification, and Validation",,,,10.1007/978-3-642-16558-0_51,Dimitra GiannakopoulouCorina S. Păsăreanu,2010,https://link.springer.com/chapter/10.1007/978-3-642-16558-0_51,Conference paper
Beyond loop bounds: comparing annotation languages for worst-case execution time analysis,Software & Systems Modeling,,,,10.1007/s10270-010-0161-0,Raimund KirnerJens KnoopAdrian PrantlMarkus SchordanAlbrecht Kadlec,2010,https://link.springer.com/article/10.1007/s10270-010-0161-0,Article
Integration of verification methods for program systems,Programming and Computer Software,,,,10.1134/S0361768809040057,V. V. Kuliamin,2009,https://link.springer.com/article/10.1134/S0361768809040057,Article
Probabilistic Compositional Reasoning for Guaranteeing Fault Tolerance Properties,Principles of Distributed Systems,,,,10.1007/978-3-642-25873-2_16,Jan Olaf Blech,2011,https://link.springer.com/chapter/10.1007/978-3-642-25873-2_16,Conference paper
A Framework for Verification of Software with Time and Probabilities,Formal Modeling and Analysis of Timed Systems,,,,10.1007/978-3-642-15297-9_4,Marta KwiatkowskaGethin NormanDavid Parker,2010,https://link.springer.com/chapter/10.1007/978-3-642-15297-9_4,Conference paper
Analyzing End-to-End Functional Delays on an IMA Platform,"Leveraging Applications of Formal Methods, Verification, and Validation",,,,10.1007/978-3-642-16558-0_21,Michaël LauerJérôme ErmontClaire PagettiFrédéric Boniol,2010,https://link.springer.com/chapter/10.1007/978-3-642-16558-0_21,Conference paper
Formalization and Correctness of the PALS Architectural Pattern for Distributed Real-Time Systems,Formal Methods and Software Engineering,,,,10.1007/978-3-642-16901-4_21,José MeseguerPeter Csaba Ölveczky,2010,https://link.springer.com/chapter/10.1007/978-3-642-16901-4_21,Conference paper
Formal Verification of Avionics Software Products,FM 2009: Formal Methods,,,,10.1007/978-3-642-05089-3_34,Jean SouyrisVirginie WielsDavid DelmasHervé Delseny,2009,https://link.springer.com/chapter/10.1007/978-3-642-05089-3_34,Conference paper
Precise and Automated Contract-Based Reasoning for Verification and Certification of Information Flow Properties of Programs with Arrays,Programming Languages and Systems,,,,10.1007/978-3-642-11957-6_4,Torben AmtoftJohn HatcliffEdwin Rodríguez,2010,https://link.springer.com/chapter/10.1007/978-3-642-11957-6_4,Conference paper
Brief Announcement: Automated Support for the Design and Validation of Fault Tolerant Parameterized Systems - A Case Study,Distributed Computing,,,,10.1007/978-3-642-15763-9_36,Francesco AlbertiSilvio GhilardiElena PaganiSilvio RaniseGian Paolo Rossi,2010,https://link.springer.com/chapter/10.1007/978-3-642-15763-9_36,Conference paper
Mutation-Based Test Case Generation for Simulink Models,Formal Methods for Components and Objects,,,,10.1007/978-3-642-17071-3_11,Angelo BrilloutNannan HeMichele MazzucchiDaniel KroeningMitra PurandarePhilipp RümmerGeorg Weissenbacher,2010,https://link.springer.com/chapter/10.1007/978-3-642-17071-3_11,Conference paper
Thematic Track: Formal Languages and Methods for Designing and Verifying Complex Embedded Systems,"Leveraging Applications of Formal Methods, Verification, and Validation",,,,10.1007/978-3-642-16558-0_7,Yamine Ait AmeurFrédéric BoniolDominique MeryVirginie Wiels,2010,https://link.springer.com/chapter/10.1007/978-3-642-16558-0_7,Conference paper
Local Verification of Global Invariants in Concurrent Programs,Computer Aided Verification,,,,10.1007/978-3-642-14295-6_42,Ernie CohenMichał MoskalWolfram SchulteStephan Tobies,2010,https://link.springer.com/chapter/10.1007/978-3-642-14295-6_42,Conference paper
Tool-supported enhancement of diagnosis in model-driven verification,Innovations in Systems and Software Engineering,,,,10.1007/s11334-009-0091-6,Marco BakeraTiziana MargariaClemens D. RennerBernhard Steffen,2009,https://link.springer.com/article/10.1007/s11334-009-0091-6,Article
A Formally Verified Compiler Back-end,Journal of Automated Reasoning,,,,10.1007/s10817-009-9155-4,Xavier Leroy,2009,https://link.springer.com/article/10.1007/s10817-009-9155-4,Article
Development of High-Integrity Software Product Lines Using Model Transformation,"Computer Safety, Reliability, and Security",,,,10.1007/978-3-642-15651-9_29,Stuart HutchessonJohn McDermid,2010,https://link.springer.com/chapter/10.1007/978-3-642-15651-9_29,Conference paper
Practically Applicable Formal Methods,SOFSEM 2010: Theory and Practice of Computer Science,,,,10.1007/978-3-642-11266-9_34,Jędrzej FularaKrzysztof Jakubczyk,2010,https://link.springer.com/chapter/10.1007/978-3-642-11266-9_34,Conference paper
Certification of software for real-time safety-critical systems: state of the art,Innovations in Systems and Software Engineering,,,,10.1007/s11334-009-0088-1,Andrew KorneckiJanusz Zalewski,2009,https://link.springer.com/article/10.1007/s11334-009-0088-1,Article
Faulty Logic: Reasoning about Fault Tolerant Programs,Programming Languages and Systems,,,,10.1007/978-3-642-11957-6_25,Matthew L. MeolaDavid Walker,2010,https://link.springer.com/chapter/10.1007/978-3-642-11957-6_25,Conference paper
Practical Experiences of Applying Source-Level WCET Flow Analysis on Industrial Code,"Leveraging Applications of Formal Methods, Verification, and Validation",,,,10.1007/978-3-642-16561-0_41,Björn LisperAndreas ErmedahlDietmar SchreinerJens KnoopPeter Gliwa,2010,https://link.springer.com/chapter/10.1007/978-3-642-16561-0_41,Conference paper
Perspectives in Certificate Translation,Trustworthly Global Computing,,,,10.1007/978-3-642-15640-3_2,Gilles BartheCésar Kunz,2010,https://link.springer.com/chapter/10.1007/978-3-642-15640-3_2,Conference paper
"Integrating UML and UPPAAL for designing, specifying and verifying component-based real-time systems",Innovations in Systems and Software Engineering,,,,10.1007/s11334-009-0103-6,André L. N. MunizAline M. S. AndradeGeorge Lima,2009,https://link.springer.com/article/10.1007/s11334-009-0103-6,Article
From a Verified Kernel towards Verified Systems,Programming Languages and Systems,,,,10.1007/978-3-642-17164-2_3,Gerwin Klein,2010,https://link.springer.com/chapter/10.1007/978-3-642-17164-2_3,Conference paper
Assurance Cases in Model-Driven Development of the Pacemaker Software,"Leveraging Applications of Formal Methods, Verification, and Validation",,,,10.1007/978-3-642-16561-0_33,Eunkyoung JeeInsup LeeOleg Sokolsky,2010,https://link.springer.com/chapter/10.1007/978-3-642-16561-0_33,Conference paper
Cache-Aware Development of High-Integrity Systems,Reliable Software Technologiey – Ada-Europe 2010,,,,10.1007/978-3-642-13550-7_10,Enrico MezzettiAdam BettsJosé RuizTullio Vardanega,2010,https://link.springer.com/chapter/10.1007/978-3-642-13550-7_10,Conference paper
A Formally Verified OS Kernel. Now What?,Interactive Theorem Proving,,,,10.1007/978-3-642-14052-5_1,Gerwin Klein,2010,https://link.springer.com/chapter/10.1007/978-3-642-14052-5_1,Conference paper
Issues in Tool Qualification for Safety-Critical Hardware: What Formal Approaches Can and Cannot Do,"Computer Safety, Reliability, and Security",,,,10.1007/978-3-642-04468-7_17,Brian ButkaJanusz ZalewskiAndrew J. Kornecki,2009,https://link.springer.com/chapter/10.1007/978-3-642-04468-7_17,Conference paper
Model-Based Safety Engineering of Interdependent Functions in Automotive Vehicles Using EAST-ADL2,"Computer Safety, Reliability, and Security",,,,10.1007/978-3-642-15651-9_25,Anders SandbergDeJiu ChenHenrik LönnRolf JohanssonLei FengMartin TörngrenSandra TorchiaroRamin Tavakoli-KolagariAndreas Abele,2010,https://link.springer.com/chapter/10.1007/978-3-642-15651-9_25,Conference paper
Formalism in Safety Cases,Making Systems Safer,,,,10.1007/978-1-84996-086-1_1,John Rushby,2010,https://link.springer.com/chapter/10.1007/978-1-84996-086-1_1,Conference paper
Formal Verification of a Microkernel Used in Dependable Software Systems,"Computer Safety, Reliability, and Security",,,,10.1007/978-3-642-04468-7_16,Christoph BaumannBernhard BeckertHolger BlasumThorsten Bormer,2009,https://link.springer.com/chapter/10.1007/978-3-642-04468-7_16,Conference paper
Communication Systems in ClawZ,"Abstract State Machines, Alloy, B and Z",,,,10.1007/978-3-642-11811-1_25,Michael VernonFrank ZeydaAna Cavalcanti,2010,https://link.springer.com/chapter/10.1007/978-3-642-11811-1_25,Conference paper
Arguing for Software Quality in an IEC 62304 Compliant Development Process,"Leveraging Applications of Formal Methods, Verification, and Validation",,,,10.1007/978-3-642-16561-0_30,Michaela HuhnAxel Zechner,2010,https://link.springer.com/chapter/10.1007/978-3-642-16561-0_30,Conference paper
Encoding Circus Programs in ProofPowerZ,Unifying Theories of Programming,,,,10.1007/978-3-642-14521-6_13,Frank ZeydaAna Cavalcanti,2010,https://link.springer.com/chapter/10.1007/978-3-642-14521-6_13,Conference paper
A Formal Method for Developing Provably Correct Fault-Tolerant Systems Using Partial Refinement and Composition,FM 2009: Formal Methods,,,,10.1007/978-3-642-05089-3_12,Ralph JeffordsConstance HeitmeyerMyla ArcherElizabeth Leonard,2009,https://link.springer.com/chapter/10.1007/978-3-642-05089-3_12,Conference paper
Enforcing Applicability of Real-Time Scheduling Theory Feasibility Tests with the Use of Design-Patterns,"Leveraging Applications of Formal Methods, Verification, and Validation",,,,10.1007/978-3-642-16558-0_3,Alain PlantecFrank SinghoffPierre DissauxJérôme Legrand,2010,https://link.springer.com/chapter/10.1007/978-3-642-16558-0_3,Conference paper
Encoding Ownership Types in Java,"Objects, Models, Components, Patterns",,,,10.1007/978-3-642-13953-6_15,Nicholas CameronJames Noble,2010,https://link.springer.com/chapter/10.1007/978-3-642-13953-6_15,Conference paper
Flexibility in modeling languages and tools: a call to arms,International Journal on Software Tools for Technology Transfer,,,,10.1007/s10009-009-0107-4,Eric Van WykMats Per Erik Heimdahl,2009,https://link.springer.com/article/10.1007/s10009-009-0107-4,Article
Verification of GALS Systems by Combining Synchronous Languages and Process Calculi,Model Checking Software,,,,10.1007/978-3-642-02652-2_20,Hubert GaravelDamien Thivolle,2009,https://link.springer.com/chapter/10.1007/978-3-642-02652-2_20,Conference paper
Formal Verification of AADL Specifications in the Topcased Environment,Reliable Software Technologies – Ada-Europe 2009,,,,10.1007/978-3-642-01924-1_15,Bernard BerthomieuJean-Paul BodeveixChristelle ChaudetSilvano Dal ZilioMamoun FilaliFrançois Vernadat,2009,https://link.springer.com/chapter/10.1007/978-3-642-01924-1_15,Conference paper
Flush: an example of development by refinements in SCADE/Lustre,International Journal on Software Tools for Technology Transfer,,,,10.1007/s10009-009-0113-6,Jan MikáčPaul Caspi,2009,https://link.springer.com/article/10.1007/s10009-009-0113-6,Article
Formal Methods for Critical Systems,Formal Methods for Industrial Critical Systems,,,,10.1007/978-3-642-03240-0_1,Steven P. Miller,2009,https://link.springer.com/chapter/10.1007/978-3-642-03240-0_1,Conference paper
Bridging the Gap Between Model-Based Development and Model Checking,Tools and Algorithms for the Construction and Analysis of Systems,,,,10.1007/978-3-642-00768-2_36,Steven P. Miller,2009,https://link.springer.com/chapter/10.1007/978-3-642-00768-2_36,Conference paper
Model Checking Dynamic Memory Allocation in Operating Systems,Journal of Automated Reasoning,,,,10.1007/s10817-009-9124-y,María del Mar GallardoPedro MerinoDavid Sanán,2009,https://link.springer.com/article/10.1007/s10817-009-9124-y,Article
Modeling and proving functional completeness in formal verification of counting heads,International Journal on Software Tools for Technology Transfer,,,,10.1007/s10009-008-0084-z,Sebastian KinderRolf Drechsler,2008,https://link.springer.com/article/10.1007/s10009-008-0084-z,Article
Extending Structural Test Coverage Criteria for Lustre Programs with Multi-clock Operators,Formal Methods for Industrial Critical Systems,,,,10.1007/978-3-642-03240-0_6,Virginia PapailiopoulouLaya MadaniLydie du BousquetIoannis Parissis,2009,https://link.springer.com/chapter/10.1007/978-3-642-03240-0_6,Conference paper
Timed Simulation of Extended AADL-Based Architecture Specifications with Timed Abstract State Machines,Architectures for Adaptive Software Systems,,,,10.1007/978-3-642-02351-4_7,Stefan BjörnanderLars GrunskeKristina Lundqvist,2009,https://link.springer.com/chapter/10.1007/978-3-642-02351-4_7,Conference paper
Foundations of a new software engineering method for real-time systems,Innovations in Systems and Software Engineering,,,,10.1007/s11334-008-0067-y,Isabelle PerseilLaurent Pautet,2008,https://link.springer.com/article/10.1007/s11334-008-0067-y,Article
LETO - A Lustre-Based Test Oracle for Airbus Critical Systems,Formal Methods for Industrial Critical Systems,,,,10.1007/978-3-642-03240-0_5,Guy DurrieuHélène WaeselynckVirginie Wiels,2009,https://link.springer.com/chapter/10.1007/978-3-642-03240-0_5,Conference paper
Software Testing and IEC 61508 – Project Case Study and Further Thoughts,"Safety-Critical Systems: Problems, Process and Practice",,,,10.1007/978-1-84882-349-5_14,Wayne FlintIan Gilchr ist,2009,https://link.springer.com/chapter/10.1007/978-1-84882-349-5_14,Conference paper
Assessing the Documentation Development Effort in Software Projects,Software Process and Product Measurement,,,,10.1007/978-3-642-05415-0_24,Isaac Sánchez-RosadoPablo Rodríguez-SoriaBorja Martín-HerreraJuan José Cuadrado-GallegoJavier Martínez-HerráizAlfonso González,2009,https://link.springer.com/chapter/10.1007/978-3-642-05415-0_24,Conference paper
Mechanised Translation of Control Law Diagrams into Circus,Integrated Formal Methods,,,,10.1007/978-3-642-00255-7_11,Frank ZeydaAna Cavalcanti,2009,https://link.springer.com/chapter/10.1007/978-3-642-00255-7_11,Conference paper
Verifying Ptolemy II Discrete-Event Models Using Real-Time Maude,Formal Methods and Software Engineering,,,,10.1007/978-3-642-10373-5_37,Kyungmin BaePeter Csaba ÖlveczkyThomas Huining FengStavros Tripakis,2009,https://link.springer.com/chapter/10.1007/978-3-642-10373-5_37,Conference paper
Platform-Specific Restrictions on Concurrency in Model Checking of Java Programs,Formal Methods for Industrial Critical Systems,,,,10.1007/978-3-642-04570-7_10,Pavel ParizekTomas Kalibera,2009,https://link.springer.com/chapter/10.1007/978-3-642-04570-7_10,Conference paper
Attacking Large Industrial Code with Bi-abductive Inference,Formal Methods for Industrial Critical Systems,,,,10.1007/978-3-642-04570-7_1,Dino Distefano,2009,https://link.springer.com/chapter/10.1007/978-3-642-04570-7_1,Conference paper
Reentrant Readers-Writers: A Case Study Combining Model Checking with Theorem Proving,Formal Methods for Industrial Critical Systems,,,,10.1007/978-3-642-03240-0_10,Bernard van GastelLeonard LensinkSjaak SmetsersMarko van Eekelen,2009,https://link.springer.com/chapter/10.1007/978-3-642-03240-0_10,Conference paper
Computing Worst-Case Response Times in Real-Time Avionics Applications,Formal Methods for Industrial Critical Systems,,,,10.1007/978-3-540-79707-4_9,Murali RangarajanDarren Cofer,2008,https://link.springer.com/chapter/10.1007/978-3-540-79707-4_9,Conference paper
Timing analysis and validation with UML: the case of the embedded MARS bus manager,Innovations in Systems and Software Engineering,,,,10.1007/s11334-008-0066-z,Iulian OberSusanne GrafYuri YushteinIleana Ober,2008,https://link.springer.com/article/10.1007/s11334-008-0066-z,Article
What Is a Test Case? Revisiting the Software Test Case Concept,Software Process Improvement,,,,10.1007/978-3-642-04133-4_2,Dani AlmogTsipi Heart,2009,https://link.springer.com/chapter/10.1007/978-3-642-04133-4_2,Conference paper
Existential Quantification for Variant Ownership,Programming Languages and Systems,,,,10.1007/978-3-642-00590-9_10,Nicholas CameronSophia Drossopoulou,2009,https://link.springer.com/chapter/10.1007/978-3-642-00590-9_10,Conference paper
Analyzing Real-Time Event-Driven Programs,Formal Modeling and Analysis of Timed Systems,,,,10.1007/978-3-642-04368-0_14,Pierre GantyRupak Majumdar,2009,https://link.springer.com/chapter/10.1007/978-3-642-04368-0_14,Conference paper
Fair Model Checking with Process Counter Abstraction,FM 2009: Formal Methods,,,,10.1007/978-3-642-05089-3_9,Jun SunYang LiuAbhik RoychoudhuryShanshan LiuJin Song Dong,2009,https://link.springer.com/chapter/10.1007/978-3-642-05089-3_9,Conference paper
"A Unified Approach to Abstract Interpretation, Formal Verification and Testing of C/C++ Modules",Theoretical Aspects of Computing - ICTAC 2008,,,,10.1007/978-3-540-85762-4_2,Jan Peleska,2008,https://link.springer.com/chapter/10.1007/978-3-540-85762-4_2,Conference paper
Navigating the Requirements Jungle,"Leveraging Applications of Formal Methods, Verification and Validation",,,,10.1007/978-3-540-88479-8_25,Boris LangerMichael Tautschnig,2008,https://link.springer.com/chapter/10.1007/978-3-540-88479-8_25,Conference paper
The worst-case execution time tool challenge 2006,International Journal on Software Tools for Technology Transfer,,,,10.1007/s10009-008-0095-9,Lili Tan,2009,https://link.springer.com/article/10.1007/s10009-008-0095-9,Article
"Modal Systems: Specification, Refinement and Realisation",Formal Methods and Software Engineering,,,,10.1007/978-3-642-10373-5_31,Fernando L. DottiAlexei IliasovLeila RibeiroAlexander Romanovsky,2009,https://link.springer.com/chapter/10.1007/978-3-642-10373-5_31,Conference paper
Integration of Formal Analysis into a Model-Based Software Development Process,Formal Methods for Industrial Critical Systems,,,,10.1007/978-3-540-79707-4_7,Michael WhalenDarren CoferSteven MillerBruce H. KroghWalter Storm,2008,https://link.springer.com/chapter/10.1007/978-3-540-79707-4_7,Conference paper
Constructing a Safety Case for Automatically Generated Code from Formal Program Verification Information,"Computer Safety, Reliability, and Security",,,,10.1007/978-3-540-87698-4_22,Nurlida BasirEwen DenneyBernd Fischer,2008,https://link.springer.com/chapter/10.1007/978-3-540-87698-4_22,Conference paper
Towards Integrated Model-Driven Verification and Empirical Validation of Reusable Software Frameworks for Automotive Systems,Model-Driven Development of Reliable Automotive Services,,,,10.1007/978-3-540-70930-5_8,Venkita SubramonianChristopher Gill,2008,https://link.springer.com/chapter/10.1007/978-3-540-70930-5_8,Conference paper
Abstract Interpretation with Applications to Timing Validation,Computer Aided Verification,,,,10.1007/978-3-540-70545-1_6,Reinhard WilhelmBjörn Wachter,2008,https://link.springer.com/chapter/10.1007/978-3-540-70545-1_6,Conference paper
An Abstract Reachability Approach by Combining HOL Induction and Multiway Decision Graphs,Journal of Computer Science and Technology,,,,10.1007/s11390-009-9205-8,Sa’ed AbedOtmane Ait MohamedGhiath Al-Sammane,2009,https://link.springer.com/article/10.1007/s11390-009-9205-8,Article
Where Is the Value in a Program Verifier?,"Verified Software: Theories, Tools, Experiments",,,,10.1007/978-3-540-87873-5_21,Colin O’Halloran,2008,https://link.springer.com/chapter/10.1007/978-3-540-87873-5_21,Conference paper
Formal Methods for Trustworthy Skies: Building Confidence in the Security of Aircraft Assets Distribution,FM 2008: Formal Methods,,,,10.1007/978-3-540-68237-0_28,Scott LintelmanRichard RobinsonMingyan LiKrishna Sampigethaya,2008,https://link.springer.com/chapter/10.1007/978-3-540-68237-0_28,Conference paper
Timing Validation of Automotive Software,"Leveraging Applications of Formal Methods, Verification and Validation",,,,10.1007/978-3-540-88479-8_8,Daniel KästnerReinhard WilhelmReinhold HeckmannMarc SchlicklingMarkus PisterMarek JersakKai RichterChristian Ferdinand,2008,https://link.springer.com/chapter/10.1007/978-3-540-88479-8_8,Conference paper
Debugging Statecharts Via Model-Code Traceability,"Leveraging Applications of Formal Methods, Verification and Validation",,,,10.1007/978-3-540-88479-8_21,Liang GuoAbhik Roychoudhury,2008,https://link.springer.com/chapter/10.1007/978-3-540-88479-8_21,Conference paper
Operational Semantics of Ada Ravenscar,Reliable Software Technologies – Ada-Europe 2008,,,,10.1007/978-3-540-68624-8_4,Irfan HamidElie Najm,2008,https://link.springer.com/chapter/10.1007/978-3-540-68624-8_4,Conference paper
Runtime Certification,Runtime Verification,,,,10.1007/978-3-540-89247-2_2,John Rushby,2008,https://link.springer.com/chapter/10.1007/978-3-540-89247-2_2,Conference paper
Will This Be Formal?,Theorem Proving in Higher Order Logics,,,,10.1007/978-3-540-71067-7_2,Steven P. Miller,2008,https://link.springer.com/chapter/10.1007/978-3-540-71067-7_2,Conference paper
The Advantages of Post-Link Code Coverage,Hardware and Software: Verification and Testing,,,,10.1007/978-3-540-77966-7_19,Orna RazMoshe KlausnerNitzan PelegGad HaberEitan FarchiShachar FienblitYakov FiliarskyShay GammerSergey Novikov,2008,https://link.springer.com/chapter/10.1007/978-3-540-77966-7_19,Conference paper
"Implementation, Compilation, Optimization of Object-Oriented Languages, Programs and Systems",Object-Oriented Technology. ECOOP 2007 Workshop Reader,,,,10.1007/978-3-540-78195-0_6,Olivier ZendraEric JulRoland DucournauEtienne GagnonRichard JonesChandra KrintzPhilippe MuletJan Vitek,2008,https://link.springer.com/chapter/10.1007/978-3-540-78195-0_6,Conference paper
A Formal Approach for User Interaction Reconfiguration of Safety Critical Interactive Systems,"Computer Safety, Reliability, and Security",,,,10.1007/978-3-540-87698-4_31,David NavarrePhilippe PalanqueSandra Basnyat,2008,https://link.springer.com/chapter/10.1007/978-3-540-87698-4_31,Conference paper
Model Extraction for ARINC 653 Based Avionics Software,Model Checking Software,,,,10.1007/978-3-540-73370-6_16,Pedro de la CámaraMaría del Mar GallardoPedro Merino,2007,https://link.springer.com/chapter/10.1007/978-3-540-73370-6_16,Conference paper
KeY: A Formal Method for Object-Oriented Systems,Formal Methods for Open Object-Based Distributed Systems,,,,10.1007/978-3-540-72952-5_2,Wolfgang AhrendtBernhard BeckertReiner HähnlePeter H. Schmitt,2007,https://link.springer.com/chapter/10.1007/978-3-540-72952-5_2,Conference paper
Specification and Checking of Software Contracts for Conditional Information Flow,FM 2008: Formal Methods,,,,10.1007/978-3-540-68237-0_17,Torben AmtoftJohn HatcliffEdwin RodríguezRobbyJonathan HoagDavid Greve,2008,https://link.springer.com/chapter/10.1007/978-3-540-68237-0_17,Conference paper
An Algebraic Semantics for MOF,Fundamental Approaches to Software Engineering,,,,10.1007/978-3-540-78743-3_28,Artur BoronatJosé Meseguer,2008,https://link.springer.com/chapter/10.1007/978-3-540-78743-3_28,Conference paper
A Formal Description Language for Multi-Agent Architectures,Agent-Oriented Information Systems IV,,,,10.1007/978-3-540-77990-2_9,Stéphane FaulknerManuel KolpYves WauteletYoussef Achbany,2008,https://link.springer.com/chapter/10.1007/978-3-540-77990-2_9,Conference paper
Analysis of a Session-Layer Protocol in mCRL2,Formal Methods for Industrial Critical Systems,,,,10.1007/978-3-540-79707-4_14,Marko van EekelenStefan ten HoedtRené SchreursYaroslav S. Usenko,2008,https://link.springer.com/chapter/10.1007/978-3-540-79707-4_14,Conference paper
The Why/Krakatoa/Caduceus Platform for Deductive Program Verification,Computer Aided Verification,,,,10.1007/978-3-540-73368-3_21,Jean-Christophe FilliâtreClaude Marché,2007,https://link.springer.com/chapter/10.1007/978-3-540-73368-3_21,Conference paper
Runtime Verification of Interactions: From MSCs to Aspects,Runtime Verification,,,,10.1007/978-3-540-77395-5_6,Ingolf H. KrügerMichael MeisingerMassimiliano Menarini,2007,https://link.springer.com/chapter/10.1007/978-3-540-77395-5_6,Conference paper
Verification of Multi-agent Negotiations Using the Alloy Analyzer,Integrated Formal Methods,,,,10.1007/978-3-540-73210-5_26,Rodion PodorozhnySarfraz KhurshidDewayne PerryXiaoqin Zhang,2007,https://link.springer.com/chapter/10.1007/978-3-540-73210-5_26,Conference paper
Safety Demonstration and Software Development,"Computer Safety, Reliability, and Security",,,,10.1007/978-3-540-75101-4_29,Jean-Claude Laprie,2007,https://link.springer.com/chapter/10.1007/978-3-540-75101-4_29,Conference paper
Astrée: From Research to Industry,Static Analysis,,,,10.1007/978-3-540-74061-2_27,David DelmasJean Souyris,2007,https://link.springer.com/chapter/10.1007/978-3-540-74061-2_27,Conference paper
Formalising C and C++ for Use in High Integrity Systems,The Safety of Systems,,,,10.1007/978-1-84628-806-7_15,C M O’HalloranC H Pygott,2007,https://link.springer.com/chapter/10.1007/978-1-84628-806-7_15,Conference paper
"The TASM Toolset: Specification, Simulation, and Formal Verification of Real-Time Systems",Computer Aided Verification,,,,10.1007/978-3-540-73368-3_15,Martin OuimetKristina Lundqvist,2007,https://link.springer.com/chapter/10.1007/978-3-540-73368-3_15,Conference paper
Certified Development Tools Implementation in Objective Caml,Practical Aspects of Declarative Languages,,,,10.1007/978-3-540-77442-6_2,Bruno PaganoOlivier AndrieuBenjamin CanouEmmanuel ChaillouxJean-Louis ColaçoThomas MoniotPhilippe Wang,2007,https://link.springer.com/chapter/10.1007/978-3-540-77442-6_2,Conference paper
The KeY system 1.0 (Deduction Component),Automated Deduction – CADE-21,,,,10.1007/978-3-540-73595-3_26,Bernhard BeckertMartin GieseReiner HähnleVladimir KlebanovPhilipp RümmerSteffen SchlagerPeter H. Schmitt,2007,https://link.springer.com/chapter/10.1007/978-3-540-73595-3_26,Conference paper
Modeling and Automatic Failure Analysis of Safety-Critical Systems Using Extended Safecharts,"Computer Safety, Reliability, and Security",,,,10.1007/978-3-540-75101-4_43,Yean-Ru ChenPao-Ann HsiungSao-Jie Chen,2007,https://link.springer.com/chapter/10.1007/978-3-540-75101-4_43,Conference paper
On the effect of test-suite reduction on automatically generated model-based tests,Automated Software Engineering,,,,10.1007/s10515-006-0004-y,Mats P. E. HeimdahlDevaraj George,2007,https://link.springer.com/article/10.1007/s10515-006-0004-y,Article
Verifying Object-Oriented Programs with KeY: A&#xa0;Tutorial,Formal Methods for Components and Objects,,,,10.1007/978-3-540-74792-5_4,Wolfgang AhrendtBernhard BeckertReiner HähnlePhilipp RümmerPeter H. Schmitt,2007,https://link.springer.com/chapter/10.1007/978-3-540-74792-5_4,Conference paper
Supporting UML-based development of embedded systems by formal techniques,Software & Systems Modeling,,,,10.1007/s10270-006-0043-7,Jozef HoomanHillel KuglerIulian OberAnjelika VotintsevaYuri Yushtein,2007,https://link.springer.com/article/10.1007/s10270-006-0043-7,Article
Human Error Analysis Based on a Semantically Defined Cognitive Pilot Model,"Computer Safety, Reliability, and Security",,,,10.1007/978-3-540-75101-4_14,Andreas LüdtkeLothar Pfeifer,2007,https://link.springer.com/chapter/10.1007/978-3-540-75101-4_14,Conference paper
Formal verification of the NASA runway safety monitor,International Journal on Software Tools for Technology Transfer,,,,10.1007/s10009-006-0004-z,Radu I. SiminiceanuGianfranco Ciardo,2006,https://link.springer.com/article/10.1007/s10009-006-0004-z,Article
"Implementation, Compilation, Optimization of Object-Oriented Languages, Programs and Systems",Object-Oriented Technology. ECOOP 2006 Workshop Reader,,,,10.1007/978-3-540-71774-4_1,Roland DucournauEtienne GagnonChandra KrintzPhilippe MuletJan VitekOlivier Zendra,2007,https://link.springer.com/chapter/10.1007/978-3-540-71774-4_1,Conference paper
Using Deductive Cause-Consequence Analysis (DCCA) with SCADE,"Computer Safety, Reliability, and Security",,,,10.1007/978-3-540-75101-4_44,Matthias GüdemannFrank OrtmeierWolfgang Reif,2007,https://link.springer.com/chapter/10.1007/978-3-540-75101-4_44,Conference paper
How to Verify and Exploit a Refinement of Component-Based Systems,Perspectives of Systems Informatics,,,,10.1007/978-3-540-70881-0_26,Olga KouchnarenkoArnaud Lanoix,2007,https://link.springer.com/chapter/10.1007/978-3-540-70881-0_26,Conference paper
Worst-Case Execution Times for a Purely Functional Language,Implementation and Application of Functional Languages,,,,10.1007/978-3-540-74130-5_14,Armelle BonenfantChristian FerdinandKevin HammondReinhold Heckmann,2007,https://link.springer.com/chapter/10.1007/978-3-540-74130-5_14,Conference paper
Special Section on “Leveraging Formal Methods”,International Journal on Software Tools for Technology Transfer,,,,10.1007/s10009-006-0028-4,Tiziana MargariaBernhard Steffen,2006,https://link.springer.com/article/10.1007/s10009-006-0028-4,Article
A Race-Detection and Flipping Algorithm for Automated Testing of Multi-threaded Programs,"Hardware and Software, Verification and Testing",,,,10.1007/978-3-540-70889-6_13,Koushik SenGul Agha,2007,https://link.springer.com/chapter/10.1007/978-3-540-70889-6_13,Conference paper
An Integrated Approach to High Integrity Software Verification,Journal of Automated Reasoning,,,,10.1007/s10817-006-9034-1,Andrew IrelandBill J. EllisAndrew CookRoderick ChapmanJanet Barnes,2006,https://link.springer.com/article/10.1007/s10817-006-9034-1,Article
Slotted-Circus,Integrated Formal Methods,,,,10.1007/978-3-540-73210-5_5,Andrew ButterfieldAdnan SherifJim Woodcock,2007,https://link.springer.com/chapter/10.1007/978-3-540-73210-5_5,Conference paper
Flexible and Extensible Notations for Modeling Languages,Fundamental Approaches to Software Engineering,,,,10.1007/978-3-540-71289-3_9,Jimin GaoMats HeimdahlEric Van Wyk,2007,https://link.springer.com/chapter/10.1007/978-3-540-71289-3_9,Conference paper
Automation of Avionic Systems Testing,Testing of Software and Communicating Systems,,,,10.1007/978-3-540-73066-8_3,David CebriánValentín ValeroFernando Cuartero,2007,https://link.springer.com/chapter/10.1007/978-3-540-73066-8_3,Conference paper
Formal and experimental validation approaches in HCI systems design based on a shared event B model,International Journal on Software Tools for Technology Transfer,,,,10.1007/s10009-006-0008-8,Yamine Ait-AmeurMickael Baron,2006,https://link.springer.com/article/10.1007/s10009-006-0008-8,Article
Component-Based Software Certification Based on Experimental Risk Assessment,Dependable Computing,,,,10.1007/978-3-540-75294-3_14,Regina MoraesJoão DurãesEliane MartinsHenrique Madeira,2007,https://link.springer.com/chapter/10.1007/978-3-540-75294-3_14,Conference paper
Symbolic Reachability Analysis of Lazy Linear Hybrid Automata,Formal Modeling and Analysis of Timed Systems,,,,10.1007/978-3-540-75454-1_18,Susmit JhaBryan A. BradySanjit A. Seshia,2007,https://link.springer.com/chapter/10.1007/978-3-540-75454-1_18,Conference paper
Implementing Conformiq Qtronic,Testing of Software and Communicating Systems,,,,10.1007/978-3-540-73066-8_1,Antti Huima,2007,https://link.springer.com/chapter/10.1007/978-3-540-73066-8_1,Conference paper
Formal change impact analyses for emulated control software,International Journal on Software Tools for Technology Transfer,,,,10.1007/s10009-004-0174-5,C. J. Fidge,2006,https://link.springer.com/article/10.1007/s10009-004-0174-5,Article
Using Model Checking to Generate Fault Detecting Tests,Tests and Proofs,,,,10.1007/978-3-540-73770-4_11,Angelo Gargantini,2007,https://link.springer.com/chapter/10.1007/978-3-540-73770-4_11,Conference paper
Dynamic and Formal Verification of Embedded Systems: A Comparative Survey,International Journal of Parallel Programming,,,,10.1007/s10766-005-8911-2,Mirko LoghiTiziana MargariaGraziano PravadelliBernhard Steffen,2005,https://link.springer.com/article/10.1007/s10766-005-8911-2,Article
Formal Modeling and Verification of Systems with Self-x Properties,Autonomic and Trusted Computing,,,,10.1007/11839569_4,Matthias GüdemannFrank OrtmeierWolfgang Reif,2006,https://link.springer.com/chapter/10.1007/11839569_4,Conference paper
Static Analysis for State-Space Reduction of Polygonal Hybrid Systems,Formal Modeling and Analysis of Timed Systems,,,,10.1007/11867340_22,Gordon PaceGerardo Schneider,2006,https://link.springer.com/chapter/10.1007/11867340_22,Conference paper
Predicate Abstraction of Programs with Non-linear Computation,Automated Technology for Verification and Analysis,,,,10.1007/11901914_27,Songtao XiaBen Di VitoCesar Munoz,2006,https://link.springer.com/chapter/10.1007/11901914_27,Conference paper
A Framework for Verifying Bit-Level Pipelined Machines Based on Automated Deduction and Decision Procedures,Journal of Automated Reasoning,,,,10.1007/s10817-006-9035-0,Panagiotis ManoliosSudarshan K. Srinivasan,2006,https://link.springer.com/article/10.1007/s10817-006-9035-0,Article
Proving the shalls,International Journal on Software Tools for Technology Transfer,,,,10.1007/s10009-004-0173-6,Steven P. MillerAlan C. TribbleMichael W. WhalenMats P. E. Heimdahl,2006,https://link.springer.com/article/10.1007/s10009-004-0173-6,Article
Providing the shalls,International Journal on Software Tools for Technology Transfer,,,,10.1007/s10009-006-0173-9,Steven P. MillerAlan C. TribbleMichael W. WhalenMats P. E. Heimdahl,2006,https://link.springer.com/article/10.1007/s10009-006-0173-9,Article
A Case Study in Domain-Customized Model Checking for Real-Time Component Software,Leveraging Applications of Formal Methods,,,,10.1007/11925040_11,Matthew HoosierMatthew B. DwyerRobbyJohn Hatcliff,2006,https://link.springer.com/chapter/10.1007/11925040_11,Conference paper
Adding Value to Automotive Models,Automotive Software – Connected Services in Mobile Networks,,,,10.1007/11823063_7,Eckard BödeWerner DammJarl HøyemBernhard JoskoJürgen NiehausMarc Segelken,2006,https://link.springer.com/chapter/10.1007/11823063_7,Conference paper
A Compositional Behavioral Modeling Framework for Embedded System Design and Conformance Checking,International Journal of Parallel Programming,,,,10.1007/s10766-005-8907-y,Jean-Pierre TalpinPaul Le GuernicSandeep Kumar ShuklaRajesh Gupta,2005,https://link.springer.com/article/10.1007/s10766-005-8907-y,Article
Experimental evaluation of software development tools for safety-critical real-time systems,Innovations in Systems and Software Engineering,,,,10.1007/s11334-005-0013-1,Andrew J. KorneckiJanusz Zalewski,2005,https://link.springer.com/article/10.1007/s11334-005-0013-1,Article
The Economics of Unit Testing,Empirical Software Engineering,,,,10.1007/s10664-006-5964-9,Michael EllimsJames BridgesDarrel C. Ince,2006,https://link.springer.com/article/10.1007/s10664-006-5964-9,Article
Three Perspectives in Formal Engineering,Formal Methods and Software Engineering,,,,10.1007/11901433_3,John McDermidAndy Galloway,2006,https://link.springer.com/chapter/10.1007/11901433_3,Conference paper
The octagon abstract domain,Higher-Order and Symbolic Computation,,,,10.1007/s10990-006-8609-1,Antoine Miné,2006,https://link.springer.com/article/10.1007/s10990-006-8609-1,Article
Checking JML specifications using an extensible software model checking framework,International Journal on Software Tools for Technology Transfer,,,,10.1007/s10009-005-0218-5,RobbyEdwin RodríguezMatthew B. DwyerJohn Hatcliff,2006,https://link.springer.com/article/10.1007/s10009-005-0218-5,Article
Verifying Statemate Statecharts Using CSP and FDR,Formal Methods and Software Engineering,,,,10.1007/11901433_18,A. W. RoscoeZ. Wu,2006,https://link.springer.com/chapter/10.1007/11901433_18,Conference paper
The HybridUML profile for UML 2.0,International Journal on Software Tools for Technology Transfer,,,,10.1007/s10009-005-0211-z,Kirsten BerkenkötterStefan BisanzUlrich HannemannJan Peleska,2006,https://link.springer.com/article/10.1007/s10009-005-0211-z,Article
Scoped Types and Aspects for Real-Time Java,ECOOP 2006 – Object-Oriented Programming,,,,10.1007/11785477_7,Chris AndreaeYvonne CoadyCelina GibbsJames NobleJan VitekTian Zhao,2006,https://link.springer.com/chapter/10.1007/11785477_7,Conference paper
Airborne Software Concerns in Civil Aviation Certification,Dependable Computing,,,,10.1007/11572329_7,Benedito SakugawaEdson CuryEdgar Toshiro Yano,2005,https://link.springer.com/chapter/10.1007/11572329_7,Conference paper
Deviation Analysis: A New Use of Model Checking,Automated Software Engineering,,,,10.1007/s10515-005-2642-x,Mats P. E. HeimdahlYunja ChoiMichael W. Whalen,2005,https://link.springer.com/article/10.1007/s10515-005-2642-x,Article
A Tool for Databus Safety Analysis Using Fault Injection,"Computer Safety, Reliability, and Security",,,,10.1007/11875567_20,Dawid TrawczynskiJanusz SosnowskiJanusz Zalewski,2006,https://link.springer.com/chapter/10.1007/11875567_20,Conference paper
A Compositional Algorithm for Parallel Model Checking of Polygonal Hybrid Systems,Theoretical Aspects of Computing - ICTAC 2006,,,,10.1007/11921240_12,Gordon PaceGerardo Schneider,2006,https://link.springer.com/chapter/10.1007/11921240_12,Conference paper
Floating-Point Verification,FM 2005: Formal Methods,,,,10.1007/11526841_35,John Harrison,2005,https://link.springer.com/chapter/10.1007/11526841_35,Conference paper
Software tools for safety-critical software development,International Journal on Software Tools for Technology Transfer,,,,10.1007/s10009-005-0209-6,Alan WassyngMark Lawford,2005,https://link.springer.com/article/10.1007/s10009-005-0209-6,Article
"Modeling, Optimization and Computation for Software Verification",Hybrid Systems: Computation and Control,,,,10.1007/978-3-540-31954-2_39,Mardavij RoozbehaniEric FeronAlexandre Megrestki,2005,https://link.springer.com/chapter/10.1007/978-3-540-31954-2_39,Conference paper
Guaranteed Termination in the Verification of LTL Properties of Non-linear Robust Discrete Time Hybrid Systems,Automated Technology for Verification and Analysis,,,,10.1007/11562948_10,Werner DammGuilherme PintoStefan Ratschan,2005,https://link.springer.com/chapter/10.1007/11562948_10,Conference paper
Automatic Formal Verification of Liveness for Pipelined Processors with Multicycle Functional Units,Correct Hardware Design and Verification Methods,,,,10.1007/11560548_10,Miroslav N. Velev,2005,https://link.springer.com/chapter/10.1007/11560548_10,Conference paper
Symbolic Methods to Enhance the Precision of Numerical Abstract Domains,"Verification, Model Checking, and Abstract Interpretation",,,,10.1007/11609773_23,Antoine Miné,2005,https://link.springer.com/chapter/10.1007/11609773_23,Conference paper
Esterel v7: From Verified Formal Specification to Efficient Industrial Designs,Fundamental Approaches to Software Engineering,,,,10.1007/978-3-540-31984-9_1,Gérard Berry,2005,https://link.springer.com/chapter/10.1007/978-3-540-31984-9_1,Conference paper
Critical Systems Development Using Modeling Languages (CSDUML’04): Current Developments and Future Challenges (Report on the Third International Workshop),UML Modeling Languages and Applications,,,,10.1007/978-3-540-31797-5_9,Jan JürjensEduardo B. FernandezRobert B. FranceBernhard RumpeConstance Heitmeyer,2005,https://link.springer.com/chapter/10.1007/978-3-540-31797-5_9,Conference paper
Trace Partitioning in Abstract Interpretation Based Static Analyzers,Programming Languages and Systems,,,,10.1007/978-3-540-31987-0_2,Laurent MauborgneXavier Rival,2005,https://link.springer.com/chapter/10.1007/978-3-540-31987-0_2,Conference paper
An ADL Centric Approach for the Formal Design of Real-Time Systems,Architecture Description Languages,,,,10.1007/0-387-24590-1_5,Sébastien FaucouAnne-Marie DéplancheYvon Trinquet,2005,https://link.springer.com/chapter/10.1007/0-387-24590-1_5,Conference paper
Control Law Diagrams in Circus,FM 2005: Formal Methods,,,,10.1007/11526841_18,Ana CavalcantiPhil ClaytonColin O’Halloran,2005,https://link.springer.com/chapter/10.1007/11526841_18,Conference paper
Developing High Quality Software with Formal Methods: What Else Is Needed?,Formal Techniques for Networked and Distributed Systems - FORTE 2005,,,,10.1007/11562436_2,Constance Heitmeyer,2005,https://link.springer.com/chapter/10.1007/11562436_2,Conference paper
Building Your Own Software Model Checker Using the Bogor Extensible Model Checking Framework,Computer Aided Verification,,,,10.1007/11513988_15,Matthew B. DwyerJohn HatcliffMatthew HoosierRobby,2005,https://link.springer.com/chapter/10.1007/11513988_15,Conference paper
Final Semantics for Event-Pattern Reactive Programs,Algebra and Coalgebra in Computer Science,,,,10.1007/11548133_23,César SánchezHenny B. SipmaMatteo SlaninaZohar Manna,2005,https://link.springer.com/chapter/10.1007/11548133_23,Conference paper
SVERTS – Specification and Validation of Real-Time and Embedded Systems,UML Modeling Languages and Applications,,,,10.1007/978-3-540-31797-5_4,Susanne GrafØystein HaugenIleana OberBran Selic,2005,https://link.springer.com/chapter/10.1007/978-3-540-31797-5_4,Conference paper
Towards Provably Correct Code Generation via Horn Logical Continuation Semantics,Practical Aspects of Declarative Languages,,,,10.1007/978-3-540-30557-6_9,Qian WangGopal GuptaMichael Leuschel,2005,https://link.springer.com/chapter/10.1007/978-3-540-30557-6_9,Conference paper
Prototypes with Multiple Dispatch: An Expressive and Dynamic Object Model,ECOOP 2005 - Object-Oriented Programming,,,,10.1007/11531142_14,Lee SalzmanJonathan Aldrich,2005,https://link.springer.com/chapter/10.1007/11531142_14,Conference paper
Separate Compilation for Synchronous Modules,Embedded Software and Systems,,,,10.1007/11599555_15,Jia ZengStephen A. Edwards,2005,https://link.springer.com/chapter/10.1007/11599555_15,Conference paper
Formal Verification of an Avionics Sensor Voter Using SCADE,"Formal Techniques, Modelling and Analysis of Timed and Fault-Tolerant Systems",,,,10.1007/978-3-540-30206-3_3,Samar Dajani-BrownDarren CoferAmar Bouali,2004,https://link.springer.com/chapter/10.1007/978-3-540-30206-3_3,Conference paper
A Survey of Software Development Approaches Addressing Dependability,Scientific Engineering of Distributed Java Applications,,,,10.1007/978-3-540-31869-9_8,Sadaf MustafizJörg Kienzle,2005,https://link.springer.com/chapter/10.1007/978-3-540-31869-9_8,Conference paper
Heuristics for model checking Java programs,International Journal on Software Tools for Technology Transfer,,,,10.1007/s10009-003-0130-9,Alex GroceWillem Visser,2004,https://link.springer.com/article/10.1007/s10009-003-0130-9,Article
A Toolset for Modelling and Verification of GALS Systems,Computer Aided Verification,,,,10.1007/978-3-540-27813-9_47,S. RameshSampada SonalkarVijay D’silvaNaveen Chandra R.B. Vijayalakshmi,2004,https://link.springer.com/chapter/10.1007/978-3-540-27813-9_47,Conference paper
On the Verification of Cooperating Traffic Agents,Formal Methods for Components and Objects,,,,10.1007/978-3-540-30101-1_4,Werner DammHardi HungarErnst-Rüdiger Olderog,2004,https://link.springer.com/chapter/10.1007/978-3-540-30101-1_4,Conference paper
Managing Verification Activities Using SVM,Formal Methods and Software Engineering,,,,10.1007/978-3-540-30482-1_13,Bill AldrichAnsgar FehnkerPeter H. FeilerZhi HanBruce H. KroghEric LimShiva Sivashankar,2004,https://link.springer.com/chapter/10.1007/978-3-540-30482-1_13,Conference paper
Multi-prover Verification of C Programs,Formal Methods and Software Engineering,,,,10.1007/978-3-540-30482-1_10,Jean-Christophe FilliâtreClaude Marché,2004,https://link.springer.com/chapter/10.1007/978-3-540-30482-1_10,Conference paper
Hybrid System Verification Is Not a Sinecure,Automated Technology for Verification and Analysis,,,,10.1007/978-3-540-30476-0_23,Ansgar FehnkerBruce H. Krogh,2004,https://link.springer.com/chapter/10.1007/978-3-540-30476-0_23,Conference paper
Modeling and Verification of a Fault-Tolerant Real-Time Startup Protocol Using Calendar Automata,"Formal Techniques, Modelling and Analysis of Timed and Fault-Tolerant Systems",,,,10.1007/978-3-540-30206-3_15,Bruno DutertreMaria Sorea,2004,https://link.springer.com/chapter/10.1007/978-3-540-30206-3_15,Conference paper
Hard Real-Time Implementation of Embedded Software in JAVA,Scientific Engineering of Distributed Java Applications,,,,10.1007/978-3-540-24639-8_4,Jean-Pierre TalpinAbdoulaye GamatiéDavid BernerBruno Le DezPaul Le Guernic,2004,https://link.springer.com/chapter/10.1007/978-3-540-24639-8_4,Conference paper
Certification of compiled assembly code by invariant translation,International Journal on Software Tools for Technology Transfer,,,,10.1007/s10009-003-0125-6,Xavier Rival,2004,https://link.springer.com/article/10.1007/s10009-003-0125-6,Article
Model-Checking Complex Software – A Memory Perspective,Radical Innovations of Software and Systems Engineering in the Future,,,,10.1007/978-3-540-24626-8_20,Murali RangarajanDarren Cofer,2004,https://link.springer.com/chapter/10.1007/978-3-540-24626-8_20,Conference paper
The HiVy Tool Set,Computer Aided Verification,,,,10.1007/978-3-540-27813-9_38,Paula J. PingreeErich Mikk,2004,https://link.springer.com/chapter/10.1007/978-3-540-27813-9_38,Conference paper
"Why AI + ILP Is Good for WCET, but MC Is Not, Nor ILP Alone","Verification, Model Checking, and Abstract Interpretation",,,,10.1007/978-3-540-24622-0_25,Reinhard Wilhelm,2004,https://link.springer.com/chapter/10.1007/978-3-540-24622-0_25,Conference paper
The Use of Formal Methods in the Analysis of Trust (Position Paper),Trust Management,,,,10.1007/978-3-540-24747-0_25,Michael ButlerMichael LeuschelStéphane Lo PrestiPhillip Turner,2004,https://link.springer.com/chapter/10.1007/978-3-540-24747-0_25,Conference paper
A Science of Software Design,Algebraic Methodology and Software Technology,,,,10.1007/978-3-540-27815-3_2,Don Batory,2004,https://link.springer.com/chapter/10.1007/978-3-540-27815-3_2,Conference paper
Auto-generating Test Sequences Using Model Checkers: A Case Study,Formal Approaches to Software Testing,,,,10.1007/978-3-540-24617-6_4,Mats P. E. HeimdahlSanjai RayadurgamWillem VisserGeorge DevarajJimin Gao,2004,https://link.springer.com/chapter/10.1007/978-3-540-24617-6_4,Conference paper
Why Model Checking Can Improve WCET Analysis,Computer Aided Verification,,,,10.1007/978-3-540-27813-9_26,Alexander Metzner,2004,https://link.springer.com/chapter/10.1007/978-3-540-27813-9_26,Conference paper
Model Checking Programs,Automated Software Engineering,,,,10.1023/A:1022920129859,Willem VisserKlaus HavelundGuillaume BratSeungJoon ParkFlavio Lerda,2003,https://link.springer.com/article/10.1023/A:1022920129859,Article
"Formal verification of conflict detection algorithms
",International Journal on Software Tools for Technology Transfer,,,,10.1007/s10009-002-0084-3,César MuñozVíctor CarreñoGilles DowekRicky Butler,2003,https://link.springer.com/article/10.1007/s10009-002-0084-3,Article
Model-based testing for real,International Journal on Software Tools for Technology Transfer,,,,10.1007/s10009-003-0128-3,A. PretschnerO. SlotoschE. AiglstorferS. Kriebel,2004,https://link.springer.com/article/10.1007/s10009-003-0128-3,Article
The Software Safety Standards and Code Verification,Current Issues in Safety-Critical Systems,,,,10.1007/978-1-4471-0653-1_15,Ian Gilchrist,2003,https://link.springer.com/chapter/10.1007/978-1-4471-0653-1_15,Conference paper
"Program model checking as a new trend
",International Journal on Software Tools for Technology Transfer,,,,10.1007/s10009-002-0080-7,Klaus HavelundWillem Visser,2002,https://link.springer.com/article/10.1007/s10009-002-0080-7,Article
Using PVS to Prove Properties of Systems Modelled in a Synchronous Dataflow Language,Formal Methods and Software Engineering,,,,10.1007/978-3-540-39893-6_11,Sanjai RayadurgamAnjali JoshiMats P. E. Heimdahl,2003,https://link.springer.com/chapter/10.1007/978-3-540-39893-6_11,Conference paper
Finding feasible abstract counter-examples,International Journal on Software Tools for Technology Transfer,,,,10.1007/s10009-002-0088-z,Corina S. PăsăreanuMatthew B. DwyerWillem Visser,2002,https://link.springer.com/article/10.1007/s10009-002-0088-z,Article
A mutation analysis tool for Java programs,International Journal on Software Tools for Technology Transfer,,,,10.1007/s10009-002-0099-9,P. ChevalleyP. Thévenod-Fosse,2002,https://link.springer.com/article/10.1007/s10009-002-0099-9,Article
Model-Checking Middleware-Based Event-Driven Real-Time Embedded Software,Formal Methods for Components and Objects,,,,10.1007/978-3-540-39656-7_6,Xianghua DengMatthew B. DwyerJohn HatcliffGeorg JungRobbyGurdip Singh,2003,https://link.springer.com/chapter/10.1007/978-3-540-39656-7_6,Conference paper
Quality Analysis of Dependable Systems: A Developer Oriented Approach,Architecting Dependable Systems,,,,10.1007/3-540-45177-3_9,Apostolos ZarrasChristos KloukinasValérie Issarny,2003,https://link.springer.com/chapter/10.1007/3-540-45177-3_9,Conference paper
Heterogeneous Reactive Systems Modeling and Correct-by-Construction Deployment,Embedded Software,,,,10.1007/978-3-540-45212-6_4,Albert BenvenisteLuca P. CarloniPaul CaspiAlberto L. Sangiovanni-Vincentelli,2003,https://link.springer.com/chapter/10.1007/978-3-540-45212-6_4,Conference paper
Developing High Assurance Systems: On the Role of Software Tools,"Computer Safety, Reliability, and Security",,,,10.1007/978-3-540-39878-3_13,Constance Heitmeyer,2003,https://link.springer.com/chapter/10.1007/978-3-540-39878-3_13,Conference paper
Reconstructing Control Flow from Predicated Assembly Code,Software and Compilers for Embedded Systems,,,,10.1007/978-3-540-39920-9_7,Björn DeckerDaniel Kästner,2003,https://link.springer.com/chapter/10.1007/978-3-540-39920-9_7,Conference paper
What Went Wrong: Explaining Counterexamples,Model Checking Software,,,,10.1007/3-540-44829-2_8,Alex GroceWillem Visser,2003,https://link.springer.com/chapter/10.1007/3-540-44829-2_8,Conference paper
"Toward Automation for Model-Checking Requirements Specifications with Numeric Constraints
",Requirements Engineering,,,,10.1007/s007660200018,Yunja ChoiSanjai RayadurgamMats P.E. Heimdahl,2002,https://link.springer.com/article/10.1007/s007660200018,Article
Expressing checkable properties of dynamic systems: the Bandera Specification Language,International Journal on Software Tools for Technology Transfer,,,,10.1007/s100090200075,James C. CorbettMatthew B. DwyerJohn Hatcliff Robby,2002,https://link.springer.com/article/10.1007/s100090200075,Article
"Specification, Validation, and Synthesis of Email Agent Controllers: A Case Study in Function Rich Reactive System Design",Automated Software Engineering,,,,10.1023/A:1016372507161,Robert J. Hall,2002,https://link.springer.com/article/10.1023/A:1016372507161,Article
Verification Using Test Generation Techniques,FME 2002:Formal Methods—Getting IT Right,,,,10.1007/3-540-45614-7_15,Vlad Rusu,2002,https://link.springer.com/chapter/10.1007/3-540-45614-7_15,Conference paper
Embedded Systems: Challenges in Specification and Verification,Embedded Software,,,,10.1007/3-540-45828-X_1,Amir Pnueli,2002,https://link.springer.com/chapter/10.1007/3-540-45828-X_1,Conference paper
An Overview of Formal Verification for the Time-Triggered Architecture,Formal Techniques in Real-Time and Fault-Tolerant Systems,,,,10.1007/3-540-45739-9_7,John Rushby,2002,https://link.springer.com/chapter/10.1007/3-540-45739-9_7,Conference paper
Formal Methods at NASA Langley,Theorem Proving in Higher Order Logics,,,,10.1007/3-540-45685-6_1,Ricky Butler,2002,https://link.springer.com/chapter/10.1007/3-540-45685-6_1,Conference paper
Software Construction and Analysis Tools for Future Space Missions,Tools and Algorithms for the Construction and Analysis of Systems,,,,10.1007/3-540-46002-0_1,Michael R. Lowry,2002,https://link.springer.com/chapter/10.1007/3-540-46002-0_1,Conference paper
Modular Static Program Analysis,Compiler Construction,,,,10.1007/3-540-45937-5_13,Patrick CousotRadhia Cousot,2002,https://link.springer.com/chapter/10.1007/3-540-45937-5_13,Conference paper
Symmetry Reduction Criteria for Software Model Checking,Model Checking Software,,,,10.1007/3-540-46017-9_5,Radu Iosif,2002,https://link.springer.com/chapter/10.1007/3-540-46017-9_5,Conference paper
Lean Software Development: Two Case Studies,Software Quality Journal,,,,10.1023/A:1013754402981,Peter Middleton,2001,https://link.springer.com/article/10.1023/A:1013754402981,Article
Transformations and Software Modeling Languages: Automating Transformations in UML,≪UML≫ 2002 — The Unified Modeling Language,,,,10.1007/3-540-45800-X_19,Jon Whittle,2002,https://link.springer.com/chapter/10.1007/3-540-45800-X_19,Conference paper
Wrapping Real-time Systems from Temporal Logic Specifications,Dependable Computing EDCC-4,,,,10.1007/3-540-36080-8_22,Manuel RodrίguezJean-Charles FabreJean Arlat,2002,https://link.springer.com/chapter/10.1007/3-540-36080-8_22,Conference paper
Verification of Embedded Software: Problems and Perspectives,Embedded Software,,,,10.1007/3-540-45449-7_8,Patrick CousotRadhia Cousot,2001,https://link.springer.com/chapter/10.1007/3-540-45449-7_8,Conference paper
Formal Verification of Conflict Detection Algorithms,Correct Hardware Design and Verification Methods,,,,10.1007/3-540-44798-9_31,Ricky ButlerVíctor CarreñoGilles DowekCésar Muñoz,2001,https://link.springer.com/chapter/10.1007/3-540-44798-9_31,Conference paper
Formalizing Software Architectures for Embedded Systems,Embedded Software,,,,10.1007/3-540-45449-7_31,Pam BinnsSteve Vestal,2001,https://link.springer.com/chapter/10.1007/3-540-45449-7_31,Conference paper
Project Experience with IEC 61508 and Its Consequences,"Computer Safety, Reliability and Security",,,,10.1007/3-540-45416-0_20,Rainer Faller,2001,https://link.springer.com/chapter/10.1007/3-540-45416-0_20,Conference paper
Logic versus Magic in Critical Systems,Reliable SoftwareTechnologies — Ada-Europe 2001,,,,10.1007/3-540-45136-6_4,Peter Amey,2001,https://link.springer.com/chapter/10.1007/3-540-45136-6_4,Conference paper
Synchronous Programming Techniques for Embedded Systems: Present and Future,Embedded Software,,,,10.1007/3-540-45449-7_4,Gérard Berry,2001,https://link.springer.com/chapter/10.1007/3-540-45449-7_4,Conference paper
Using the SPARK Toolset for Showing the Absence of Run-Time Errors in Safety-Critical Software,Reliable SoftwareTechnologies — Ada-Europe 2001,,,,10.1007/3-540-45136-6_18,Darren FoulgerSteve King,2001,https://link.springer.com/chapter/10.1007/3-540-45136-6_18,Conference paper
Safety Patterns — The Key to Formal Specification of Safety Requirements,"Computer Safety, Reliability and Security",,,,10.1007/3-540-45416-0_18,Friedemann Bitsch,2001,https://link.springer.com/chapter/10.1007/3-540-45416-0_18,Conference paper
Assertion-Based Analysis of Hybrid Systems with PVS,Computer Aided Systems Theory — EUROCAST 2001,,,,10.1007/3-540-45654-6_8,Erika Ábrahám-MummUlrich HannemannMartin Steffen,2001,https://link.springer.com/chapter/10.1007/3-540-45654-6_8,Conference paper
Reliable and Precise WCET Determination for a Real-Life Processor,Embedded Software,,,,10.1007/3-540-45449-7_32,Christian FerdinandReinhold HeckmannMarc LangenbachFlorian MartinMichael SchmidtHenrik TheilingStephan ThesingReinhard Wilhelm,2001,https://link.springer.com/chapter/10.1007/3-540-45449-7_32,Conference paper
Using the Bandera Tool Set to Model-Check Properties of Concurrent Java Software,CONCUR 2001 — Concurrency Theory,,,,10.1007/3-540-44685-0_5,John HatcliffMatthew Dwyer,2001,https://link.springer.com/chapter/10.1007/3-540-44685-0_5,Conference paper
From Requirements to Validated Embedded Systems,Embedded Software,,,,10.1007/3-540-45449-7_5,Manfred BroyOscar Slotosch,2001,https://link.springer.com/chapter/10.1007/3-540-45449-7_5,Conference paper
An Automata Based Interpretation of Live Sequence Charts,Tools and Algorithms for the Construction and Analysis of Systems,,,,10.1007/3-540-45319-9_35,Jochen KloseHartmut Wittke,2001,https://link.springer.com/chapter/10.1007/3-540-45319-9_35,Conference paper
Formal Interactive Systems Analysis and Usability Inspection Methods: Two Incompatible Worlds?,"Interactive Systems Design, Specification, and Verification",,,,10.1007/3-540-44675-3_11,Karsten LoerMichael Harrison,2001,https://link.springer.com/chapter/10.1007/3-540-44675-3_11,Conference paper
Finding Feasible Counter-examples when Model Checking Abstracted Java Programs,Tools and Algorithms for the Construction and Analysis of Systems,,,,10.1007/3-540-45319-9_20,Corina S. PăsăreanuMatthew B. DwyerWillem Visser,2001,https://link.springer.com/chapter/10.1007/3-540-45319-9_20,Conference paper
Testing an Intentional Naming Scheme Using Genetic Algorithms,Tools and Algorithms for the Construction and Analysis of Systems,,,,10.1007/3-540-45319-9_25,Sarfraz Khurshid,2001,https://link.springer.com/chapter/10.1007/3-540-45319-9_25,Conference paper
High-automation proofs for properties of requirements models,International Journal on Software Tools for Technology Transfer,,,,10.1007/s100090000036,Ben L. Di Vito,2000,https://link.springer.com/article/10.1007/s100090000036,Article
Challenges in the Verification of Electronic Control Units,Formal Techniques in Real-Time and Fault-Tolerant Systems,,,,10.1007/3-540-45352-0_3,Werner Damm,2000,https://link.springer.com/chapter/10.1007/3-540-45352-0_3,Conference paper
Specification and Verification of a Safety Shell with Statecharts and Extended Timed Graphs,"Computer Safety, Reliability and Security",,,,10.1007/3-540-40891-6_4,Jan van KatwijkHans ToetenelAbd-El-Kader SahraouiEric AndersonJanusz Zalewski,2000,https://link.springer.com/chapter/10.1007/3-540-40891-6_4,Conference paper
Formal Methods Diffusion: Past Lessons and Future Prospects,"Computer Safety, Reliability and Security",,,,10.1007/3-540-40891-6_19,R. BloomfieldD. CraigenF. KoobM. UllmannS. Wittmann,2000,https://link.springer.com/chapter/10.1007/3-540-40891-6_19,Conference paper
Results of an Investigation into Software Integration Testing Automation,Reliable Software Technologies Ada-Europe 2000,,,,10.1007/10722060_25,Simon KiteleyJonathan Draper,2000,https://link.springer.com/chapter/10.1007/10722060_25,Conference paper
Proving Consistency Assertions for Automotive Product Data Management,Journal of Automated Reasoning,,,,10.1023/A:1006370506164,Wolfgang KüchlinCarsten Sinz,2000,https://link.springer.com/article/10.1023/A:1006370506164,Article
Modeling the ASCB-D Synchronization Algorithm with SPIN: A Case Study,SPIN Model Checking and Software Verification,,,,10.1007/10722468_6,Nicholas WeiningerDarren Cofer,2000,https://link.springer.com/chapter/10.1007/10722468_6,Conference paper
Ready-Simulation Is Not Ready to Express a Modular Refinement Relation,Fundamental Approaches to Software Engineering,,,,10.1007/3-540-46428-X_19,Françoise BellegardeJacques JulliandOlga Kouchnarenko,2000,https://link.springer.com/chapter/10.1007/3-540-46428-X_19,Conference paper
Model Checking: Theory into Practice,FST TCS 2000: Foundations of Software Technology and Theoretical Computer Science,,,,10.1007/3-540-44450-5_1,E. Allen Emerson,2000,https://link.springer.com/chapter/10.1007/3-540-44450-5_1,Conference paper
Using UML Collaboration Diagrams for Static Checking and Test Generation,≪UML≫ 2000 — The Unified Modeling Language,,,,10.1007/3-540-40011-7_28,Aynur AbdurazikJeff Offutt,2000,https://link.springer.com/chapter/10.1007/3-540-40011-7_28,Conference paper
The Algebra of Multi-tasking,Algebraic Methodology and Software Technology,,,,10.1007/3-540-45499-3_17,Colin J. Fidge,2000,https://link.springer.com/chapter/10.1007/3-540-45499-3_17,Conference paper
Analysis of Compiled Code: A Prototype Formal Model,ZB 2000: Formal Specification and Development in Z and B,,,,10.1007/3-540-44525-0_25,R. D. Arthan,2000,https://link.springer.com/chapter/10.1007/3-540-44525-0_25,Conference paper
Applying formal proof techniques to avionics software: a pragmatic approach,FM’99 — Formal Methods,,,,10.1007/3-540-48118-4_45,Famantanantsoa RandimbivololonaJean SouyrisPatrick BaudinAnne PacaletJacques RaguideauDominique Schoen,1999,https://link.springer.com/chapter/10.1007/3-540-48118-4_45,Conference paper
Formal Verification of an Avionics Application using Abstraction and Symbolic Model Checking,Towards System Safety,,,,10.1007/978-1-4471-0823-8_10,Tom BienmüllerUdo BrockmeyerWerner DammGert DöhmenClaus EßmannHans-Jürgen HolbergHardi HungarBernhard JoskoRainer SchlörGunnar WittichHartmut WittkeGeoffrey ClementsJohn RowlandsEric Sefton,1999,https://link.springer.com/chapter/10.1007/978-1-4471-0823-8_10,Conference paper
Critical Systems Validation and Verification with CSP and FDR,Applied Formal Methods — FM-Trends 98,,,,10.1007/3-540-48257-1_15,Michael GoldsmithIrfan Zakiuddin,1999,https://link.springer.com/chapter/10.1007/3-540-48257-1_15,Conference paper
Automated analysis of the SCR-style requirements specifications,Journal of Computer Science and Technology,,,,10.1007/BF02948743,Wu GuoqingLiu XiangYing ShiTetsuo Tamai,1999,https://link.springer.com/article/10.1007/BF02948743,Article
PVS: An Experience Report,Applied Formal Methods — FM-Trends 98,,,,10.1007/3-540-48257-1_24,S. OwreJ. M. RushbyN. ShankarD. W. J. Stringer-Calvert,1999,https://link.springer.com/chapter/10.1007/3-540-48257-1_24,Conference paper
Cronos: a separate compilation tool set for modular esterel applications,FM’99 — Formal Methods,,,,10.1007/3-540-48118-4_47,Olivier HainqueLaurent PautetYann Le BiannicÉric Nassor,1999,https://link.springer.com/chapter/10.1007/3-540-48118-4_47,Conference paper
Using a Process Algebra to control B OPERATIONS,IFM’99,,,,10.1007/978-1-4471-0851-1_23,Helen TreharneSteve Schneider,1999,https://link.springer.com/chapter/10.1007/978-1-4471-0851-1_23,Conference paper
Secure synthesis of code: a process improvement experiment,FM’99 — Formal Methods,,,,10.1007/3-540-48118-4_46,P. GarbettJ. P. ParkesM. ShackletonS. Anderson,1999,https://link.springer.com/chapter/10.1007/3-540-48118-4_46,Conference paper
Specification-Based Prototyping for Embedded Systems’,Software Engineering — ESEC/FSE ’99,,,,10.1007/3-540-48166-4_11,Jeffrey M. ThompsonMats P. E. HeimdahlSteven P. Miller,1999,https://link.springer.com/chapter/10.1007/3-540-48166-4_11,Conference paper
The UniForM workbench a universal development environment for formal methods,FM’99 — Formal Methods,,,,10.1007/3-540-48118-4_13,Bernd Krieg-BrücknerJan PeleskaErnst-Rüdiger OlderogAlexander Baer,1999,https://link.springer.com/chapter/10.1007/3-540-48118-4_13,Conference paper
Exploiting Formality in Software Engineering,SOFSEM’99: Theory and Practice of Informatics,,,,10.1007/3-540-47849-3_10,Juan C. Bicarregui,1999,https://link.springer.com/chapter/10.1007/3-540-47849-3_10,Conference paper
UniForM Perspectives for Formal Methods,Applied Formal Methods — FM-Trends 98,,,,10.1007/3-540-48257-1_16,Bernd Krieg-Brückner,1999,https://link.springer.com/chapter/10.1007/3-540-48257-1_16,Conference paper
A Lightweight Approach to Formal Methods,Applied Formal Methods — FM-Trends 98,,,,10.1007/3-540-48257-1_10,Sten AgerholmPeter Gorm Larsen,1999,https://link.springer.com/chapter/10.1007/3-540-48257-1_10,Conference paper
High Level System Design and Analysis Using Abstract State Machines,Applied Formal Methods — FM-Trends 98,,,,10.1007/3-540-48257-1_1,Egon Börger,1999,https://link.springer.com/chapter/10.1007/3-540-48257-1_1,Conference paper
A Hybrid Procedural/Deductive Executive for Autonomous Spacecraft,Autonomous Agents and Multi-Agent Systems,,,,10.1023/A:1010018821724,Barney PellEdward B. GambleErann GatRon KeesingJames KurienWilliam MillarChristian PlauntBrian C. Williams,1999,https://link.springer.com/article/10.1023/A:1010018821724,Article
Formal Design for Automatic Coding and Testing: The ESSI/SPACES Project,FM’99 — Formal Methods,,,,10.1007/3-540-48119-2_6,Eric ConquetJean-Luc Marty,1999,https://link.springer.com/chapter/10.1007/3-540-48119-2_6,Conference paper
A brief summary of VSPEC,FM’99 — Formal Methods,,,,10.1007/3-540-48118-4_7,Perry AlexanderMurali RangarajanPhillip Baraona,1999,https://link.springer.com/chapter/10.1007/3-540-48118-4_7,Conference paper
Test Criteria Definition for B Models,FM’99 — Formal Methods,,,,10.1007/3-540-48119-2_29,Salimeh BehniaHélène Waeselynck,1999,https://link.springer.com/chapter/10.1007/3-540-48119-2_29,Conference paper
"Composing, analyzing and validating software models to assess the performability of competing design candidates",Annals of Software Engineering,,,,10.1023/A:1018927430556,Frederick T. SheldonStefan Greiner,1999,https://link.springer.com/article/10.1023/A:1018927430556,Article
Time-Deterministic Hybrid Transition Systems,Hybrid Systems V,,,,10.1007/3-540-49163-5_13,Simin Nadjm-Tehrani,1999,https://link.springer.com/chapter/10.1007/3-540-49163-5_13,Conference paper
Combining theorem proving and continuous models in synchronous design,FM’99 — Formal Methods,,,,10.1007/3-540-48118-4_23,Simin Nadjm-TehraniOve Åkerlund,1999,https://link.springer.com/chapter/10.1007/3-540-48118-4_23,Conference paper
Use of Static Code Analysis to Support the Safety Certification of Airborne Software,Industrial Perspectives of Safety-critical Systems,,,,10.1007/978-1-4471-1534-2_12,Richard GranvilleKeith Harrison,1998,https://link.springer.com/chapter/10.1007/978-1-4471-1534-2_12,Conference paper
Test case preparation using a prototype,B’98: Recent Advances in the Development and Use of the B Method,,,,10.1007/BFb0053368,H. TreharneJ. DraperS. Schneider,1998,https://link.springer.com/chapter/10.1007/BFb0053368,Conference paper
Verification of Bounded Delay Asynchronous Circuits with Timed Traces,Algebraic Methodology and Software Technology,,,,10.1007/3-540-49253-4_7,Tomohiro YonedaBin ZhouBernd-Holger Schlingloff,1998,https://link.springer.com/chapter/10.1007/3-540-49253-4_7,Conference paper
SCR: A toolset for specifying and analyzing software requirements,Computer Aided Verification,,,,10.1007/BFb0028775,Constance HeitmeyerJames KirbyBruce LabawRamesh Bharadwaj,1998,https://link.springer.com/chapter/10.1007/BFb0028775,Conference paper
Combining Methods for the Livelock Analysis of a Fault-Tolerant System,Algebraic Methodology and Software Technology,,,,10.1007/3-540-49253-4_11,Bettina ButhJan PeleskaHui Shi,1998,https://link.springer.com/chapter/10.1007/3-540-49253-4_11,Conference paper
Logic programming and model checking,Principles of Declarative Programming,,,,10.1007/BFb0056604,Baoqiu CuiYifei DongXiaoqun DuK. Narayan KumarC. R. RamakrishnanI. V. RamakrishnanAbhik RoychoudhuryScott A. SmolkaDavid S. Warren,1998,https://link.springer.com/chapter/10.1007/BFb0056604,Conference paper
A refinement calculus for statecharts,Fundamental Approaches to Software Engineering,,,,10.1007/BFb0053597,Peter Scholz,1998,https://link.springer.com/chapter/10.1007/BFb0053597,Conference paper
The industrial success of verification tools based on stålmarck's method,Computer Aided Verification,,,,10.1007/3-540-63166-6_3,Arne Borälv,1997,https://link.springer.com/chapter/10.1007/3-540-63166-6_3,Conference paper
Systematic unit-testing of Ada programs,Reliable Software Technologies — Ada-Europe '97,,,,10.1007/3-540-63114-3_7,Joachim WegenerInes Fey,1997,https://link.springer.com/chapter/10.1007/3-540-63114-3_7,Conference paper
Deadlock analysis for a fault-tolerant system,Algebraic Methodology and Software Technology,,,,10.1007/BFb0000463,Bettina ButhMichel KouvarasJan PeleskaHui Shi,1997,https://link.springer.com/chapter/10.1007/BFb0000463,Conference paper
SACRES — Formalism for Real Projects,Safer Systems,,,,10.1007/978-1-4471-0975-4_15,Alvery Grazebrook,1997,https://link.springer.com/chapter/10.1007/978-1-4471-0975-4_15,Conference paper
Reduction and slicing of hierarchical state machines,Software Engineering — ESEC/FSE'97,,,,10.1007/3-540-63531-9_30,Mats P. E. HeimdahlMichael W. Whalen,1997,https://link.springer.com/chapter/10.1007/3-540-63531-9_30,Conference paper
The verus language: Representing time efficiently with BDDs,Transformation-Based Reactive Systems Development,,,,10.1007/3-540-63010-4_5,Sérgio CamposEdmund Clarke,1997,https://link.springer.com/chapter/10.1007/3-540-63010-4_5,Conference paper
A visual formalism for real time requirement specifications,Transformation-Based Reactive Systems Development,,,,10.1007/3-540-63010-4_11,Konrad FeyerabendBernhard Josko,1997,https://link.springer.com/chapter/10.1007/3-540-63010-4_11,Conference paper
"Integration in PVS: Tables, types, and model checking",Tools and Algorithms for the Construction and Analysis of Systems,,,,10.1007/BFb0035400,Sam OwreJohn RushbyNatarajan Shankar,1997,https://link.springer.com/chapter/10.1007/BFb0035400,Conference paper
Formal Methods and their Role in the Certification of Critical Systems,Safety and Reliability of Software Based Systems,,,,10.1007/978-1-4471-0921-1_1,John Rushby,1997,https://link.springer.com/chapter/10.1007/978-1-4471-0921-1_1,Conference paper
Consistent graphical specification of distributed systems,FME '97: Industrial Applications and Strengthened Foundations of Formal Methods,,,,10.1007/3-540-63533-5_7,Franz HuberBernhard SchätzGeralf Einert,1997,https://link.springer.com/chapter/10.1007/3-540-63533-5_7,Conference paper
Increasing Software Integrity Using Functionally Dissimilar Monitoring,Safer Systems,,,,10.1007/978-1-4471-0975-4_13,David M. Johnson,1997,https://link.springer.com/chapter/10.1007/978-1-4471-0975-4_13,Conference paper
Quality assurance and testing for safety systems,Annals of Software Engineering,,,,10.1023/A:1018927113776,Herbert HechtMyron Hecht,1997,https://link.springer.com/article/10.1023/A:1018927113776,Article
The meaning of requirements,Annals of Software Engineering,,,,10.1023/A:1018990005598,Michael Jackson,1997,https://link.springer.com/article/10.1023/A:1018990005598,Article
Low-overhead time-triggered group membership,Distributed Algorithms,,,,10.1007/BFb0030682,Shmuel KatzPat LincolnJohn Rushby,1997,https://link.springer.com/chapter/10.1007/BFb0030682,Conference paper
The use of program profiling for software maintenance with applications to the year 2000 problem,Software Engineering — ESEC/FSE'97,,,,10.1007/3-540-63531-9_29,Thomas RepsThomas BallManuvir DasJames Larus,1997,https://link.springer.com/chapter/10.1007/3-540-63531-9_29,Conference paper
Unifying verification paradigms,Formal Techniques in Real-Time and Fault-Tolerant Systems,,,,10.1007/3-540-61648-9_32,Natarajan Shankar,1996,https://link.springer.com/chapter/10.1007/3-540-61648-9_32,Conference paper
Breaking through the V and V bottleneck,Ada in Europe,,,,10.1007/BFb0015506,Martin CroxfordJames Sutton,1996,https://link.springer.com/chapter/10.1007/BFb0015506,Conference paper
Formalizing new navigation requirements for NASA's Space Shuttle,FME'96: Industrial Benefit and Advances in Formal Methods,,,,10.1007/3-540-60973-3_86,Ben L. Di Vito,1996,https://link.springer.com/chapter/10.1007/3-540-60973-3_86,Conference paper
Applying research results in the industrial environment: The case of the TRIO specification language,Algebraic Methodology and Software Technology,,,,10.1007/BFb0014305,Dino Mandrioli,1996,https://link.springer.com/chapter/10.1007/BFb0014305,Conference paper
An algebraic model of correctness for superscalar microprocessors,Formal Methods in Computer-Aided Design,,,,10.1007/BFb0031820,Anthony C. J. FoxNeal A. Harman,1996,https://link.springer.com/chapter/10.1007/BFb0031820,Conference paper
Reliability modeling for safety critical software,Reliable Software Technologies — Ada-Europe '96,,,,10.1007/BFb0013476,Norman F. Schneidewind,1996,https://link.springer.com/chapter/10.1007/BFb0013476,Conference paper
Mechanized formal methods: Progress and prospects,Foundations of Software Technology and Theoretical Computer Science,,,,10.1007/3-540-62034-6_36,John Rushby,1996,https://link.springer.com/chapter/10.1007/3-540-62034-6_36,Conference paper
Two industrial trials of formal specification,Algebraic Methodology and Software Technology,,,,10.1007/BFb0014302,J. S. Fitzgerald,1996,https://link.springer.com/chapter/10.1007/BFb0014302,Conference paper
Hybrid I/O automata,Hybrid Systems III,,,,10.1007/BFb0020971,Nancy LynchRoberto SegalaFrits VaandragerH. B. Weinberg,1996,https://link.springer.com/chapter/10.1007/BFb0020971,Conference paper
Effective theorem proving for hardware verification,Theorem Provers in Circuit Design,,,,10.1007/3-540-59047-1_50,D. CyrlukS. RajanN. ShankarM. K. Srivas,1995,https://link.springer.com/chapter/10.1007/3-540-59047-1_50,Conference paper
A tutorial on using PVS for hardware verification,Theorem Provers in Circuit Design,,,,10.1007/3-540-59047-1_53,S. OwreJ. M. RushbyN. ShankarM. K. Srivas,1995,https://link.springer.com/chapter/10.1007/3-540-59047-1_53,Conference paper
Industrial Use of Formal Methods,Dependable Computing for Critical Applications 4,,,,10.1007/978-3-7091-9396-9_4,Steven P. Miller,1995,https://link.springer.com/chapter/10.1007/978-3-7091-9396-9_4,Conference paper
On-line Software Error Detection by Executable Assertions: From Theory to Practice,Safe Comp 95,,,,10.1007/978-1-4471-3054-3_26,Christophe Rabéjac,1995,https://link.springer.com/chapter/10.1007/978-1-4471-3054-3_26,Conference paper
Software metrics for the Boeing 777: a case study,Software Quality Journal,,,,10.1007/BF00404646,Robert Lytz,1995,https://link.springer.com/article/10.1007/BF00404646,Article
The future of industrial formal methods,ZUM '95: The Z Formal Specification Notation,,,,10.1007/3-540-60271-2_123,Anthony HallDavid ParnasNico PlatJohn RushbyChris Sennett,1995,https://link.springer.com/chapter/10.1007/3-540-60271-2_123,Conference paper
Verifying parameterized networks using abstraction and regular languages,CONCUR '95: Concurrency Theory,,,,10.1007/3-540-60218-6_30,E. M. ClarkeO. GrumbergS. Jha,1995,https://link.springer.com/chapter/10.1007/3-540-60218-6_30,Conference paper
Improving software tests using Z Specifications,ZUM '95: The Z Formal Specification Notation,,,,10.1007/3-540-60271-2_118,Hans-Martin Hörcher,1995,https://link.springer.com/chapter/10.1007/3-540-60271-2_118,Conference paper