Item Title,Publication Title,Book Series Title,Journal Volume,Journal Issue,Item DOI,Authors,Publication Year,URL,Content Type
Scalable and precise estimation and debugging of the worst-case execution time for analysis-friendly processors: a comeback of model checking,International Journal on Software Tools for Technology Transfer,,,,10.1007/s10009-018-0497-2,Martin BeckerRavindra MettaR. VenkateshSamarjit Chakraborty,2018,https://link.springer.com/article/10.1007/s10009-018-0497-2,Article
Mock objects for testing java systems,Empirical Software Engineering,,,,10.1007/s10664-018-9663-0,Davide SpadiniMaurício AnicheMagiel BruntinkAlberto Bacchelli,2018,https://link.springer.com/article/10.1007/s10664-018-9663-0,Article
Mechanising a Type-Safe Model of Multithreaded Java with a Verified Compiler,Journal of Automated Reasoning,,,,10.1007/s10817-018-9452-x,Andreas Lochbihler,2018,https://link.springer.com/article/10.1007/s10817-018-9452-x,Article
Certifying delta-oriented programs,Software & Systems Modeling,,,,10.1007/s10270-018-00704-x,Vítor RodriguesSimone DonettiFerruccio Damiani,2018,https://link.springer.com/article/10.1007/s10270-018-00704-x,Article
Deadlock and WCET analysis of barrier-synchronized concurrent programs,Computing,,,,10.1007/s00607-017-0555-8,Robert MittermayrJohann Blieberger,2017,https://link.springer.com/article/10.1007/s00607-017-0555-8,Article
A method for testing and validating executable statechart models,Software & Systems Modeling,,,,10.1007/s10270-018-0676-3,Tom MensAlexandre DecanNikolaos I. Spanoudakis,2018,https://link.springer.com/article/10.1007/s10270-018-0676-3,Article
A Java Bytecode Formalisation,"Verified Software. Theories, Tools, and Experiments",,,,10.1007/978-3-030-03592-1_8,Patryk CzarnikJacek ChrząszczAleksy Schubert,2018,https://link.springer.com/chapter/10.1007/978-3-030-03592-1_8,Conference paper
Towards a distributed real-time hybrid simulator for autonomous vehicles,Computing,,,,10.1007/s00607-018-0649-y,Jens de HoogArthur JanssensSiegfried MercelisPeter Hellinckx,2018,https://link.springer.com/article/10.1007/s00607-018-0649-y,Article
A Java Bytecode Metamodel for Composable Program Analyses,Software Technologies: Applications and Foundations,,,,10.1007/978-3-319-74730-9_4,Bugra M. YildizChristoph BockischArend RensinkMehmet Aksit,2018,https://link.springer.com/chapter/10.1007/978-3-319-74730-9_4,Conference paper
Code coverage differences of Java bytecode and source code instrumentation tools,Software Quality Journal,,,,10.1007/s11219-017-9389-z,Ferenc HorváthTamás GergelyÁrpád BeszédesDávid TengeriGergő BaloghTibor Gyimóthy,2017,https://link.springer.com/article/10.1007/s11219-017-9389-z,Article
JBMC: A Bounded Model Checking Tool for Verifying Java Bytecode,Computer Aided Verification,,,,10.1007/978-3-319-96145-3_10,Lucas CordeiroPascal KesseliDaniel KroeningPeter SchrammelMarek Trtik,2018,https://link.springer.com/chapter/10.1007/978-3-319-96145-3_10,Conference paper
A Type-Directed Algorithm to Generate Well-Typed Featherweight Java Programs,Formal Methods: Foundations and Applications,,,,10.1007/978-3-030-03044-5_4,Samuel S. FeitosaRodrigo Geraldo RibeiroAndre Rauber Du Bois,2018,https://link.springer.com/chapter/10.1007/978-3-030-03044-5_4,Conference paper
Modeling and analyzing real-time wireless sensor and actuator networks using actors and model checking,International Journal on Software Tools for Technology Transfer,,,,10.1007/s10009-017-0480-3,Ehsan KhamespanahMarjan SirjaniKirill MechitovGul Agha,2017,https://link.springer.com/article/10.1007/s10009-017-0480-3,Article
Verifying a Concurrent Garbage Collector with a Rely-Guarantee Methodology,Journal of Automated Reasoning,,,,10.1007/s10817-018-9489-x,Yannick ZakowskiDavid CacheraDelphine DemangeGustavo PetriDavid PichardieSuresh JagannathanJan Vitek,2018,https://link.springer.com/article/10.1007/s10817-018-9489-x,Article
Towards Real-Time Semantics for a Distributed Event-Based MOP Language,New Trends in Model and Data Engineering,,,,10.1007/978-3-030-02852-7_20,Mateo SanabriaWilmer Garzón AlfonsoLuis Daniel Benavides Navarro,2018,https://link.springer.com/chapter/10.1007/978-3-030-02852-7_20,Conference paper
Effect Polymorphism in Higher-Order Logic (Proof Pearl),Journal of Automated Reasoning,,,,10.1007/s10817-018-9476-2,Andreas Lochbihler,2018,https://link.springer.com/article/10.1007/s10817-018-9476-2,Article
An Operational Semantics for Constraint-Logic Imperative Programming,Declarative Programming and Knowledge Management,,,,10.1007/978-3-030-00801-7_5,Jan C. DagefördeHerbert Kuchen,2018,https://link.springer.com/chapter/10.1007/978-3-030-00801-7_5,Conference paper
Algebraic Compilation of Safety-Critical Java Bytecode,Integrated Formal Methods,,,,10.1007/978-3-319-66845-1_11,James BaxterAna Cavalcanti,2017,https://link.springer.com/chapter/10.1007/978-3-319-66845-1_11,Conference paper
Slicing from formal semantics: Chisel—a tool for generic program slicing,International Journal on Software Tools for Technology Transfer,,,,10.1007/s10009-018-0500-y,Irina Măriuca AsăvoaeMihail AsăvoaeAdrián Riesco,2018,https://link.springer.com/article/10.1007/s10009-018-0500-y,Article
Automated translation of VDM to JML-annotated Java,International Journal on Software Tools for Technology Transfer,,,,10.1007/s10009-017-0448-3,Peter W. V. Tran-JørgensenPeter Gorm LarsenGary T. Leavens,2017,https://link.springer.com/article/10.1007/s10009-017-0448-3,Article
An Introduction to UMLPDSV for Real-Time Dynamic Signature Verification,Information and Software Technologies,,,,10.1007/978-3-319-99972-2_32,Fatima SameaMuhammad Waseem AnwarFarooque AzamMehreen KhanMuhammad Fahad Shinwari,2018,https://link.springer.com/chapter/10.1007/978-3-319-99972-2_32,Conference paper
Striver: Stream Runtime Verification for Real-Time Event-Streams,Runtime Verification,,,,10.1007/978-3-030-03769-7_16,Felipe GorostiagaCésar Sánchez,2018,https://link.springer.com/chapter/10.1007/978-3-030-03769-7_16,Conference paper
Solving Large Markov Models Described with Standard Programming Language,Computer and Information Sciences,,,,10.1007/978-3-030-00840-6_7,P. PeckaM. P. NowakA. RatajS. Nowak,2018,https://link.springer.com/chapter/10.1007/978-3-030-00840-6_7,Conference paper
An Arithmetic Semantics for GRL Goal Models with Function Generation,"System Analysis and Modeling. Languages, Methods, and Tools for Systems Engineering",,,,10.1007/978-3-030-01042-3_9,Yuxuan FanAmal Ahmed AndaDaniel Amyot,2018,https://link.springer.com/chapter/10.1007/978-3-030-01042-3_9,Conference paper
A Comparative Study of Decision Diagrams for Real-Time Model Checking,Model Checking Software,,,,10.1007/978-3-319-94111-0_13,Omar Al-BatainehMark ReynoldsDavid Rosenblum,2018,https://link.springer.com/chapter/10.1007/978-3-319-94111-0_13,Conference paper
METIS: Resource and Context-Aware Monitoring of Finite State Properties,Runtime Verification,,,,10.1007/978-3-030-03769-7_10,Garvita AllabadiAritra DharAmbreen BashirRahul Purandare,2018,https://link.springer.com/chapter/10.1007/978-3-030-03769-7_10,Conference paper
Model extraction and test generation from JUnit test suites,Software Quality Journal,,,,10.1007/s11219-017-9399-x,Pablo Lamela SeijasSimon ThompsonMiguel Ángel Francisco,2018,https://link.springer.com/article/10.1007/s11219-017-9399-x,Article
Complexity Analysis for Java with AProVE,Integrated Formal Methods,,,,10.1007/978-3-319-66845-1_6,Florian FrohnJürgen Giesl,2017,https://link.springer.com/chapter/10.1007/978-3-319-66845-1_6,Conference paper
"Runtime verification of autopilot systems using a fragment of MTL-<span class=""mathjax-tex"">\({\int }\)</span>
        ",International Journal on Software Tools for Technology Transfer,,,,10.1007/s10009-017-0470-5,André de Matos PedroJorge Sousa PintoDavid PereiraLuís Miguel Pinho,2017,https://link.springer.com/article/10.1007/s10009-017-0470-5,Article
Java in the Safety-Critical Domain,Engineering Trustworthy Software Systems,,,,10.1007/978-3-319-56841-6_4,Ana CavalcantiAlvaro MiyazawaAndy WellingsJim WoodcockShuai Zhao,2017,https://link.springer.com/chapter/10.1007/978-3-319-56841-6_4,Conference paper
Using UML/MARTE to support performance tuning and stress testing in real-time systems,Software & Systems Modeling,,,,10.1007/s10270-017-0585-x,Stefano Di AlesioSagar Sen,2017,https://link.springer.com/article/10.1007/s10270-017-0585-x,Article
Synthesis of verifiable concurrent Java components from formal models,Software & Systems Modeling,,,,10.1007/s10270-017-0581-1,Julio MariñoRaúl N. N. AlborodoLars-Åke FredlundÁngel Herranz,2017,https://link.springer.com/article/10.1007/s10270-017-0581-1,Article
Exploring output-based coverage for testing PHP web applications,Automated Software Engineering,,,,10.1007/s10515-018-0246-5,Hung Viet NguyenHung Dang PhanChristian KästnerTien N. Nguyen,2018,https://link.springer.com/article/10.1007/s10515-018-0246-5,Article
Volume-Based Merge Heuristics for Disjunctive Numeric Domains,Static Analysis,,,,10.1007/978-3-319-99725-4_23,Andrew RuefKesha HietalaArlen Cox,2018,https://link.springer.com/chapter/10.1007/978-3-319-99725-4_23,Conference paper
An Approach to Reachability Determination for Static Analysis Defects with the Help of Dynamic Symbolic Execution,Programming and Computer Software,,,,10.1134/S0361768818060051,A. Yu. GerasimovL. V. KruglovM. K. ErmakovS. P. Vartanov,2018,https://link.springer.com/article/10.1134/S0361768818060051,Article
Can We Monitor All Multithreaded Programs?,Runtime Verification,,,,10.1007/978-3-030-03769-7_6,Antoine El-HokayemYliès Falcone,2018,https://link.springer.com/chapter/10.1007/978-3-030-03769-7_6,Conference paper
Software Is Not Soft,Engineering Trustworthy Software Systems,,,,10.1007/978-3-030-02928-9_5,Xiaoxing MaTianxiao GuWei Song,2018,https://link.springer.com/chapter/10.1007/978-3-030-02928-9_5,Conference paper
"Modular, Correct Compilation with Automatic Soundness Proofs","Leveraging Applications of Formal Methods, Verification and Validation. Modeling",,,,10.1007/978-3-030-03418-4_25,Dominic SteinhöfelReiner Hähnle,2018,https://link.springer.com/chapter/10.1007/978-3-030-03418-4_25,Conference paper
Comparing approaches for model-checking strategies under imperfect information and fairness constraints,International Journal on Software Tools for Technology Transfer,,,,10.1007/s10009-018-0505-6,Simon BusardCharles PecheurHongyang QuFranco Raimondi,2018,https://link.springer.com/article/10.1007/s10009-018-0505-6,Article
Unit Testing of Database-Driven Java Enterprise Edition Applications,Tests and Proofs,,,,10.1007/978-3-319-61467-0_4,Andreas FuchsHerbert Kuchen,2017,https://link.springer.com/chapter/10.1007/978-3-319-61467-0_4,Conference paper
CREST - A DSL for Reactive Cyber-Physical Systems,"System Analysis and Modeling. Languages, Methods, and Tools for Systems Engineering",,,,10.1007/978-3-030-01042-3_3,Stefan KlikovitsAlban LinardDidier Buchs,2018,https://link.springer.com/chapter/10.1007/978-3-030-01042-3_3,Conference paper
"Test them all, is it worth it? Assessing configuration sampling on the JHipster Web development stack",Empirical Software Engineering,,,,10.1007/s10664-018-9635-4,Axel HalinAlexandre NuttinckMathieu AcherXavier DevroeyGilles PerrouinBenoit Baudry,2018,https://link.springer.com/article/10.1007/s10664-018-9635-4,Article
Concolic Testing of Functional Logic Programs,Declarative Programming and Knowledge Management,,,,10.1007/978-3-030-00801-7_11,Jan Rasmus Tikovsky,2018,https://link.springer.com/chapter/10.1007/978-3-030-00801-7_11,Conference paper
High-level frameworks for the specification and verification of scheduling problems,International Journal on Software Tools for Technology Transfer,,,,10.1007/s10009-017-0466-1,Mounir ChadliJin H. KimKim G. LarsenAxel LegayStefan NaujokatBernhard SteffenLouis-Marie Traonouez,2017,https://link.springer.com/article/10.1007/s10009-017-0466-1,Article
Refinement to Certify Abstract Interpretations: Illustrated on Linearization for Polyhedra,Journal of Automated Reasoning,,,,10.1007/s10817-018-9492-2,Sylvain BoulméAlexandre Maréchal,2018,https://link.springer.com/article/10.1007/s10817-018-9492-2,Article
Model-Checking Task Parallel Programs for Data-Race,NASA Formal Methods,,,,10.1007/978-3-319-77935-5_25,Radha NakadeEric MercerPeter AldousJay McCarthy,2018,https://link.springer.com/chapter/10.1007/978-3-319-77935-5_25,Conference paper
Automata vs Linear-Programming Discounted-Sum Inclusion,Computer Aided Verification,,,,10.1007/978-3-319-96142-2_9,Suguman BansalSwarat ChaudhuriMoshe Y. Vardi,2018,https://link.springer.com/chapter/10.1007/978-3-319-96142-2_9,Conference paper
Symbolic Computation via Program Transformation,Theoretical Aspects of Computing – ICTAC 2018,,,,10.1007/978-3-030-02508-3_17,Henrich LaukoPetr RočkaiJiří Barnat,2018,https://link.springer.com/chapter/10.1007/978-3-030-02508-3_17,Conference paper
Program Verification by Coinduction,Programming Languages and Systems,,,,10.1007/978-3-319-89884-1_21,Brandon MooreLucas PeñaGrigore Rosu,2018,https://link.springer.com/chapter/10.1007/978-3-319-89884-1_21,Conference paper
<span>TestREx</span>: a framework for repeatable exploits,International Journal on Software Tools for Technology Transfer,,,,10.1007/s10009-017-0474-1,Stanislav DashevskyiDaniel Ricardo dos SantosFabio MassacciAntonino Sabetta,2017,https://link.springer.com/article/10.1007/s10009-017-0474-1,Article
Do automated program repair techniques repair hard and important bugs?,Empirical Software Engineering,,,,10.1007/s10664-017-9550-0,Manish MotwaniSandhya SankaranarayananRené JustYuriy Brun,2017,https://link.springer.com/article/10.1007/s10664-017-9550-0,Article
Design of Embedded Systems with Complex Task Dependencies and Shared Resource Interference (Short Paper),Software Engineering and Formal Methods,,,,10.1007/978-3-319-66197-1_28,Fotios GioulekasPeter PoplavkoRany KahilPanagiotis KatsarosMarius BozgaSaddek BensalemPedro Palomo,2017,https://link.springer.com/chapter/10.1007/978-3-319-66197-1_28,Conference paper
"First international Competition on Runtime Verification: rules, benchmarks, tools, and final results of CRV 2014",International Journal on Software Tools for Technology Transfer,,,,10.1007/s10009-017-0454-5,Ezio BartocciYliès FalconeBorzoo BonakdarpourChristian ColomboNormann DeckerKlaus HavelundYogi JoshiFelix KlaedtkeReed MilewiczGiles RegerGrigore RosuJulien SignolesDaniel ThomaEugen ZalinescuYi Zhang,2017,https://link.springer.com/article/10.1007/s10009-017-0454-5,Article
TCE+: An Extension of the TCE Method for Detecting Equivalent Mutants in Java Programs,Fundamentals of Software Engineering,,,,10.1007/978-3-319-68972-2_11,Mahdi HoushmandSamad Paydar,2017,https://link.springer.com/chapter/10.1007/978-3-319-68972-2_11,Conference paper
A Tutorial on Using and Extending the EvoSuite Search-Based Test Generator,Search-Based Software Engineering,,,,10.1007/978-3-319-99241-9_5,Gordon Fraser,2018,https://link.springer.com/chapter/10.1007/978-3-319-99241-9_5,Conference paper
Towards Verification of Ethereum Smart Contracts: A Formalization of Core of Solidity,"Verified Software. Theories, Tools, and Experiments",,,,10.1007/978-3-030-03592-1_13,Jakub Zakrzewski,2018,https://link.springer.com/chapter/10.1007/978-3-030-03592-1_13,Conference paper
Model-based testing of software for automation systems using heuristics and coverage criterion,Software & Systems Modeling,,,,10.1007/s10270-018-0690-5,Rodrigo José Sarmento PeixotoLeandro Dias da SilvaAngelo Perkusich,2018,https://link.springer.com/article/10.1007/s10270-018-0690-5,Article
A Real-Time Assessment of Programming Through Debugging Log Analytic,Emerging Technologies for Education,,,,10.1007/978-3-319-71084-6_51,Yu-Lin JengQing TanYu ShuSheng-Bo Huang,2017,https://link.springer.com/chapter/10.1007/978-3-319-71084-6_51,Conference paper
hacspec: Towards Verifiable Crypto Standards,Security Standardisation Research,,,,10.1007/978-3-030-04762-7_1,Karthikeyan BhargavanFranziskus KieferPierre-Yves Strub,2018,https://link.springer.com/chapter/10.1007/978-3-030-04762-7_1,Conference paper
Performance Evaluation of Dynamic Load Balancing Protocols Based on Formal Models in Cloud Environments,Verification and Evaluation of Computer and Communication Systems,,,,10.1007/978-3-030-00359-3_5,Roua Ben HamoudaSabrine BoussemaImene Ben HafaiedhRiadh Robbana,2018,https://link.springer.com/chapter/10.1007/978-3-030-00359-3_5,Conference paper
Correctness of a Concurrent Object Collector for Actor Languages,Programming Languages and Systems,,,,10.1007/978-3-319-89884-1_31,Juliana FrancoSylvan ClebschSophia DrossopoulouJan VitekTobias Wrigstad,2018,https://link.springer.com/chapter/10.1007/978-3-319-89884-1_31,Conference paper
Parallel Reachability Testing Based on Hadoop MapReduce,"Software Analysis, Testing, and Evolution",,,,10.1007/978-3-030-04272-1_11,Xiaofang QiYueran Li,2018,https://link.springer.com/chapter/10.1007/978-3-030-04272-1_11,Conference paper
Formalising Executable Specifications of Low-Level Systems,"Verified Software. Theories, Tools, and Experiments",,,,10.1007/978-3-030-03592-1_9,Paolo TorriniDavid NowakNarjes JomaaMohamed Sami Cherif,2018,https://link.springer.com/chapter/10.1007/978-3-030-03592-1_9,Conference paper
A Survey on Model-Based Testing Tools for Test Case Generation,Tools and Methods of Program Analysis,,,,10.1007/978-3-319-71734-0_7,Wenbin LiFranck Le GallNaum Spaseski,2018,https://link.springer.com/chapter/10.1007/978-3-319-71734-0_7,Conference paper
<i>GreenScaler</i>: training software energy models with automatic test generation,Empirical Software Engineering,,,,10.1007/s10664-018-9640-7,Shaiful ChowdhuryStephanie BorleStephen RomanskyAbram Hindle,2018,https://link.springer.com/article/10.1007/s10664-018-9640-7,Article
Velisarios: Byzantine Fault-Tolerant Protocols Powered by Coq,Programming Languages and Systems,,,,10.1007/978-3-319-89884-1_22,Vincent RahliIvana VukoticMarcus VölpPaulo Esteves-Verissimo,2018,https://link.springer.com/chapter/10.1007/978-3-319-89884-1_22,Conference paper
The Refinement Calculus of Reactive Systems Toolset,Tools and Algorithms for the Construction and Analysis of Systems,,,,10.1007/978-3-319-89963-3_12,Iulia DragomirViorel PreoteasaStavros Tripakis,2018,https://link.springer.com/chapter/10.1007/978-3-319-89963-3_12,Conference paper
Integrated Simulation and Formal Verification of a Simple Autonomous Vehicle,Software Engineering and Formal Methods,,,,10.1007/978-3-319-74781-1_21,Andrea DomeniciAdriano FagioliniMaurizio Palmieri,2018,https://link.springer.com/chapter/10.1007/978-3-319-74781-1_21,Conference paper
Verifying Nested Lock Priority Inheritance in RTEMS with Java Pathfinder,Formal Methods and Software Engineering,,,,10.1007/978-3-319-47846-3_26,Saurabh GadiaCyrille ArthoGedare Bloom,2016,https://link.springer.com/chapter/10.1007/978-3-319-47846-3_26,Conference paper
Asynchronous multi-process timed automata,Software Quality Journal,,,,10.1007/s11219-017-9380-8,Guoqiang LiLi LiuAkira Fukuda,2017,https://link.springer.com/article/10.1007/s11219-017-9380-8,Article
An approach for applying Test-Driven Development (TDD) in the development of randomized algorithms,Journal of Software Engineering Research and Development,,,,10.1186/s40411-018-0053-5,André A. S. IvoEduardo M. GuerraSandy M. PortoJoelma ChomaMarcos G. Quiles,2018,https://link.springer.com/article/10.1186/s40411-018-0053-5,Article
Runtime Verification - 17 Years Later,Runtime Verification,,,,10.1007/978-3-030-03769-7_1,Klaus HavelundGrigore Roşu,2018,https://link.springer.com/chapter/10.1007/978-3-030-03769-7_1,Conference paper
Automated Workarounds from Java Program Specifications Based on SAT Solving,Fundamental Approaches to Software Engineering,,,,10.1007/978-3-662-54494-5_20,Marcelo UvaPablo PonzioGermán RegisNazareno AguirreMarcelo F. Frias,2017,https://link.springer.com/chapter/10.1007/978-3-662-54494-5_20,Conference paper
A Framework for Analyzing Adaptive Autonomous Aerial Vehicles,Software Engineering and Formal Methods,,,,10.1007/978-3-319-74781-1_28,Ian A. MasonVivek NigamCarolyn TalcottAlisson Brito,2018,https://link.springer.com/chapter/10.1007/978-3-319-74781-1_28,Conference paper
How verified (or tested) is my code? Falsification-driven verification and testing,Automated Software Engineering,,,,10.1007/s10515-018-0240-y,Alex GroceIftekhar AhmedCarlos JensenPaul E. McKenneyJosie Holmes,2018,https://link.springer.com/article/10.1007/s10515-018-0240-y,Article
Inductive verification of data model invariants in web applications using first-order logic,Automated Software Engineering,,,,10.1007/s10515-018-0249-2,Ivan BocićTevfik BultanNicolás Rosner,2018,https://link.springer.com/article/10.1007/s10515-018-0249-2,Article
"A Non-unified View of Modelling, Specification and Programming","Leveraging Applications of Formal Methods, Verification and Validation. Modeling",,,,10.1007/978-3-030-03418-4_4,Stefan HallerstedePeter Gorm LarsenJohn Fitzgerald,2018,https://link.springer.com/chapter/10.1007/978-3-030-03418-4_4,Conference paper
A Model Interpreter for Timed Automata,"Leveraging Applications of Formal Methods, Verification and Validation: Foundational Techniques",,,,10.1007/978-3-319-47166-2_17,M. Usman IftikharJonas LundbergDanny Weyns,2016,https://link.springer.com/chapter/10.1007/978-3-319-47166-2_17,Conference paper
Automatic Refinement to Efficient Data Structures: A Comparison of Two Approaches,Journal of Automated Reasoning,,,,10.1007/s10817-018-9461-9,Peter LammichAndreas Lochbihler,2018,https://link.springer.com/article/10.1007/s10817-018-9461-9,Article
CloudPT: Performance Testing for Identifying and Detecting Bottlenecks in IaaS,Algorithms and Architectures for Parallel Processing,,,,10.1007/978-3-030-05057-3_33,Ameen AlkasemHongwei LiuDecheng Zuo,2018,https://link.springer.com/chapter/10.1007/978-3-030-05057-3_33,Conference paper
Parallel Model Validation with Epsilon,Modelling Foundations and Applications,,,,10.1007/978-3-319-92997-2_8,Sina MadaniDimitrios S. KolovosRichard F. Paige,2018,https://link.springer.com/chapter/10.1007/978-3-319-92997-2_8,Conference paper
Controlling Cloud-Based Systems for Elasticity Test Reproduction,Cloud Computing and Service Science,,,,10.1007/978-3-319-94959-8_11,Michel AlbonicoJean-Marie MottuGerson SunyéFrederico Alvares,2018,https://link.springer.com/chapter/10.1007/978-3-319-94959-8_11,Conference paper
Extending Constraint-Only Representation of Polyhedra with Boolean Constraints,Static Analysis,,,,10.1007/978-3-319-99725-4_10,Alexey BakhirkinDavid Monniaux,2018,https://link.springer.com/chapter/10.1007/978-3-319-99725-4_10,Conference paper
Capturing Inter-process Communication for Runtime Verification on Android,"Leveraging Applications of Formal Methods, Verification and Validation. Industrial Practice",,,,10.1007/978-3-030-03427-6_4,Alex VillazónHaiyang SunWalter Binder,2018,https://link.springer.com/chapter/10.1007/978-3-030-03427-6_4,Conference paper
A Formal Framework for Prototyping Executable Semantics in ATL,Theory and Practice of Model Transformation,,,,10.1007/978-3-319-93317-7_8,Artur Boronat,2018,https://link.springer.com/chapter/10.1007/978-3-319-93317-7_8,Conference paper
Test descriptions with ETSI TDL,Software Quality Journal,,,,10.1007/s11219-018-9423-9,Philip MakedonskiGusztáv AdamisMartti KäärikFinn KristoffersenMichele CarignaniAndreas UlrichJens Grabowski,2018,https://link.springer.com/article/10.1007/s11219-018-9423-9,Article
Developing and evolving a DSL-based approach for runtime monitoring of systems of systems,Automated Software Engineering,,,,10.1007/s10515-018-0241-x,Rick RabiserJürgen Thanhofer-PilischMichael VierhauserPaul GrünbacherAlexander Egyed,2018,https://link.springer.com/article/10.1007/s10515-018-0241-x,Article
Anomaly Detection and Diagnosis for Container-Based Microservices with Performance Monitoring,Algorithms and Architectures for Parallel Processing,,,,10.1007/978-3-030-05063-4_42,Qingfeng DuTiandi XieYu He,2018,https://link.springer.com/chapter/10.1007/978-3-030-05063-4_42,Conference paper
REAL-T: Time Modularization in Reactive Distributed Applications,Advances in Computing,,,,10.1007/978-3-319-98998-3_9,Luis Daniel Benavides NavarroCamilo PimientaMateo SanabriaDaniel DíazWilmer GarzónWillson MeloHugo Arboleda,2018,https://link.springer.com/chapter/10.1007/978-3-319-98998-3_9,Conference paper
A Formal Verification of Safe Update Point Detection in Dynamic Software Updating,Risks and Security of Internet and Systems,,,,10.1007/978-3-319-54876-0_3,Razika LounasNisrine JafriAxel LegayMohamed MezghicheJean-Louis Lanet,2017,https://link.springer.com/chapter/10.1007/978-3-319-54876-0_3,Conference paper
A Survey of High-Performance Computing for Software Verification,Tools and Methods of Program Analysis,,,,10.1007/978-3-319-71734-0_17,Ilja Zakharov,2018,https://link.springer.com/chapter/10.1007/978-3-319-71734-0_17,Conference paper
A Cooperative Approach to Virtual Machine Based Fault Injection,Euro-Par 2016: Parallel Processing Workshops,,,,10.1007/978-3-319-58943-5_54,Thomas NaughtonChristian EngelmannGeoffroy ValléeFerrol AderholdtStephen L. Scott,2017,https://link.springer.com/chapter/10.1007/978-3-319-58943-5_54,Conference paper
Functional Testing of Java Programs,Trends in Functional Programming,,,,10.1007/978-3-319-39110-6_3,Clara Benac EarleLars-Åke Fredlund,2016,https://link.springer.com/chapter/10.1007/978-3-319-39110-6_3,Conference paper
A Modular Environment to Test SCADA Solutions for Wind Parks,"Measurement, Modelling and Evaluation of Computing Systems",,,,10.1007/978-3-319-74947-1_18,Jannik HülsAnne Remke,2018,https://link.springer.com/chapter/10.1007/978-3-319-74947-1_18,Conference paper
Toward Performance Prediction for Multi-BSP Programs in ML,Algorithms and Architectures for Parallel Processing,,,,10.1007/978-3-030-05057-3_12,Victor AllombertFrédéric GavaJulien Tesson,2018,https://link.springer.com/chapter/10.1007/978-3-030-05057-3_12,Conference paper
Symbolic Execution and Reachability Analysis Using Rewriting Modulo SMT for Spatial Concurrent Constraint Systems with Extrusion,NASA Formal Methods,,,,10.1007/978-3-319-77935-5_29,Miguel RomeroCamilo Rocha,2018,https://link.springer.com/chapter/10.1007/978-3-319-77935-5_29,Conference paper
A Unified Formalism for Monoprocessor Schedulability Analysis Under Uncertainty,Critical Systems: Formal Methods and Automated Verification,,,,10.1007/978-3-319-67113-0_7,Étienne André,2017,https://link.springer.com/chapter/10.1007/978-3-319-67113-0_7,Conference paper
An Android Vulnerability Detection System,Network and System Security,,,,10.1007/978-3-319-64701-2_13,Jiayuan ZhangYao YaoXiaoqi LiJian XieGaofei Wu,2017,https://link.springer.com/chapter/10.1007/978-3-319-64701-2_13,Conference paper
A comparative analysis of soft computing techniques in software fault prediction model development,International Journal of Information Technology,,,,10.1007/s41870-018-0211-3,Deepak SharmaPravin Chandra,2018,https://link.springer.com/article/10.1007/s41870-018-0211-3,Article
Model Checking of C and C++ with DIVINE 4,Automated Technology for Verification and Analysis,,,,10.1007/978-3-319-68167-2_14,Zuzana BaranováJiří BarnatKatarína KejstováTadeáš KučeraHenrich LaukoJan MrázekPetr RočkaiVladimír Štill,2017,https://link.springer.com/chapter/10.1007/978-3-319-68167-2_14,Conference paper
Alleviating patch overfitting with automatic test generation: a study of feasibility and effectiveness for the Nopol repair system,Empirical Software Engineering,,,,10.1007/s10664-018-9619-4,Zhongxing YuMatias MartinezBenjamin DanglotThomas DurieuxMartin Monperrus,2018,https://link.springer.com/article/10.1007/s10664-018-9619-4,Article
Towards formal methods diversity in railways: an experience report with seven frameworks,International Journal on Software Tools for Technology Transfer,,,,10.1007/s10009-018-0488-3,Franco MazzantiAlessio FerrariGiorgio O. Spagnolo,2018,https://link.springer.com/article/10.1007/s10009-018-0488-3,Article
Implementing MapReduce with MSVL,Structured Object-Oriented Formal Language and Method,,,,10.1007/978-3-319-90104-6_10,Nan ZhangMeng WangZhenhua DuanCong TianJin Cui,2018,https://link.springer.com/chapter/10.1007/978-3-319-90104-6_10,Conference paper
Event-Based Runtime Verification of Temporal Properties Using Time Basic Petri Nets,NASA Formal Methods,,,,10.1007/978-3-319-57288-8_8,Matteo CamilliAngelo GargantiniPatrizia ScandurraCarlo Bellettini,2017,https://link.springer.com/chapter/10.1007/978-3-319-57288-8_8,Conference paper
Continuous Formal Verification of Amazon s2n,Computer Aided Verification,,,,10.1007/978-3-319-96142-2_26,Andrey ChudnovNathan CollinsByron CookJoey DoddsBrian HuffmanColm MacCárthaighStephen MagillEric MertensEric MullenSerdar TasiranAaron TombEddy Westbrook,2018,https://link.springer.com/chapter/10.1007/978-3-319-96142-2_26,Conference paper
Contracts over Smart Contracts: Recovering from Violations Dynamically,"Leveraging Applications of Formal Methods, Verification and Validation. Industrial Practice",,,,10.1007/978-3-030-03427-6_23,Christian ColomboJoshua EllulGordon J. Pace,2018,https://link.springer.com/chapter/10.1007/978-3-030-03427-6_23,Conference paper
Detecting potential deadlocks through change impact analysis,Software Quality Journal,,,,10.1007/s11219-017-9377-3,Chelsea A. MetcalfTuba Yavuz,2017,https://link.springer.com/article/10.1007/s11219-017-9377-3,Article
Testing concurrent user behavior of synchronous web applications with Petri nets,Software & Systems Modeling,,,,10.1007/s10270-018-0655-8,Jeff OffuttSunitha Thummala,2018,https://link.springer.com/article/10.1007/s10270-018-0655-8,Article
Verifying Properties of Differentiable Programs,Static Analysis,,,,10.1007/978-3-319-99725-4_14,Jan HückelheimZiqing LuoSri Hari Krishna NarayananStephen SiegelPaul D. Hovland,2018,https://link.springer.com/chapter/10.1007/978-3-319-99725-4_14,Conference paper
Using Test Ranges to Improve Symbolic Execution,NASA Formal Methods,,,,10.1007/978-3-319-77935-5_28,Rui QiuSarfraz KhurshidCorina S. PăsăreanuJunye WenGuowei Yang,2018,https://link.springer.com/chapter/10.1007/978-3-319-77935-5_28,Conference paper
Efficient Active Automata Learning via Mutation Testing,Journal of Automated Reasoning,,,,10.1007/s10817-018-9486-0,Bernhard K. AichernigMartin Tappler,2018,https://link.springer.com/article/10.1007/s10817-018-9486-0,Article
Security Testing for Chatbots,Testing Software and Systems,,,,10.1007/978-3-319-99927-2_3,Josip BozicFranz Wotawa,2018,https://link.springer.com/chapter/10.1007/978-3-319-99927-2_3,Conference paper
Monitoring Smart Contracts: ContractLarva and Open Challenges Beyond,Runtime Verification,,,,10.1007/978-3-030-03769-7_8,Shaun AzzopardiJoshua EllulGordon J. Pace,2018,https://link.springer.com/chapter/10.1007/978-3-030-03769-7_8,Conference paper
A Storm is Coming: A Modern Probabilistic Model Checker,Computer Aided Verification,,,,10.1007/978-3-319-63390-9_31,Christian DehnertSebastian JungesJoost-Pieter KatoenMatthias Volk,2017,https://link.springer.com/chapter/10.1007/978-3-319-63390-9_31,Conference paper
Modelling the Hybrid ERTMS/ETCS Level 3 Case Study in Spin,"Abstract State Machines, Alloy, B, TLA, VDM, and Z",,,,10.1007/978-3-319-91271-4_19,Paolo ArcainiPavel JežekJan Kofroň,2018,https://link.springer.com/chapter/10.1007/978-3-319-91271-4_19,Conference paper
Deterministic High-Level Executable Models Allowing Efficient Runtime Verification,Model-Driven Engineering and Software Development,,,,10.1007/978-3-319-94764-8_6,Vladimir Estivill-CastroRené Hexel,2018,https://link.springer.com/chapter/10.1007/978-3-319-94764-8_6,Conference paper
Inference of development activities from interaction with uninstrumented applications,Empirical Software Engineering,,,,10.1007/s10664-017-9547-8,Lingfeng BaoZhenchang XingXin XiaDavid LoAhmed E. Hassan,2017,https://link.springer.com/article/10.1007/s10664-017-9547-8,Article
Towards a Unified View of Modeling and Programming (ISoLA 2018 Track Introduction),"Leveraging Applications of Formal Methods, Verification and Validation. Modeling",,,,10.1007/978-3-030-03418-4_1,Manfred BroyKlaus HavelundRahul KumarBernhard Steffen,2018,https://link.springer.com/chapter/10.1007/978-3-030-03418-4_1,Conference paper
"A systematic survey on automated concurrency bug detection, exposing, avoidance, and fixing techniques",Software Quality Journal,,,,10.1007/s11219-017-9385-3,Haojie FuZan WangXiang ChenXiangyu Fan,2017,https://link.springer.com/article/10.1007/s11219-017-9385-3,Article
A Formal Approach to the Engineering of Domain-Specific Distributed Systems,Coordination Models and Languages,,,,10.1007/978-3-319-92408-3_5,Rocco De NicolaGianluigi FerrariRosario PuglieseFrancesco Tiezzi,2018,https://link.springer.com/chapter/10.1007/978-3-319-92408-3_5,Conference paper
Testing TLS using planning-based combinatorial methods and execution framework,Software Quality Journal,,,,10.1007/s11219-018-9412-z,Dimitris E. SimosJosip BozicBernhard GarnManuel LeithnerFeng DuanKristoffer KleineYu LeiFranz Wotawa,2018,https://link.springer.com/article/10.1007/s11219-018-9412-z,Article
Symbolic Execution and Deductive Verification Approaches to VerifyThis 2017 Challenges,"Leveraging Applications of Formal Methods, Verification and Validation. Verification",,,,10.1007/978-3-030-03421-4_12,Ziqing LuoStephen F. Siegel,2018,https://link.springer.com/chapter/10.1007/978-3-030-03421-4_12,Conference paper
Automatic verification of behavior preservation at the transformation level for relational model transformation,Software & Systems Modeling,,,,10.1007/s10270-018-00706-9,Johannes DyckHolger GieseLeen Lambers,2018,https://link.springer.com/article/10.1007/s10270-018-00706-9,Article
On-the-fly model checking for extended action-based probabilistic operators,International Journal on Software Tools for Technology Transfer,,,,10.1007/s10009-018-0499-0,Radu MateescuJosé Ignacio Requeno,2018,https://link.springer.com/article/10.1007/s10009-018-0499-0,Article
Testing IoT systems using a hybrid simulation based testing approach,Computing,,,,10.1007/s00607-018-0650-5,Stig BosmansSiegfried MercelisJoachim DenilPeter Hellinckx,2018,https://link.springer.com/article/10.1007/s00607-018-0650-5,Article
Model Checking Boot Code from AWS Data Centers,Computer Aided Verification,,,,10.1007/978-3-319-96142-2_28,Byron CookKareem KhazemDaniel KroeningSerdar TasiranMichael TautschnigMark R. Tuttle,2018,https://link.springer.com/chapter/10.1007/978-3-319-96142-2_28,Conference paper
Mobile application tamper detection scheme using dynamic code injection against repackaging attacks,The Journal of Supercomputing,,,,10.1007/s11227-016-1763-2,Haehyun ChoJiwoong BangMyeongju JiJeong Hyun Yi,2016,https://link.springer.com/article/10.1007/s11227-016-1763-2,Article
Preventing duplicate bug reports by continuously querying bug reports,Empirical Software Engineering,,,,10.1007/s10664-018-9643-4,Abram HindleCurtis Onuczko,2018,https://link.springer.com/article/10.1007/s10664-018-9643-4,Article
Property Directed Reachability for Proving Absence of Concurrent Modification Errors,"Verification, Model Checking, and Abstract Interpretation",,,,10.1007/978-3-319-52234-0_12,Asya FrumkinYotam M. Y. FeldmanOndřej LhotákOded PadonMooly SagivSharon Shoham,2017,https://link.springer.com/chapter/10.1007/978-3-319-52234-0_12,Conference paper
CompoSAT: Specification-Guided Coverage for Model Finding,Formal Methods,,,,10.1007/978-3-319-95582-7_34,Sorawee PorncharoenwaseTim NelsonShriram Krishnamurthi,2018,https://link.springer.com/chapter/10.1007/978-3-319-95582-7_34,Conference paper
In-Place vs. Copy-on-Write CEGAR Refinement for Block Summarization with Caching,"Leveraging Applications of Formal Methods, Verification and Validation. Verification",,,,10.1007/978-3-030-03421-4_14,Dirk BeyerKarlheinz Friedberger,2018,https://link.springer.com/chapter/10.1007/978-3-030-03421-4_14,Conference paper
Fast test suite-driven model-based fault localisation with application to pinpointing defects in student programs,Software & Systems Modeling,,,,10.1007/s10270-017-0612-y,Geoff BirchBernd FischerMichael Poppleton,2017,https://link.springer.com/article/10.1007/s10270-017-0612-y,Article
Model Checking Real-Time Properties on the Functional Layer of Autonomous Robots,Formal Methods and Software Engineering,,,,10.1007/978-3-319-47846-3_24,Mohammed FoughaliBernard BerthomieuSilvano Dal ZilioFélix IngrandAnthony Mallet,2016,https://link.springer.com/chapter/10.1007/978-3-319-47846-3_24,Conference paper
Pardis: a process calculus for parallel and distributed programming in Haskell,The Journal of Supercomputing,,,,10.1007/s11227-018-2289-6,Christopher BlöckerUlrich Hoffmann,2018,https://link.springer.com/article/10.1007/s11227-018-2289-6,Article
Automated reasoning for attributed graph properties,International Journal on Software Tools for Technology Transfer,,,,10.1007/s10009-018-0496-3,Sven SchneiderLeen LambersFernando Orejas,2018,https://link.springer.com/article/10.1007/s10009-018-0496-3,Article
Improving the performance of reverse debugging,Programming and Computer Software,,,,10.1134/S0361768817010042,M. A. KlimushenkovaP. M. Dovgalyuk,2017,https://link.springer.com/article/10.1134/S0361768817010042,Article
Experiences and challenges in building a data intensive system for data migration,Empirical Software Engineering,,,,10.1007/s10664-017-9503-7,Marco ScavuzzoElisabetta Di NittoDanilo Ardagna,2017,https://link.springer.com/article/10.1007/s10664-017-9503-7,Article
"The Symbolic Execution Debugger (SED): a platform for interactive symbolic execution, debugging, verification and more",International Journal on Software Tools for Technology Transfer,,,,10.1007/s10009-018-0490-9,Martin HentschelRichard BubelReiner Hähnle,2018,https://link.springer.com/article/10.1007/s10009-018-0490-9,Article
Property-based testing of web services by deriving properties from business-rule models,Software & Systems Modeling,,,,10.1007/s10270-017-0647-0,Bernhard K. AichernigRichard Schumi,2017,https://link.springer.com/article/10.1007/s10270-017-0647-0,Article
TSTL: the template scripting testing language,International Journal on Software Tools for Technology Transfer,,,,10.1007/s10009-016-0445-y,Josie HolmesAlex GroceJervis PintoPranjal MittalPooria AzimiKevin KellarJames O’Brien,2016,https://link.springer.com/article/10.1007/s10009-016-0445-y,Article
Form Filling Based on Constraint Solving,Web Engineering,,,,10.1007/978-3-319-91662-0_7,Ben SpencerMichael BenediktPierre Senellart,2018,https://link.springer.com/chapter/10.1007/978-3-319-91662-0_7,Conference paper
Verified Learning Without Regret,Programming Languages and Systems,,,,10.1007/978-3-319-89884-1_20,Samuel MertenAlexander BagnallGordon Stewart,2018,https://link.springer.com/chapter/10.1007/978-3-319-89884-1_20,Conference paper
A New Invariant Rule for the Analysis of Loops with Non-standard Control Flows,Integrated Formal Methods,,,,10.1007/978-3-319-66845-1_18,Dominic SteinhöfelNathan Wasser,2017,https://link.springer.com/chapter/10.1007/978-3-319-66845-1_18,Conference paper
Analyzing the Influence of LLVM Code Optimization Passes on Software Performance,Information Processing and Management of Uncertainty in Knowledge-Based Systems. Applications,,,,10.1007/978-3-319-91479-4_23,Juan Carlos de la TorrePatricia RuizBernabé DorronsoroPedro L. Galindo,2018,https://link.springer.com/chapter/10.1007/978-3-319-91479-4_23,Conference paper
TeSSLa: Temporal Stream-Based Specification Language,Formal Methods: Foundations and Applications,,,,10.1007/978-3-030-03044-5_10,Lukas ConventSebastian HungereckerMartin LeuckerTorben ScheffelMalte SchmitzDaniel Thoma,2018,https://link.springer.com/chapter/10.1007/978-3-030-03044-5_10,Conference paper
FSM inference and checking sequence construction are two sides of the same coin,Software Quality Journal,,,,10.1007/s11219-018-9429-3,Alexandre PetrenkoFlorent AvellanedaRoland GrozCatherine Oriat,2018,https://link.springer.com/article/10.1007/s11219-018-9429-3,Article
VDM at Large: Modelling the EMV® $$2^{nd}$$ Generation Kernel,Formal Methods: Foundations and Applications,,,,10.1007/978-3-030-03044-5_8,Leo Freitas,2018,https://link.springer.com/chapter/10.1007/978-3-030-03044-5_8,Conference paper
Resource-Aware Virtually Timed Ambients,Integrated Formal Methods,,,,10.1007/978-3-319-98938-9_12,Einar Broch JohnsenMartin SteffenJohanna Beate StumpfLars Tveito,2018,https://link.springer.com/chapter/10.1007/978-3-319-98938-9_12,Conference paper
OWL Reasoning: Subsumption Test Hardness and Modularity,Journal of Automated Reasoning,,,,10.1007/s10817-017-9414-8,Nicolas MatentzogluBijan ParsiaUli Sattler,2017,https://link.springer.com/article/10.1007/s10817-017-9414-8,Article
Prototype of a Verified Program Code Execution System,Programming and Computer Software,,,,10.1134/S0361768818030039,A. V. KozachokE. V. Kochetkov,2018,https://link.springer.com/article/10.1134/S0361768818030039,Article
A correlation study between automated program repair and test-suite metrics,Empirical Software Engineering,,,,10.1007/s10664-017-9552-y,Jooyong YiShin Hwei TanSergey MechtaevMarcel BöhmeAbhik Roychoudhury,2017,https://link.springer.com/article/10.1007/s10664-017-9552-y,Article
Remotely Assessing Integrity of Software Applications by Monitoring Invariants: Present Limitations and Future Directions,Risks and Security of Internet and Systems,,,,10.1007/978-3-319-76687-4_5,Alessio ViticchiéCataldo BasileAntonio Lioy,2018,https://link.springer.com/chapter/10.1007/978-3-319-76687-4_5,Conference paper
Towards an Acceptance Testing Approach for Internet of Things Systems,Current Trends in Web Engineering,,,,10.1007/978-3-319-74433-9_11,Maurizio LeottaFilippo RiccaDiego ClerissiDavide AnconaGiorgio DelzannoMarina RibaudoLuca Franceschini,2018,https://link.springer.com/chapter/10.1007/978-3-319-74433-9_11,Conference paper
"Green-J<span class=""mathjax-tex"">\(^{3}\)</span> Model: a novel approach to measure energy consumption of modified condition/decision coverage using concolic testing",CSI Transactions on ICT,,,,10.1007/s40012-017-0157-9,Sangharatna GodboleyArpita DuttaDurga Prasad MohapatraRajib Mall,2017,https://link.springer.com/article/10.1007/s40012-017-0157-9,Article
Robotics and Integrated Formal Methods: Necessity Meets Opportunity,Integrated Formal Methods,,,,10.1007/978-3-319-98938-9_10,Marie FarrellMatt LuckcuckMichael Fisher,2018,https://link.springer.com/chapter/10.1007/978-3-319-98938-9_10,Conference paper
Model-Based Testing for General Stochastic Time,NASA Formal Methods,,,,10.1007/978-3-319-77935-5_15,Marcus GerholdArnd HartmannsMariëlle Stoelinga,2018,https://link.springer.com/chapter/10.1007/978-3-319-77935-5_15,Conference paper
Deterministic Concurrency: A Clock-Synchronised Shared Memory Approach,Programming Languages and Systems,,,,10.1007/978-3-319-89884-1_4,Joaquín AguadoMichael MendlerMarc PouzetPartha RoopReinhard von Hanxleden,2018,https://link.springer.com/chapter/10.1007/978-3-319-89884-1_4,Conference paper
DSLs in Robotics: A Case Study in Programming Self-reconfigurable Robots,Grand Timely Topics in Software Engineering,,,,10.1007/978-3-319-60074-1_5,Ulrik Pagh SchultzMirko BordignonKasper StoyArne NordmannNico HochgeschwenderSebastian Wrede,2017,https://link.springer.com/chapter/10.1007/978-3-319-60074-1_5,Conference paper
A Verified CompCert Front-End for a Memory Model Supporting Pointer Arithmetic and Uninitialised Data,Journal of Automated Reasoning,,,,10.1007/s10817-017-9439-z,Frédéric BessonSandrine BlazyPierre Wilke,2017,https://link.springer.com/article/10.1007/s10817-017-9439-z,Article
On the Semantics of Atomic Subgroups in Practical Regular Expressions,Implementation and Application of Automata,,,,10.1007/978-3-319-60134-2_2,Martin BerglundBrink van der MerweBruce WatsonNicolaas Weideman,2017,https://link.springer.com/chapter/10.1007/978-3-319-60134-2_2,Conference paper
Effect Polymorphism in Higher-Order Logic (Proof Pearl),Interactive Theorem Proving,,,,10.1007/978-3-319-66107-0_25,Andreas Lochbihler,2017,https://link.springer.com/chapter/10.1007/978-3-319-66107-0_25,Conference paper
Verifying Parallel Code After Refactoring Using Equivalence Checking,International Journal of Parallel Programming,,,,10.1007/s10766-017-0548-4,Moria AbadiSharon Keidar-BarnerDmitry PidanTatyana Veksler,2018,https://link.springer.com/article/10.1007/s10766-017-0548-4,Article
Measuring the Extent of Source Code Readability Using Regression Analysis,Computational Science and Its Applications – ICCSA 2018,,,,10.1007/978-3-319-95171-3_32,Sangchul ChoiSuntae KimJeong-Hyu LeeJeongAh KimJae-Young Choi,2018,https://link.springer.com/chapter/10.1007/978-3-319-95171-3_32,Conference paper
Verifying Atomicity Preservation and Deadlock Freedom of a Generic Shared Variable Mechanism Used in Model-To-Code Transformations,Model-Driven Engineering and Software Development,,,,10.1007/978-3-319-66302-9_13,Dan ZhangDragan BošnačkiMark van den BrandCornelis HuizingBart JacobsRuurd KuiperAnton Wijs,2017,https://link.springer.com/chapter/10.1007/978-3-319-66302-9_13,Conference paper
A study: selection of model metamodel and SPL tools for the verification of software product lines,International Journal of Information Technology,,,,10.1007/s41870-017-0055-2,Fazal Qudus KhanShahrulniza MusaGeorgios TsaramirsisSheikh Tahir Bakhsh,2017,https://link.springer.com/article/10.1007/s41870-017-0055-2,Article
Checking Modal Contracts for Virtually Timed Ambients,Theoretical Aspects of Computing – ICTAC 2018,,,,10.1007/978-3-030-02508-3_14,Einar Broch JohnsenMartin SteffenJohanna Beate StumpfLars Tveito,2018,https://link.springer.com/chapter/10.1007/978-3-030-02508-3_14,Conference paper
Recent advances in interactive and automated analysis,International Journal on Software Tools for Technology Transfer,,,,10.1007/s10009-017-0477-y,Radu Mateescu,2017,https://link.springer.com/article/10.1007/s10009-017-0477-y,Article
Efficient Runtime Verification of First-Order Temporal Properties,Model Checking Software,,,,10.1007/978-3-319-94111-0_2,Klaus HavelundDoron Peled,2018,https://link.springer.com/chapter/10.1007/978-3-319-94111-0_2,Conference paper
A Formal Model of the Safety-Critical Java Level 2 Paradigm,Integrated Formal Methods,,,,10.1007/978-3-319-33693-0_15,Matt LuckcuckAna CavalcantiAndy Wellings,2016,https://link.springer.com/chapter/10.1007/978-3-319-33693-0_15,Conference paper
What do developers search for on the web?,Empirical Software Engineering,,,,10.1007/s10664-017-9514-4,Xin XiaLingfeng BaoDavid LoPavneet Singh KochharAhmed E. HassanZhenchang Xing,2017,https://link.springer.com/article/10.1007/s10664-017-9514-4,Article
Extending VIAP to Handle Array Programs,"Verified Software. Theories, Tools, and Experiments",,,,10.1007/978-3-030-03592-1_3,Pritom RajkhowaFangzhen Lin,2018,https://link.springer.com/chapter/10.1007/978-3-030-03592-1_3,Conference paper
Abstraction Refinement for Emptiness Checking of Alternating Data Automata,Tools and Algorithms for the Construction and Analysis of Systems,,,,10.1007/978-3-319-89963-3_6,Radu IosifXiao Xu,2018,https://link.springer.com/chapter/10.1007/978-3-319-89963-3_6,Conference paper
"Owl: A Library for $$\omega $$ -Words, Automata, and LTL",Automated Technology for Verification and Analysis,,,,10.1007/978-3-030-01090-4_34,Jan KřetínskýTobias MeggendorferSalomon Sickert,2018,https://link.springer.com/chapter/10.1007/978-3-030-01090-4_34,Conference paper
Design Languages: A Necessary New Generation of Computer Languages,"Leveraging Applications of Formal Methods, Verification and Validation. Modeling",,,,10.1007/978-3-030-03418-4_17,Bran Selić,2018,https://link.springer.com/chapter/10.1007/978-3-030-03418-4_17,Conference paper
Runtime Verification of User Interface Guidelines in Mobile Devices,Runtime Verification,,,,10.1007/978-3-319-67531-2_27,Chafik MeniarFlorence OpalvensSylvain Hallé,2017,https://link.springer.com/chapter/10.1007/978-3-319-67531-2_27,Conference paper
Improvement in JavaMOP by Simplifying Büchi Automaton,"Dependable Software Engineering. Theories, Tools, and Applications",,,,10.1007/978-3-319-99933-3_8,Junyan QianCong ChenWei CaoZhongyi ZhaiLingzhong Zhao,2018,https://link.springer.com/chapter/10.1007/978-3-319-99933-3_8,Conference paper
Using Dependence Graphs to Assist Verification and Testing of Information-Flow Properties,Tests and Proofs,,,,10.1007/978-3-319-92994-1_5,Mihai HerdaShmuel TyszberowiczBernhard Beckert,2018,https://link.springer.com/chapter/10.1007/978-3-319-92994-1_5,Conference paper
Automated Resource Analysis with Coq Proof Objects,Computer Aided Verification,,,,10.1007/978-3-319-63390-9_4,Quentin CarbonneauxJan HoffmannThomas RepsZhong Shao,2017,https://link.springer.com/chapter/10.1007/978-3-319-63390-9_4,Conference paper
Grammar-Algebraic Approach to Analyze Workflows,Computational Science and Its Applications – ICCSA 2018,,,,10.1007/978-3-319-95171-3_39,Alexander AfanasyevNikolay Voit,2018,https://link.springer.com/chapter/10.1007/978-3-319-95171-3_39,Conference paper
Pattern Matching in Link Streams: A Token-Based Approach,Application and Theory of Petri Nets and Concurrency,,,,10.1007/978-3-319-91268-4_12,Clément BertrandHanna KlaudelMatthieu LatapyFrédéric Peschanski,2018,https://link.springer.com/chapter/10.1007/978-3-319-91268-4_12,Conference paper
Formal Assurance for Cooperative Intelligent Autonomous Agents,NASA Formal Methods,,,,10.1007/978-3-319-77935-5_2,Siddhartha BhattacharyyaThomas C. EskridgeNatasha A. NeogiMarco CarvalhoMilton Stafford,2018,https://link.springer.com/chapter/10.1007/978-3-319-77935-5_2,Conference paper
Challenges for Formal Semantic Description: Responses from the Main Approaches,Engineering Trustworthy Software Systems,,,,10.1007/978-3-030-02928-9_6,Cliff B. JonesTroy K. Astarte,2018,https://link.springer.com/chapter/10.1007/978-3-030-02928-9_6,Conference paper
The Julia Static Analyzer for Java,Static Analysis,,,,10.1007/978-3-662-53413-7_3,Fausto Spoto,2016,https://link.springer.com/chapter/10.1007/978-3-662-53413-7_3,Conference paper
Validation of Transformation from Abstract State Machine Models to C++ Code,Testing Software and Systems,,,,10.1007/978-3-319-99927-2_2,Silvia BonfantiAngelo GargantiniAtif Mashkoor,2018,https://link.springer.com/chapter/10.1007/978-3-319-99927-2_2,Conference paper
Monitoring Weak Consistency,Computer Aided Verification,,,,10.1007/978-3-319-96145-3_26,Michael EmmiConstantin Enea,2018,https://link.springer.com/chapter/10.1007/978-3-319-96145-3_26,Conference paper
Design and implementation of an attestation protocol for measured dynamic behavior,The Journal of Supercomputing,,,,10.1007/s11227-017-2054-2,Toqeer AliRoslan IsmailShahrulniza MusaMohammad NaumanSohail Khan,2017,https://link.springer.com/article/10.1007/s11227-017-2054-2,Article
Modeling foundations for executable model-based testing of self-healing cyber-physical systems,Software & Systems Modeling,,,,10.1007/s10270-018-00703-y,Tao MaShaukat AliTao Yue,2018,https://link.springer.com/article/10.1007/s10270-018-00703-y,Article
Emulating representative software vulnerabilities using field data,Computing,,,,10.1007/s00607-018-0657-y,Raul BarbosaFrederico CerveiraLuís GonçaloHenrique Madeira,2018,https://link.springer.com/article/10.1007/s00607-018-0657-y,Article
Using Theorem Provers to Increase the Precision of Dependence Analysis for Information Flow Control,Formal Methods and Software Engineering,,,,10.1007/978-3-030-02450-5_17,Bernhard BeckertSimon BischofMihai HerdaMichael KirstenMarko Kleine Büning,2018,https://link.springer.com/chapter/10.1007/978-3-030-02450-5_17,Conference paper
Compositional schedulability analysis of real-time actor-based systems,Acta Informatica,,,,10.1007/s00236-015-0254-x,Mohammad Mahdi JaghooriFrank de BoerDelphine LonguetTom ChothiaMarjan Sirjani,2016,https://link.springer.com/article/10.1007/s00236-015-0254-x,Article
State-of-the-Art Model Checking for B and Event-B Using ProB and LTSmin,Integrated Formal Methods,,,,10.1007/978-3-319-98938-9_16,Philipp KörnerMichael LeuschelJeroen Meijer,2018,https://link.springer.com/chapter/10.1007/978-3-319-98938-9_16,Conference paper
"A Formal, Resource Consumption-Preserving Translation of Actors to Haskell",Logic-Based Program Synthesis and Transformation,,,,10.1007/978-3-319-63139-4_2,Elvira AlbertNikolaos BezirgiannisFrank de BoerEnrique Martin-Martin,2017,https://link.springer.com/chapter/10.1007/978-3-319-63139-4_2,Conference paper
Verifying a Concurrent Garbage Collector Using a Rely-Guarantee Methodology,Interactive Theorem Proving,,,,10.1007/978-3-319-66107-0_31,Yannick ZakowskiDavid CacheraDelphine DemangeGustavo PetriDavid PichardieSuresh JagannathanJan Vitek,2017,https://link.springer.com/chapter/10.1007/978-3-319-66107-0_31,Conference paper
Trustworthy Detection and Arbitration of SLA Violations in the Cloud,Service-Oriented and Cloud Computing,,,,10.1007/978-3-319-99819-0_7,Christian SchubertMichael BorkowskiStefan Schulte,2018,https://link.springer.com/chapter/10.1007/978-3-319-99819-0_7,Conference paper
Visual Specification and Analysis of Contract-Based Software Architectures,Journal of Computer Science and Technology,,,,10.1007/s11390-017-1779-y,Mert Ozkaya,2017,https://link.springer.com/article/10.1007/s11390-017-1779-y,Article
Pardis: A Process Calculus for Parallel and Distributed Programming in Haskell,Parallel Processing and Applied Mathematics,,,,10.1007/978-3-319-78054-2_18,Christopher BlöckerUlrich Hoffmann,2018,https://link.springer.com/chapter/10.1007/978-3-319-78054-2_18,Conference paper
Approximate Reduction of Finite Automata for High-Speed Network Intrusion Detection,Tools and Algorithms for the Construction and Analysis of Systems,,,,10.1007/978-3-319-89963-3_9,Milan ČeškaVojtěch HavlenaLukáš HolíkOndřej LengálTomáš Vojnar,2018,https://link.springer.com/chapter/10.1007/978-3-319-89963-3_9,Conference paper
Monitoring CTMCs by Multi-clock Timed Automata,Computer Aided Verification,,,,10.1007/978-3-319-96145-3_27,Yijun FengJoost-Pieter KatoenHaokun LiBican XiaNaijun Zhan,2018,https://link.springer.com/chapter/10.1007/978-3-319-96145-3_27,Conference paper
Modelling and Verifying a Priority Scheduler for an SCJ Runtime Environment,Integrated Formal Methods,,,,10.1007/978-3-319-33693-0_5,Leo FreitasJames BaxterAna CavalcantiAndy Wellings,2016,https://link.springer.com/chapter/10.1007/978-3-319-33693-0_5,Conference paper
Abstract Interpretation with Unfoldings,Computer Aided Verification,,,,10.1007/978-3-319-63390-9_11,Marcelo SousaCésar RodríguezVijay D’SilvaDaniel Kroening,2017,https://link.springer.com/chapter/10.1007/978-3-319-63390-9_11,Conference paper
Formal Verification of the Correspondence Between Call-by-Need and Call-by-Name,Functional and Logic Programming,,,,10.1007/978-3-319-90686-7_1,Masayuki MizunoEijiro Sumii,2018,https://link.springer.com/chapter/10.1007/978-3-319-90686-7_1,Conference paper
Real-Time Synthesis is Hard!,Formal Modeling and Analysis of Timed Systems,,,,10.1007/978-3-319-44878-7_7,Thomas BrihayeMorgane EstiévenartGilles GeeraertsHsi-Ming HoBenjamin MonmegeNathalie Sznajder,2016,https://link.springer.com/chapter/10.1007/978-3-319-44878-7_7,Conference paper
Effect Summaries for Thread-Modular Analysis,Static Analysis,,,,10.1007/978-3-319-66706-5_9,Lukáš HolíkRoland MeyerTomáš VojnarSebastian Wolff,2017,https://link.springer.com/chapter/10.1007/978-3-319-66706-5_9,Conference paper
Assertion Generation Through Active Learning,Formal Methods and Software Engineering,,,,10.1007/978-3-319-68690-5_11,Long H. PhamLy Ly Tran ThiJun Sun,2017,https://link.springer.com/chapter/10.1007/978-3-319-68690-5_11,Conference paper
An industry experiment on the effects of test-driven development on external quality and productivity,Empirical Software Engineering,,,,10.1007/s10664-016-9490-0,Ayse TosunOscar DiesteDavide FucciSira VegasBurak TurhanHakan ErdogmusAdrian SantosMarkku OivoKimmo ToroJanne JarvinenNatalia Juristo,2016,https://link.springer.com/article/10.1007/s10664-016-9490-0,Article
On the long-term use of visual gui testing in industrial practice: a case study,Empirical Software Engineering,,,,10.1007/s10664-016-9497-6,Emil AlégrothRobert Feldt,2017,https://link.springer.com/article/10.1007/s10664-016-9497-6,Article
Verification of asynchronous systems with an unspecified component,Acta Informatica,,,,10.1007/s00236-018-0317-x,Rosa AbbasiFatemeh GhassemiRamtin Khosravi,2018,https://link.springer.com/article/10.1007/s00236-018-0317-x,Article
MCaaS: Model Checking in the Cloud for Assurances of Adaptive Systems,Software Engineering for Self-Adaptive Systems III. Assurances,,,,10.1007/978-3-319-74183-3_5,Amir Molzam ShariflooAndreas Metzger,2017,https://link.springer.com/chapter/10.1007/978-3-319-74183-3_5,Conference paper
Evaluating Tools for Software Verification (Track Introduction),"Leveraging Applications of Formal Methods, Verification and Validation. Verification",,,,10.1007/978-3-030-03421-4_10,Markus SchordanDirk BeyerStephen F. Siegel,2018,https://link.springer.com/chapter/10.1007/978-3-030-03421-4_10,Conference paper
An Abstract Machine for Asynchronous Programs with Closures and Priority Queues,Reachability Problems,,,,10.1007/978-3-319-67089-8_5,Davide AnconaGiorgio DelzannoLuca FranceschiniMaurizio LeottaEnrico PrampoliniMarina RibaudoFilippo Ricca,2017,https://link.springer.com/chapter/10.1007/978-3-319-67089-8_5,Conference paper
Formal probabilistic analysis of a surgical robot control algorithm with different virtual fixtures,Innovations in Systems and Software Engineering,,,,10.1007/s11334-018-0315-8,Muhammad Saad AyubOsman Hasan,2018,https://link.springer.com/article/10.1007/s11334-018-0315-8,Article
Verifying a Copying Garbage Collector in GP 2,Software Technologies: Applications and Foundations,,,,10.1007/978-3-030-04771-9_34,Gia S. WulandariDetlef Plump,2018,https://link.springer.com/chapter/10.1007/978-3-030-04771-9_34,Conference paper
MGHyper: Checking Satisfiability of&#xa0;HyperLTL Formulas Beyond the $$\exists ^*\forall ^*$$ Fragment,Automated Technology for Verification and Analysis,,,,10.1007/978-3-030-01090-4_31,Bernd FinkbeinerChristopher HahnTobias Hans,2018,https://link.springer.com/chapter/10.1007/978-3-030-01090-4_31,Conference paper
Transformational Semantics on a Tree Bank,New Frontiers in Artificial Intelligence,,,,10.1007/978-3-319-93794-6_17,Oleg Kiselyov,2018,https://link.springer.com/chapter/10.1007/978-3-319-93794-6_17,Conference paper
"Online, library-based visual formal specification monitoring system for monitoring log-files with visible and hidden data",Innovations in Systems and Software Engineering,,,,10.1007/s11334-016-0286-6,Doron Drusinsky,2016,https://link.springer.com/article/10.1007/s11334-016-0286-6,Article
Revisiting Bounded Reachability Analysis of Timed Automata Based on MILP,Formal Methods for Industrial Critical Systems,,,,10.1007/978-3-030-00244-2_18,Iulian Ober,2018,https://link.springer.com/chapter/10.1007/978-3-030-00244-2_18,Conference paper
Lazy Self-composition for Security Verification,Computer Aided Verification,,,,10.1007/978-3-319-96142-2_11,Weikun YangYakir VizelPramod SubramanyanAarti GuptaSharad Malik,2018,https://link.springer.com/chapter/10.1007/978-3-319-96142-2_11,Conference paper
Software Architecture Measurement—Experiences from a Multinational Company,Software Architecture,,,,10.1007/978-3-030-00761-4_20,Wensheng WuYuanfang CaiRick KazmanRan MoZhipeng LiuRongbiao ChenYingan GeWeicai LiuJunhui Zhang,2018,https://link.springer.com/chapter/10.1007/978-3-030-00761-4_20,Conference paper
Modular Verification of Procedure Equivalence in the Presence of Memory Allocation,Programming Languages and Systems,,,,10.1007/978-3-662-54434-1_35,Tim WoodSophia DrossopolouShuvendu K. LahiriSusan Eisenbach,2017,https://link.springer.com/chapter/10.1007/978-3-662-54434-1_35,Conference paper
Combining Forward and Backward Abstract Interpretation of Horn Clauses,Static Analysis,,,,10.1007/978-3-319-66706-5_2,Alexey BakhirkinDavid Monniaux,2017,https://link.springer.com/chapter/10.1007/978-3-319-66706-5_2,Conference paper
Comprehensibility of system models during test design: a controlled experiment comparing UML activity diagrams and state machines,Software Quality Journal,,,,10.1007/s11219-018-9407-9,Michael FeldererAndrea Herrmann,2018,https://link.springer.com/article/10.1007/s11219-018-9407-9,Article
Clarification of Ambiguity for the Simple Authentication and Security Layer,"Abstract State Machines, Alloy, B, TLA, VDM, and Z",,,,10.1007/978-3-319-91271-4_13,Farah Al-ShareefiAlexei LisitsaClare Dixon,2018,https://link.springer.com/chapter/10.1007/978-3-319-91271-4_13,Conference paper
From Model Checking to Runtime Verification&#xa0;and Back,Runtime Verification,,,,10.1007/978-3-319-67531-2_14,Katarína KejstováPetr RočkaiJiří Barnat,2017,https://link.springer.com/chapter/10.1007/978-3-319-67531-2_14,Conference paper
Computing Exact Loop Bounds for Bounded Program Verification,"Dependable Software Engineering. Theories, Tools, and Applications",,,,10.1007/978-3-319-69483-2_9,Tianhai LiuShmuel TyszberowiczBernhard BeckertMana Taghdiri,2017,https://link.springer.com/chapter/10.1007/978-3-319-69483-2_9,Conference paper
Enforcing Programming Guidelines with Region Types and Effects,Programming Languages and Systems,,,,10.1007/978-3-319-71237-6_5,Serdar ErbaturMartin HofmannEugen Zălinescu,2017,https://link.springer.com/chapter/10.1007/978-3-319-71237-6_5,Conference paper
Identifying Class Integration Test Order Using an Improved Genetic Algorithm-Based Approach,Software Technologies,,,,10.1007/978-3-319-93641-3_8,Istvan Gergely CzibulaGabriela CzibulaZsuzsanna Marian,2018,https://link.springer.com/chapter/10.1007/978-3-319-93641-3_8,Conference paper
Effective Test Suite Design for Detecting Concurrency Control Faults in Distributed Transaction Systems,"Leveraging Applications of Formal Methods, Verification and Validation. Distributed Systems",,,,10.1007/978-3-030-03424-5_24,Simin CaiBarbara GallinaDag NyströmCristina Seceleanu,2018,https://link.springer.com/chapter/10.1007/978-3-030-03424-5_24,Conference paper
PSML: parallel system modeling and simulation language for electronic system level,The Journal of Supercomputing,,,,10.1007/s11227-018-2682-1,Alireza PoshtkohiM. B. Ghaznavi-GhoushchiKamyar Saghafi,2018,https://link.springer.com/article/10.1007/s11227-018-2682-1,Article
Test Suite Reduction in Idempotence Testing of Infrastructure as Code,Tests and Proofs,,,,10.1007/978-3-319-61467-0_6,Katsuhiko IkeshitaFuyuki IshikawaShinichi Honiden,2017,https://link.springer.com/chapter/10.1007/978-3-319-61467-0_6,Conference paper
Textual User Requirements Notation,"System Analysis and Modeling. Languages, Methods, and Tools for Systems Engineering",,,,10.1007/978-3-030-01042-3_10,Ruchika KumarGunter Mussbacher,2018,https://link.springer.com/chapter/10.1007/978-3-030-01042-3_10,Conference paper
Checkpoint/Rollback vs Causally-Consistent Reversibility,Reversible Computation,,,,10.1007/978-3-319-99498-7_20,Martin VassorJean-Bernard Stefani,2018,https://link.springer.com/chapter/10.1007/978-3-319-99498-7_20,Conference paper
A Description Logic Based Knowledge Representation Model for Concept Understanding,Agents and Artificial Intelligence,,,,10.1007/978-3-319-93581-2_1,Farshad Badie,2018,https://link.springer.com/chapter/10.1007/978-3-319-93581-2_1,Conference paper
A Proof Strategy Language and Proof Script Generation for Isabelle/HOL,Automated Deduction – CADE 26,,,,10.1007/978-3-319-63046-5_32,Yutaka NagashimaRamana Kumar,2017,https://link.springer.com/chapter/10.1007/978-3-319-63046-5_32,Conference paper
Inferring Safe Maude Programs with ÁTAME,Mathematical Software – ICMS 2018,,,,10.1007/978-3-319-96418-8_1,María AlpuenteDemis BallisJulia Sapiña,2018,https://link.springer.com/chapter/10.1007/978-3-319-96418-8_1,Conference paper
Efficient Model Construction for Horn Logic with VLog,Automated Reasoning,,,,10.1007/978-3-319-94205-6_44,Jacopo UrbaniMarkus KrötzschCeriel JacobsIrina DragosteDavid Carral,2018,https://link.springer.com/chapter/10.1007/978-3-319-94205-6_44,Conference paper
CABSL – C-Based Agent Behavior Specification Language,RoboCup 2017: Robot World Cup XXI,,,,10.1007/978-3-030-00308-1_11,Thomas Röfer,2018,https://link.springer.com/chapter/10.1007/978-3-030-00308-1_11,Conference paper
The VerCors Tool Set: Verification of Parallel and Concurrent Software,Integrated Formal Methods,,,,10.1007/978-3-319-66845-1_7,Stefan BlomSaeed DarabiMarieke HuismanWytse Oortwijn,2017,https://link.springer.com/chapter/10.1007/978-3-319-66845-1_7,Conference paper
Complementary test selection criteria for model-based testing of security components,International Journal on Software Tools for Technology Transfer,,,,10.1007/s10009-018-0489-2,Julien BotellaJean-François CapuronFrédéric DadeauElizabeta FourneretBruno LegeardFlorence Schadle,2018,https://link.springer.com/article/10.1007/s10009-018-0489-2,Article
A Calculus of Virtually Timed Ambients,Recent Trends in Algebraic Development Techniques,,,,10.1007/978-3-319-72044-9_7,Einar Broch JohnsenMartin SteffenJohanna Beate Stumpf,2017,https://link.springer.com/chapter/10.1007/978-3-319-72044-9_7,Conference paper
Marlowe: Financial Contracts on Blockchain,"Leveraging Applications of Formal Methods, Verification and Validation. Industrial Practice",,,,10.1007/978-3-030-03427-6_27,Pablo Lamela SeijasSimon Thompson,2018,https://link.springer.com/chapter/10.1007/978-3-030-03427-6_27,Conference paper
"Advances in probabilistic model checking with PRISM: variable reordering, quantiles and weak deterministic Büchi automata",International Journal on Software Tools for Technology Transfer,,,,10.1007/s10009-017-0456-3,Joachim KleinChristel BaierPhilipp ChrszonMarcus DaumClemens DubslaffSascha KlüppelholzSteffen MärckerDavid Müller,2017,https://link.springer.com/article/10.1007/s10009-017-0456-3,Article
Answer Set Programming for Declarative Content Specification: A Scalable Partitioning-Based Approach,AI*IA 2018 – Advances in Artificial Intelligence,,,,10.1007/978-3-030-03840-3_17,Francesco CalimeriStefano GermanoGiovambattista IanniFrancesco PacenzaArmando PezzimentiAndrea Tucci,2018,https://link.springer.com/chapter/10.1007/978-3-030-03840-3_17,Conference paper
Getting the Priorities Right: Saturation for Prioritised Petri Nets,Application and Theory of Petri Nets and Concurrency,,,,10.1007/978-3-319-57861-3_14,Kristóf MarussyVince MolnárAndrás VörösIstván Majzik,2017,https://link.springer.com/chapter/10.1007/978-3-319-57861-3_14,Conference paper
General Lessons from a Rely/Guarantee Development,"Dependable Software Engineering. Theories, Tools, and Applications",,,,10.1007/978-3-319-69483-2_1,Cliff B. JonesAndrius VelykisNisansala Yatapanage,2017,https://link.springer.com/chapter/10.1007/978-3-319-69483-2_1,Conference paper
Fast deterministic parsers for transition networks,Acta Informatica,,,,10.1007/s00236-017-0308-3,Angelo BorsottiLuca BreveglieriStefano Crespi ReghizziAngelo Morzenti,2017,https://link.springer.com/article/10.1007/s00236-017-0308-3,Article
Sound Black-Box Checking in the LearnLib,NASA Formal Methods,,,,10.1007/978-3-319-77935-5_24,Jeroen MeijerJaco van de Pol,2018,https://link.springer.com/chapter/10.1007/978-3-319-77935-5_24,Conference paper
Rigorous development process of a safety-critical system: from ASM models to Java code,International Journal on Software Tools for Technology Transfer,,,,10.1007/s10009-015-0394-x,Paolo ArcainiAngelo GargantiniElvinia Riccobene,2015,https://link.springer.com/article/10.1007/s10009-015-0394-x,Article
On the automated translational execution of the action language for foundational UML,Software & Systems Modeling,,,,10.1007/s10270-016-0556-7,Federico Ciccozzi,2016,https://link.springer.com/article/10.1007/s10270-016-0556-7,Article
A large-scale study of call graph-based impact prediction using mutation testing,Software Quality Journal,,,,10.1007/s11219-016-9332-8,Vincenzo MuscoMartin MonperrusPhilippe Preux,2016,https://link.springer.com/article/10.1007/s11219-016-9332-8,Article
Test-Data Generation for Testing Parallel Real-Time Systems,Testing Software and Systems,,,,10.1007/978-3-319-25945-1_13,Muhammad Waqar AzizSyed Abdul Baqi Shah,2015,https://link.springer.com/chapter/10.1007/978-3-319-25945-1_13,Conference paper
Test case selection using multi-criteria optimization for effective fault localization,Computing,,,,10.1007/s00607-018-0610-0,Ke-chao WangTian-tian WangXiao-hong Su,2018,https://link.springer.com/article/10.1007/s00607-018-0610-0,Article
Verifying Bounded Subset-Closed Hyperproperties,Static Analysis,,,,10.1007/978-3-319-99725-4_17,Isabella MastroeniMichele Pasqua,2018,https://link.springer.com/chapter/10.1007/978-3-319-99725-4_17,Conference paper
A Formal Framework for Specifying and Verifying Microservices Based Process Flows,Software Engineering and Formal Methods,,,,10.1007/978-3-319-74781-1_14,Matteo CamilliCarlo BellettiniLorenzo CapraMattia Monga,2018,https://link.springer.com/chapter/10.1007/978-3-319-74781-1_14,Conference paper
Programming and Proving with Classical Types,Programming Languages and Systems,,,,10.1007/978-3-319-71237-6_11,Cristina MatacheVictor B. F. GomesDominic P. Mulligan,2017,https://link.springer.com/chapter/10.1007/978-3-319-71237-6_11,Conference paper
Modular Verification of Information Flow Security in Component-Based Systems,Software Engineering and Formal Methods,,,,10.1007/978-3-319-66197-1_19,Simon GreinerMartin MohrBernhard Beckert,2017,https://link.springer.com/chapter/10.1007/978-3-319-66197-1_19,Conference paper
"A qualitative assessment of <span class=""mathjax-tex"">\(\alpha \)</span>Rby in the perspective of the supervisory control theory",International Journal on Software Tools for Technology Transfer,,,,10.1007/s10009-017-0461-6,Maxime RouthierRichard St-Denis,2017,https://link.springer.com/article/10.1007/s10009-017-0461-6,Article
MiniZinc with Strings,Logic-Based Program Synthesis and Transformation,,,,10.1007/978-3-319-63139-4_4,Roberto AmadiniPierre FlenerJustin PearsonJoseph D. ScottPeter J. StuckeyGuido Tack,2017,https://link.springer.com/chapter/10.1007/978-3-319-63139-4_4,Conference paper
Specifying and Incorporating Compliance Requirements into Software Development Using UML and OCL,Computational Science and Its Applications – ICCSA 2018,,,,10.1007/978-3-319-95171-3_40,Oluwasefunmi Tale ArogundadeTemitope Elizabeth AbioyeAbiodun Muyideen MustaphaAdeola Mary AdenijiAbiodun Motunrayo IkotunFranklin O. Asahiah,2018,https://link.springer.com/chapter/10.1007/978-3-319-95171-3_40,Conference paper
Cloud Certification Process Validation Using Formal Methods,Service-Oriented Computing,,,,10.1007/978-3-319-69035-3_5,Maria KrotsianiChristos KloukinasGeorge Spanoudakis,2017,https://link.springer.com/chapter/10.1007/978-3-319-69035-3_5,Conference paper
"Three Is a Crowd: SAT, SMT and CLP on a Chessboard",Practical Aspects of Declarative Languages,,,,10.1007/978-3-319-73305-0_5,Sebastian KringsMichael LeuschelPhilipp KörnerStefan HallerstedeMiran Hasanagić,2018,https://link.springer.com/chapter/10.1007/978-3-319-73305-0_5,Conference paper
Testing the IPC Protocol for a Real-Time Operating System,"Verified Software: Theories, Tools, and Experiments",,,,10.1007/978-3-319-29613-5_3,Achim D. BruckerOto HavleYakoub NemouchiBurkhart Wolff,2016,https://link.springer.com/chapter/10.1007/978-3-319-29613-5_3,Conference paper
On negative results when using sentiment analysis tools for software engineering research,Empirical Software Engineering,,,,10.1007/s10664-016-9493-x,Robbert JongelingProshanta SarkarSubhajit DattaAlexander Serebrenik,2017,https://link.springer.com/article/10.1007/s10664-016-9493-x,Article
Code Obfuscation Against Abstract Model Checking Attacks,"Verification, Model Checking, and Abstract Interpretation",,,,10.1007/978-3-319-73721-8_5,Roberto BruniRoberto GiacobazziRoberta Gori,2018,https://link.springer.com/chapter/10.1007/978-3-319-73721-8_5,Conference paper
Symbolic Reasoning Methods in Rewriting Logic and Maude,"Logic, Language, Information, and Computation",,,,10.1007/978-3-662-57669-4_2,José Meseguer,2018,https://link.springer.com/chapter/10.1007/978-3-662-57669-4_2,Conference paper
Proving Absence of Starvation by Means of&#xa0;Abstract Interpretation and Model Checking,Automated Technology for Verification and Analysis,,,,10.1007/978-3-319-68167-2_1,Helmut SeidlRalf Vogler,2017,https://link.springer.com/chapter/10.1007/978-3-319-68167-2_1,Conference paper
An Ontology-Driven Probabilistic Soft Logic Approach to Improve NLP Entity Annotations,The Semantic Web – ISWC 2018,,,,10.1007/978-3-030-00671-6_9,Marco Rospocher,2018,https://link.springer.com/chapter/10.1007/978-3-030-00671-6_9,Conference paper
EVE: A Tool for Temporal Equilibrium Analysis,Automated Technology for Verification and Analysis,,,,10.1007/978-3-030-01090-4_35,Julian GutierrezMuhammad NajibGiuseppe PerelliMichael Wooldridge,2018,https://link.springer.com/chapter/10.1007/978-3-030-01090-4_35,Conference paper
Formal Parameter Synthesis for Energy-Utility-Optimal Fault Tolerance,Computer Performance Engineering,,,,10.1007/978-3-030-02227-3_6,Linda HerrmannChristel BaierChristof FetzerSascha KlüppelholzMarkus Napierkowski,2018,https://link.springer.com/chapter/10.1007/978-3-030-02227-3_6,Conference paper
Making Whiley Boogie!,Integrated Formal Methods,,,,10.1007/978-3-319-66845-1_5,Mark UttingDavid J. PearceLindsay Groves,2017,https://link.springer.com/chapter/10.1007/978-3-319-66845-1_5,Conference paper
Experimental evaluation of a novel equivalence class partition testing strategy,Software & Systems Modeling,,,,10.1007/s10270-017-0595-8,Felix HübnerWen-ling HuangJan Peleska,2017,https://link.springer.com/article/10.1007/s10270-017-0595-8,Article
A Rule-Based Approach to Analyzing Database Schema Objects with Datalog,Logic-Based Program Synthesis and Transformation,,,,10.1007/978-3-319-94460-9_2,Christiane EngelsAndreas BehrendStefan Brass,2018,https://link.springer.com/chapter/10.1007/978-3-319-94460-9_2,Conference paper
Compositional Verification of Compiler Optimisations on Relaxed Memory,Programming Languages and Systems,,,,10.1007/978-3-319-89884-1_36,Mike DoddsMark BattyAlexey Gotsman,2018,https://link.springer.com/chapter/10.1007/978-3-319-89884-1_36,Conference paper
Finding All Minimum-Size DFA Consistent with&#xa0;Given Examples: SAT-Based Approach,Software Engineering and Formal Methods,,,,10.1007/978-3-319-74781-1_9,Ilya ZakirzyanovAnatoly ShalytoVladimir Ulyantsev,2018,https://link.springer.com/chapter/10.1007/978-3-319-74781-1_9,Conference paper
Unit testing performance with Stochastic Performance Logic,Automated Software Engineering,,,,10.1007/s10515-015-0188-0,Lubomír BulejTomáš BurešVojtěch HorkýJaroslav KotrčLukáš MarekTomáš TrojánekPetr Tůma,2016,https://link.springer.com/article/10.1007/s10515-015-0188-0,Article
From SysML to Model Checkers via Model Transformation,Model Checking Software,,,,10.1007/978-3-319-94111-0_15,Martin KölblStefan LeueHargurbir Singh,2018,https://link.springer.com/chapter/10.1007/978-3-319-94111-0_15,Conference paper
Monitoring Hyperproperties by Combining Static Analysis and Runtime Verification,"Leveraging Applications of Formal Methods, Verification and Validation. Verification",,,,10.1007/978-3-030-03421-4_2,Borzoo BonakdarpourCesar SanchezGerardo Schneider,2018,https://link.springer.com/chapter/10.1007/978-3-030-03421-4_2,Conference paper
Using Abstract Interpretation to Correct Synchronization Faults,"Verification, Model Checking, and Abstract Interpretation",,,,10.1007/978-3-319-52234-0_11,Pietro FerraraOmer TrippPeng LiuEric Koskinen,2017,https://link.springer.com/chapter/10.1007/978-3-319-52234-0_11,Conference paper
Ultimate Automizer with an On-Demand Construction of Floyd-Hoare Automata,Tools and Algorithms for the Construction and Analysis of Systems,,,,10.1007/978-3-662-54580-5_30,Matthias HeizmannYu-Wen ChenDaniel DietschMarius GreitschusAlexander NutzBetim MusaClaus SchätzleChristian SchillingFrank SchüsseleAndreas Podelski,2017,https://link.springer.com/chapter/10.1007/978-3-662-54580-5_30,Conference paper
A Comparison of Two N-Best Extraction Methods for Weighted Tree Automata,Implementation and Application of Automata,,,,10.1007/978-3-319-94812-6_9,Johanna BjörklundFrank DrewesAnna Jonsson,2018,https://link.springer.com/chapter/10.1007/978-3-319-94812-6_9,Conference paper
Formalised EMFTVM bytecode language for sound verification of model transformations,Software & Systems Modeling,,,,10.1007/s10270-016-0553-x,Zheng ChengRosemary MonahanJames F. Power,2016,https://link.springer.com/article/10.1007/s10270-016-0553-x,Article
Survey on the Applicability of Textual Notations for the Unified Modeling Language,Model-Driven Engineering and Software Development,,,,10.1007/978-3-319-66302-9_1,Stephan SeifermannHenning Groenda,2017,https://link.springer.com/chapter/10.1007/978-3-319-66302-9_1,Conference paper
RTD-Finder: A Tool for Compositional Verification of Real-Time Component-Based Systems,Tools and Algorithms for the Construction and Analysis of Systems,,,,10.1007/978-3-662-49674-9_23,Souha Ben-RayanaMarius BozgaSaddek BensalemJacques Combaz,2016,https://link.springer.com/chapter/10.1007/978-3-662-49674-9_23,Conference paper
Uncertainty-Wise Cyber-Physical System test modeling,Software & Systems Modeling,,,,10.1007/s10270-017-0609-6,Man ZhangShaukat AliTao YueRoland NorgrenOscar Okariz,2017,https://link.springer.com/article/10.1007/s10270-017-0609-6,Article
Mode-Aware Concolic Testing for PLC Software,Integrated Formal Methods,,,,10.1007/978-3-319-98938-9_21,Hendrik SimonStefan Kowalewski,2018,https://link.springer.com/chapter/10.1007/978-3-319-98938-9_21,Conference paper
C++11/14 Mutation Operators Based on Common Fault Patterns,Testing Software and Systems,,,,10.1007/978-3-319-99927-2_9,Ali ParsaiSerge DemeyerSeph De Busser,2018,https://link.springer.com/chapter/10.1007/978-3-319-99927-2_9,Conference paper
Extended Code Coverage for AspectJ-Based Runtime Verification Tools,Runtime Verification,,,,10.1007/978-3-319-46982-9_14,Omar JavedYudi ZhengAndrea RosàHaiyang SunWalter Binder,2016,https://link.springer.com/chapter/10.1007/978-3-319-46982-9_14,Conference paper
GoCo: planning expressive commitment protocols,Autonomous Agents and Multi-Agent Systems,,,,10.1007/s10458-018-9385-0,Felipe MeneguzziMauricio C. MagnaguagnoMunindar P. SinghPankaj R. TelangNeil Yorke-Smith,2018,https://link.springer.com/article/10.1007/s10458-018-9385-0,Article
Reverse engineering concurrent UML state machines using black box testing and genetic programming,Innovations in Systems and Software Engineering,,,,10.1007/s11334-017-0299-9,Doron Drusinsky,2017,https://link.springer.com/article/10.1007/s11334-017-0299-9,Article
Relational Equivalence Proofs Between Imperative and MapReduce Algorithms,"Verified Software. Theories, Tools, and Experiments",,,,10.1007/978-3-030-03592-1_14,Bernhard BeckertTimo BingmannMoritz KieferPeter SandersMattias UlbrichAlexander Weigl,2018,https://link.springer.com/chapter/10.1007/978-3-030-03592-1_14,Conference paper
Thread-Local Semantics and Its Efficient Sequential Abstractions for Race-Free Programs,Static Analysis,,,,10.1007/978-3-319-66706-5_13,Suvam MukherjeeOded PadonSharon ShohamDeepak D’SouzaNoam Rinetzky,2017,https://link.springer.com/chapter/10.1007/978-3-319-66706-5_13,Conference paper
Canonicalizing High-Level Constructs in Picat,Practical Aspects of Declarative Languages,,,,10.1007/978-3-319-51676-9_2,Neng-Fa ZhouJonathan Fruhman,2017,https://link.springer.com/chapter/10.1007/978-3-319-51676-9_2,Conference paper
Reversible Choreographies via Monitoring in Erlang,Distributed Applications and Interoperable Systems,,,,10.1007/978-3-319-93767-0_6,Adrian FrancalanzaClaudio Antares MezzinaEmilio Tuosto,2018,https://link.springer.com/chapter/10.1007/978-3-319-93767-0_6,Conference paper
Runtime Visualization and Verification in JIVE,Runtime Verification,,,,10.1007/978-3-319-46982-9_33,Lukasz ZiarekBharat JayaramanDemian LessaJ. Swaminathan,2016,https://link.springer.com/chapter/10.1007/978-3-319-46982-9_33,Conference paper
Dynamic Symbolic Verification of MPI Programs,Formal Methods,,,,10.1007/978-3-319-95582-7_28,Dhriti KhannaSubodh SharmaCésar RodríguezRahul Purandare,2018,https://link.springer.com/chapter/10.1007/978-3-319-95582-7_28,Conference paper
Template-based model generation,Software & Systems Modeling,,,,10.1007/s10270-017-0634-5,Xiao HeTian ZhangMinxue PanZhiyi MaChang-Jun Hu,2017,https://link.springer.com/article/10.1007/s10270-017-0634-5,Article
Signal Convolution Logic,Automated Technology for Verification and Analysis,,,,10.1007/978-3-030-01090-4_16,Simone SilvettiLaura NenziEzio BartocciLuca Bortolussi,2018,https://link.springer.com/chapter/10.1007/978-3-030-01090-4_16,Conference paper
Deadlock Analysis of Service-Oriented Systems with Recursion and Concurrency,Advances in Service-Oriented and Cloud Computing,,,,10.1007/978-3-319-72125-5_20,Mandy Weißbach,2018,https://link.springer.com/chapter/10.1007/978-3-319-72125-5_20,Conference paper
Deductive Verification in Decidable Fragments with Ivy,Static Analysis,,,,10.1007/978-3-319-99725-4_4,Kenneth L. McMillanOded Padon,2018,https://link.springer.com/chapter/10.1007/978-3-319-99725-4_4,Conference paper
"Locally Abstract, Globally Concrete Semantics of Concurrent Programming Languages",Automated Reasoning with Analytic Tableaux and Related Methods,,,,10.1007/978-3-319-66902-1_2,Crystal Chang DinReiner HähnleEinar Broch JohnsenKa I PunSilvia Lizeth Tapia Tarifa,2017,https://link.springer.com/chapter/10.1007/978-3-319-66902-1_2,Conference paper
Program Verification in the Presence of I/O,"Verified Software. Theories, Tools, and Experiments",,,,10.1007/978-3-030-03592-1_6,Hugo FéréeJohannes Åman PohjolaRamana KumarScott OwensMagnus O. MyreenSon Ho,2018,https://link.springer.com/chapter/10.1007/978-3-030-03592-1_6,Conference paper
Automatic Verification of RMA Programs via Abstraction Extrapolation,"Verification, Model Checking, and Abstract Interpretation",,,,10.1007/978-3-319-73721-8_3,Cedric BaumannAndrei Marian DanYuri MeshmanTorsten HoeflerMartin Vechev,2018,https://link.springer.com/chapter/10.1007/978-3-319-73721-8_3,Conference paper
Verifying Higher-Order Functions with Tree Automata,Foundations of Software Science and Computation Structures,,,,10.1007/978-3-319-89366-2_31,Thomas GenetTimothée HaudebourgThomas Jensen,2018,https://link.springer.com/chapter/10.1007/978-3-319-89366-2_31,Conference paper
Software defect prediction: do different classifiers find the same defects?,Software Quality Journal,,,,10.1007/s11219-016-9353-3,David BowesTracy HallJean Petrić,2017,https://link.springer.com/article/10.1007/s11219-016-9353-3,Article
Toward Compositional Verification of Interruptible OS Kernels and Device Drivers,Journal of Automated Reasoning,,,,10.1007/s10817-017-9446-0,Hao ChenXiongnan WuZhong ShaoJoshua LockermanRonghui Gu,2017,https://link.springer.com/article/10.1007/s10817-017-9446-0,Article
Checking Response-Time Properties of Web-Service Applications Under Stochastic User Profiles,Testing Software and Systems,,,,10.1007/978-3-319-67549-7_18,Richard SchumiPriska LangBernhard K. AichernigWillibald KrennRupert Schlick,2017,https://link.springer.com/chapter/10.1007/978-3-319-67549-7_18,Conference paper
Timing consistency checking for UML/MARTE behavioral models,Software Quality Journal,,,,10.1007/s11219-015-9290-6,Jinho ChoiEunkyoung JeeDoo-Hwan Bae,2015,https://link.springer.com/article/10.1007/s11219-015-9290-6,Article
Automated Recurrence Analysis for Almost-Linear Expected-Runtime Bounds,Computer Aided Verification,,,,10.1007/978-3-319-63387-9_6,Krishnendu ChatterjeeHongfei FuAniket Murhekar,2017,https://link.springer.com/chapter/10.1007/978-3-319-63387-9_6,Conference paper
Towards Verifying VDM Using SPIN,Formal Techniques for Safety-Critical Systems,,,,10.1007/978-3-319-29510-7_14,Hsin-Hung LinYoichi OmoriShigeru KusakabeKeijiro Araki,2016,https://link.springer.com/chapter/10.1007/978-3-319-29510-7_14,Conference paper
Automatic Detection of Synchronization Errors in Codes that Target the Open Community Runtime,Euro-Par 2018: Parallel Processing,,,,10.1007/978-3-319-96983-1_1,Jiri DokulilJana Katreniakova,2018,https://link.springer.com/chapter/10.1007/978-3-319-96983-1_1,Conference paper
Cheap Remarks About Concurrent Programs,Functional and Logic Programming,,,,10.1007/978-3-319-90686-7_17,Michael WalkerColin Runciman,2018,https://link.springer.com/chapter/10.1007/978-3-319-90686-7_17,Conference paper
"Qualitative and quantitative analysis of safety-critical systems with <InlineEquation ID=""IEq1"">
                
                  
                
              </InlineEquation>
        ",International Journal on Software Tools for Technology Transfer,,,,10.1007/s10009-017-0464-3,Johannes LeupolzAlexander KnappAxel HabermaierWolfgang Reif,2017,https://link.springer.com/article/10.1007/s10009-017-0464-3,Article
Bit-Vector Model Counting Using Statistical Estimation,Tools and Algorithms for the Construction and Analysis of Systems,,,,10.1007/978-3-319-89960-2_8,Seonmo KimStephen McCamant,2018,https://link.springer.com/chapter/10.1007/978-3-319-89960-2_8,Conference paper
OpenSAW: Open Security Analysis Workbench,Fundamental Approaches to Software Engineering,,,,10.1007/978-3-662-54494-5_18,Noomene Ben HendaBjörn JohanssonPatrik LantzKarl NorrmanPasi SaarinenOskar Segersvärd,2017,https://link.springer.com/chapter/10.1007/978-3-662-54494-5_18,Conference paper
Model Learning as a Satisfiability Modulo Theories Problem,Language and Automata Theory and Applications,,,,10.1007/978-3-319-77313-1_14,Rick SmetsersPaul Fiterău-BroşteanFrits Vaandrager,2018,https://link.springer.com/chapter/10.1007/978-3-319-77313-1_14,Conference paper
Backwards and Forwards with Separation Logic,Interactive Theorem Proving,,,,10.1007/978-3-319-94821-8_5,Callum BannisterPeter HöfnerGerwin Klein,2018,https://link.springer.com/chapter/10.1007/978-3-319-94821-8_5,Conference paper
"Call-by-Need, Neededness and All That",Foundations of Software Science and Computation Structures,,,,10.1007/978-3-319-89366-2_13,Delia KesnerAlejandro RíosAndrés Viso,2018,https://link.springer.com/chapter/10.1007/978-3-319-89366-2_13,Conference paper
Random Additive Control Flow Error Detection,"Computer Safety, Reliability, and Security",,,,10.1007/978-3-319-99130-6_15,Jens VankeirsbilckNiels PennemanHans HallezJeroen Boydens,2018,https://link.springer.com/chapter/10.1007/978-3-319-99130-6_15,Conference paper
Formal analysis of pilot error with agent safety logic,Innovations in Systems and Software Engineering,,,,10.1007/s11334-017-0309-y,Seth AhrenbachAlwyn Goodloe,2018,https://link.springer.com/article/10.1007/s11334-017-0309-y,Article
IPL: An Integration Property Language for Multi-model Cyber-physical Systems,Formal Methods,,,,10.1007/978-3-319-95582-7_10,Ivan RuchkinJoshua SunshineGrant IraciBradley SchmerlDavid Garlan,2018,https://link.springer.com/chapter/10.1007/978-3-319-95582-7_10,Conference paper
Modular Software Fault Isolation as Abstract Interpretation,Static Analysis,,,,10.1007/978-3-319-99725-4_12,Frédéric BessonThomas JensenJulien Lepiller,2018,https://link.springer.com/chapter/10.1007/978-3-319-99725-4_12,Conference paper
A Comparative Study of Software Testing Techniques,Networked Systems,,,,10.1007/978-3-319-59647-1_27,Meriem AtifiAbdelaziz MamouniAbdelaziz Marzak,2017,https://link.springer.com/chapter/10.1007/978-3-319-59647-1_27,Conference paper
Refinement Based Formal Development of Human-Machine Interface,Software Technologies: Applications and Foundations,,,,10.1007/978-3-030-04771-9_19,Romain GenietNeeraj Kumar Singh,2018,https://link.springer.com/chapter/10.1007/978-3-030-04771-9_19,Conference paper
Temporal property patterns for model-based testing from UML/OCL,Software & Systems Modeling,,,,10.1007/s10270-017-0635-4,Frédéric DadeauElizabeta FourneretAbir Bouchelaghem,2017,https://link.springer.com/article/10.1007/s10270-017-0635-4,Article
Model Checking of C++ Programs Under the x86-TSO Memory Model,Formal Methods and Software Engineering,,,,10.1007/978-3-030-02450-5_8,Vladimír ŠtillJiří Barnat,2018,https://link.springer.com/chapter/10.1007/978-3-030-02450-5_8,Conference paper
Testing real-time systems from compositional symbolic specifications,International Journal on Software Tools for Technology Transfer,,,,10.1007/s10009-015-0390-1,Adriana C. DamascenoPatricia D. L. MachadoWilkerson L. Andrade,2015,https://link.springer.com/article/10.1007/s10009-015-0390-1,Article
Abstract State Machines with Exact Real Arithmetic,"Abstract State Machines, Alloy, B, TLA, VDM, and Z",,,,10.1007/978-3-319-91271-4_10,Christoph BeierleKlaus-Dieter Schewe,2018,https://link.springer.com/chapter/10.1007/978-3-319-91271-4_10,Conference paper
Similarity-based prioritization of test case automation,Software Quality Journal,,,,10.1007/s11219-017-9401-7,Daniel FlemströmPasqualina PotenaDaniel SundmarkWasif AfzalMarkus Bohlin,2018,https://link.springer.com/article/10.1007/s11219-017-9401-7,Article
Summarizing Software Artifacts: A Literature Review,Journal of Computer Science and Technology,,,,10.1007/s11390-016-1671-1,Najam NazarYan HuHe Jiang,2016,https://link.springer.com/article/10.1007/s11390-016-1671-1,Article
Index Appearance Record for Transforming Rabin Automata into Parity Automata,Tools and Algorithms for the Construction and Analysis of Systems,,,,10.1007/978-3-662-54577-5_26,Jan KřetínskýTobias MeggendorferClara WaldmannMaximilian Weininger,2017,https://link.springer.com/chapter/10.1007/978-3-662-54577-5_26,Conference paper
$$\mathsf {CoreFun}$$ : A Typed Functional Reversible Core Language,Reversible Computation,,,,10.1007/978-3-319-99498-7_21,Petur Andrias Højgaard JacobsenRobin KaarsgaardMichael Kirkedal Thomsen,2018,https://link.springer.com/chapter/10.1007/978-3-319-99498-7_21,Conference paper
Knowledge-based security testing of web applications by logic programming,International Journal on Software Tools for Technology Transfer,,,,10.1007/s10009-017-0472-3,Philipp ZechMichael FeldererRuth Breu,2017,https://link.springer.com/article/10.1007/s10009-017-0472-3,Article
Distributed Model Checking Using ProB,NASA Formal Methods,,,,10.1007/978-3-319-77935-5_18,Philipp KörnerJens Bendisposto,2018,https://link.springer.com/chapter/10.1007/978-3-319-77935-5_18,Conference paper
Erlang Code Evolution Control,Logic-Based Program Synthesis and Transformation,,,,10.1007/978-3-319-94460-9_8,David InsaSergio PérezJosep SilvaSalvador Tamarit,2018,https://link.springer.com/chapter/10.1007/978-3-319-94460-9_8,Conference paper
Verification of Time-Aware Business Processes Using Constrained Horn Clauses,Logic-Based Program Synthesis and Transformation,,,,10.1007/978-3-319-63139-4_3,Emanuele De AngelisFabio FioravantiMaria Chiara MeoAlberto PettorossiMaurizio Proietti,2017,https://link.springer.com/chapter/10.1007/978-3-319-63139-4_3,Conference paper
A Coinductive Approach to Proving Reachability Properties in Logically Constrained Term Rewriting Systems,Automated Reasoning,,,,10.1007/978-3-319-94205-6_20,Ştefan CiobâcăDorel Lucanu,2018,https://link.springer.com/chapter/10.1007/978-3-319-94205-6_20,Conference paper
Verified Certificate Checking for Counting Votes,"Verified Software. Theories, Tools, and Experiments",,,,10.1007/978-3-030-03592-1_5,Milad K. GhaleDirk PattinsonRamana KumarMichael Norrish,2018,https://link.springer.com/chapter/10.1007/978-3-030-03592-1_5,Conference paper
Efficient and scalable omniscient debugging for model transformations,Software Quality Journal,,,,10.1007/s11219-015-9304-4,Jonathan CorleyBrian P. EddyEugene SyrianiJeff Gray,2016,https://link.springer.com/article/10.1007/s11219-015-9304-4,Article
Translation of ATL to AGT and application to a code generator for Simulink,Software & Systems Modeling,,,,10.1007/s10270-017-0607-8,Elie RichaEtienne BordeLaurent Pautet,2017,https://link.springer.com/article/10.1007/s10270-017-0607-8,Article
Approximating Event System Abstractions by&#xa0;Covering Their States and Transitions,Perspectives of System Informatics,,,,10.1007/978-3-319-74313-4_16,Jacques JulliandOlga KouchnarenkoPierre-Alain MassonGuillaume Voiron,2018,https://link.springer.com/chapter/10.1007/978-3-319-74313-4_16,Conference paper
Learning Shape Analysis,Static Analysis,,,,10.1007/978-3-319-66706-5_4,Marc BrockschmidtYuxin ChenPushmeet KohliSiddharth KrishnaDaniel Tarlow,2017,https://link.springer.com/chapter/10.1007/978-3-319-66706-5_4,Conference paper
A feature-based classification of formal verification techniques for software models,Software & Systems Modeling,,,,10.1007/s10270-017-0591-z,Sebastian GabmeyerPetra KaufmannMartina SeidlMartin GogollaGerti Kappel,2017,https://link.springer.com/article/10.1007/s10270-017-0591-z,Article
"Life Sciences-Inspired Test Case Similarity Measures for Search-Based, FSM-Based Software Testing",Modelling Foundations and Applications,,,,10.1007/978-3-319-92997-2_13,Nesa AsoudehYvan Labiche,2018,https://link.springer.com/chapter/10.1007/978-3-319-92997-2_13,Conference paper
Verifying Controllability of Time-Aware Business Processes,Rules and Reasoning,,,,10.1007/978-3-319-61252-2_8,Emanuele De AngelisFabio FioravantiMaria Chiara MeoAlberto PettorossiMaurizio Proietti,2017,https://link.springer.com/chapter/10.1007/978-3-319-61252-2_8,Conference paper
"EAHyper: Satisfiability, Implication, and Equivalence Checking of Hyperproperties",Computer Aided Verification,,,,10.1007/978-3-319-63390-9_29,Bernd FinkbeinerChristopher HahnMarvin Stenger,2017,https://link.springer.com/chapter/10.1007/978-3-319-63390-9_29,Conference paper
ReTest: Framework for Applying TDD in the Development of Non-deterministic Algorithms,Agile Methods,,,,10.1007/978-3-319-55907-0_7,André A. S. IvoEduardo M. Guerra,2017,https://link.springer.com/chapter/10.1007/978-3-319-55907-0_7,Conference paper
Deadlock Detection for Actor-Based Coroutines,Formal Methods,,,,10.1007/978-3-319-95582-7_3,Keyvan AzadbakhtFrank S. de BoerErik de Vink,2018,https://link.springer.com/chapter/10.1007/978-3-319-95582-7_3,Conference paper
A Fragment of Linear Temporal Logic for Universal Very Weak Automata,Automated Technology for Verification and Analysis,,,,10.1007/978-3-030-01090-4_20,Keerthi AdabalaRüdiger Ehlers,2018,https://link.springer.com/chapter/10.1007/978-3-030-01090-4_20,Conference paper
Automated Verification of Concurrent Stochastic Games,Quantitative Evaluation of Systems,,,,10.1007/978-3-319-99154-2_14,Marta KwiatkowskaGethin NormanDavid ParkerGabriel Santos,2018,https://link.springer.com/chapter/10.1007/978-3-319-99154-2_14,Conference paper
Third International Competition on Runtime Verification,Runtime Verification,,,,10.1007/978-3-319-46982-9_3,Giles RegerSylvain HalléYliès Falcone,2016,https://link.springer.com/chapter/10.1007/978-3-319-46982-9_3,Conference paper
Towards a Unified View of Modeling and Programming,"Leveraging Applications of Formal Methods, Verification and Validation: Discussion, Dissemination, Applications",,,,10.1007/978-3-319-47169-3_17,Manfred BroyKlaus HavelundRahul Kumar,2016,https://link.springer.com/chapter/10.1007/978-3-319-47169-3_17,Conference paper
Quantitative Evaluation of Attack Defense Trees Using Stochastic Timed Automata,Graphical Models for Security,,,,10.1007/978-3-319-74860-3_5,René Rydhof HansenPeter Gjøl JensenKim Guldstrand LarsenAxel LegayDanny Bøgsted Poulsen,2018,https://link.springer.com/chapter/10.1007/978-3-319-74860-3_5,Conference paper
Symbolic Semantics for Multiparty Interactions in the Link-Calculus,SOFSEM 2017: Theory and Practice of Computer Science,,,,10.1007/978-3-319-51963-0_6,Linda BrodoCarlos Olarte,2017,https://link.springer.com/chapter/10.1007/978-3-319-51963-0_6,Conference paper
Relational Thread-Modular Abstract Interpretation Under Relaxed Memory Models,Programming Languages and Systems,,,,10.1007/978-3-030-02768-1_6,Thibault SuzanneAntoine Miné,2018,https://link.springer.com/chapter/10.1007/978-3-030-02768-1_6,Conference paper
A framework to specify system requirements using natural interpretation of UML/MARTE diagrams,Software & Systems Modeling,,,,10.1007/s10270-017-0588-7,Aamir M. KhanFrédéric MalletMuhammad Rashid,2017,https://link.springer.com/article/10.1007/s10270-017-0588-7,Article
On reversible Turing machines and their function universality,Acta Informatica,,,,10.1007/s00236-015-0253-y,Holger Bock AxelsenRobert Glück,2016,https://link.springer.com/article/10.1007/s00236-015-0253-y,Article
Specification and Verification of Synchronization with Condition Variables,Formal Techniques for Safety-Critical Systems,,,,10.1007/978-3-319-53946-1_1,Pedro de Carvalho GomesDilian GurovMarieke Huisman,2017,https://link.springer.com/chapter/10.1007/978-3-319-53946-1_1,Conference paper
A Holistic Approach for Soundness Verification of Decision-Aware Process Models,Conceptual Modeling,,,,10.1007/978-3-030-00847-5_17,Massimiliano de LeoniPaolo FelliMarco Montali,2018,https://link.springer.com/chapter/10.1007/978-3-030-00847-5_17,Conference paper
Verifying Temporal Properties of C Programs via Lazy Abstraction,Formal Methods and Software Engineering,,,,10.1007/978-3-319-68690-5_8,Zhao DuanCong TianZhenhua Duan,2017,https://link.springer.com/chapter/10.1007/978-3-319-68690-5_8,Conference paper
From high-level modeling toward efficient and trustworthy circuits,International Journal on Software Tools for Technology Transfer,,,,10.1007/s10009-017-0462-5,Fadi A. ZaraketMohamad JaberMohamad NoureddineYliès Falcone,2017,https://link.springer.com/article/10.1007/s10009-017-0462-5,Article
Analysing AWN-Specifications Using mCRL2 (Extended Abstract),Integrated Formal Methods,,,,10.1007/978-3-319-98938-9_23,Rob van GlabbeekPeter HöfnerDjurre van der Wal,2018,https://link.springer.com/chapter/10.1007/978-3-319-98938-9_23,Conference paper
Complexity and Resource Bound Analysis of Imperative Programs Using Difference Constraints,Journal of Automated Reasoning,,,,10.1007/s10817-016-9402-4,Moritz SinnFlorian ZulegerHelmut Veith,2017,https://link.springer.com/article/10.1007/s10817-016-9402-4,Article
Modular Verification of Concurrent Programs via Sequential Model Checking,Automated Technology for Verification and Analysis,,,,10.1007/978-3-030-01090-4_14,Dan RasinOrna GrumbergSharon Shoham,2018,https://link.springer.com/chapter/10.1007/978-3-030-01090-4_14,Conference paper
Software Verification: Testing vs. Model Checking,Hardware and Software: Verification and Testing,,,,10.1007/978-3-319-70389-3_7,Dirk BeyerThomas Lemberger,2017,https://link.springer.com/chapter/10.1007/978-3-319-70389-3_7,Conference paper
"Static versus Dynamic Verification in Why3, Frama-C and SPARK 2014","Leveraging Applications of Formal Methods, Verification and Validation: Foundational Techniques",,,,10.1007/978-3-319-47166-2_32,Nikolai KosmatovClaude MarchéYannick MoyJulien Signoles,2016,https://link.springer.com/chapter/10.1007/978-3-319-47166-2_32,Conference paper
Orchestration Combinators in Apla+ Language,Structured Object-Oriented Formal Language and Method,,,,10.1007/978-3-319-57708-1_1,Zhen YouJinyun Xue,2017,https://link.springer.com/chapter/10.1007/978-3-319-57708-1_1,Conference paper
Factorisation of Petri Net Solvable Transition Systems,Application and Theory of Petri Nets and Concurrency,,,,10.1007/978-3-319-91268-4_5,Raymond DevillersUli Schlachter,2018,https://link.springer.com/chapter/10.1007/978-3-319-91268-4_5,Conference paper
Bounded choice-free Petri net synthesis: algorithmic issues,Acta Informatica,,,,10.1007/s00236-017-0310-9,Eike BestRaymond DevillersUli Schlachter,2017,https://link.springer.com/article/10.1007/s00236-017-0310-9,Article
Model Checking Quantitative Hyperproperties,Computer Aided Verification,,,,10.1007/978-3-319-96145-3_8,Bernd FinkbeinerChristopher HahnHazem Torfah,2018,https://link.springer.com/chapter/10.1007/978-3-319-96145-3_8,Conference paper
A Verifier of Directed Acyclic Graphs for Model Checking with Memory Consistency Models,Hardware and Software: Verification and Testing,,,,10.1007/978-3-319-70389-3_4,Tatsuya Abe,2017,https://link.springer.com/chapter/10.1007/978-3-319-70389-3_4,Conference paper
Functional Big-Step Semantics,Programming Languages and Systems,,,,10.1007/978-3-662-49498-1_23,Scott OwensMagnus O. MyreenRamana KumarYong Kiam Tan,2016,https://link.springer.com/chapter/10.1007/978-3-662-49498-1_23,Conference paper
Compiling Parameterized X86-TSO Concurrent Programs to Cubicle- $$\mathcal {W}$$,Formal Methods and Software Engineering,,,,10.1007/978-3-319-68690-5_6,Sylvain ConchonDavid DeclerckFatiha Zaïdi,2017,https://link.springer.com/chapter/10.1007/978-3-319-68690-5_6,Conference paper
A New Functional-Logic Compiler for Curry: Sprite,Logic-Based Program Synthesis and Transformation,,,,10.1007/978-3-319-63139-4_6,Sergio AntoyAndy Jost,2017,https://link.springer.com/chapter/10.1007/978-3-319-63139-4_6,Conference paper
Android Platform Modeling and Android App Verification in the ACL2 Theorem Prover,"Verified Software: Theories, Tools, and Experiments",,,,10.1007/978-3-319-29613-5_11,Eric SmithAlessandro Coglio,2016,https://link.springer.com/chapter/10.1007/978-3-319-29613-5_11,Conference paper
An empirical study of crash-inducing commits in Mozilla Firefox,Software Quality Journal,,,,10.1007/s11219-017-9361-y,Le AnFoutse KhomhYann-Gaël Guéhéneuc,2017,https://link.springer.com/article/10.1007/s11219-017-9361-y,Article
Dealing with Priorities and Locks for Concurrent Programs,Automated Technology for Verification and Analysis,,,,10.1007/978-3-319-68167-2_15,Marcio DiazTayssir Touili,2017,https://link.springer.com/chapter/10.1007/978-3-319-68167-2_15,Conference paper
Synthesis of Obfuscation Policies to Ensure Privacy and Utility,Journal of Automated Reasoning,,,,10.1007/s10817-017-9420-x,Yi-Chin WuVasumathi RamanBlake C. RawlingsStéphane LafortuneSanjit A. Seshia,2017,https://link.springer.com/article/10.1007/s10817-017-9420-x,Article
Synthesizing Subtle Bugs with Known Witnesses,"Leveraging Applications of Formal Methods, Verification and Validation. Verification",,,,10.1007/978-3-030-03421-4_16,Marc JasperBernhard Steffen,2018,https://link.springer.com/chapter/10.1007/978-3-030-03421-4_16,Conference paper
Genetic Programming for Multi-objective Test&#xa0;Data Generation in Search Based&#xa0;Software&#xa0;Testing,AI 2017: Advances in Artificial Intelligence,,,,10.1007/978-3-319-63004-5_14,Jiatong HuoBing XueLin ShangMengjie Zhang,2017,https://link.springer.com/chapter/10.1007/978-3-319-63004-5_14,Conference paper
Runtime Verification at Work: A Tutorial,Runtime Verification,,,,10.1007/978-3-319-46982-9_5,Philip DaianDwight GuthChris HathhornYilong LiEdgar PekManasvi SaxenaTraian Florin ŞerbănuţăGrigore Roşu,2016,https://link.springer.com/chapter/10.1007/978-3-319-46982-9_5,Conference paper
An empirical study on the effects of code visibility on program testability,Software Quality Journal,,,,10.1007/s11219-016-9340-8,Lei MaCheng ZhangBing YuHiroyuki Sato,2016,https://link.springer.com/article/10.1007/s11219-016-9340-8,Article
Model Checking Indistinguishability of Randomized Security Protocols,Computer Aided Verification,,,,10.1007/978-3-319-96142-2_10,Matthew S. BauerRohit ChadhaA. Prasad SistlaMahesh Viswanathan,2018,https://link.springer.com/chapter/10.1007/978-3-319-96142-2_10,Conference paper
Generating valid grammar-based test inputs by means of genetic programming and annotated grammars,Empirical Software Engineering,,,,10.1007/s10664-015-9422-4,Fitsum Meshesha KifetewRoberto TiellaPaolo Tonella,2016,https://link.springer.com/article/10.1007/s10664-015-9422-4,Article
"Require, test, and trace IT",International Journal on Software Tools for Technology Transfer,,,,10.1007/s10009-016-0444-z,Bernhard K. AichernigKlaus HörmaierFlorian LorberDejan NičkovićStefan Tiran,2016,https://link.springer.com/article/10.1007/s10009-016-0444-z,Article
Uniform Modeling of Railway Operations,Formal Techniques for Safety-Critical Systems,,,,10.1007/978-3-319-53946-1_4,Eduard KamburjanReiner Hähnle,2017,https://link.springer.com/chapter/10.1007/978-3-319-53946-1_4,Conference paper
Symbolic verification of event–condition–action rules in intelligent environments,Journal of Reliable Intelligent Environments,,,,10.1007/s40860-017-0036-z,Claudia VannucchiMichelangelo DiamantiGianmarco MazzanteDiletta CacciagranoRosario CulmoneNikos GorogiannisLeonardo MostardaFranco Raimondi,2017,https://link.springer.com/article/10.1007/s40860-017-0036-z,Article
Classifying Bugs with Interpolants,Tests and Proofs,,,,10.1007/978-3-319-41135-4_9,Andreas PodelskiMartin SchäfThomas Wies,2016,https://link.springer.com/chapter/10.1007/978-3-319-41135-4_9,Conference paper
Lazy-CSeq 2.0: Combining Lazy Sequentialization with Abstract Interpretation,Tools and Algorithms for the Construction and Analysis of Systems,,,,10.1007/978-3-662-54580-5_26,Truc L. NguyenOmar InversoBernd FischerSalvatore La TorreGennaro Parlato,2017,https://link.springer.com/chapter/10.1007/978-3-662-54580-5_26,Conference paper
A Logical System for Modular Information Flow Verification,"Verification, Model Checking, and Abstract Interpretation",,,,10.1007/978-3-319-73721-8_20,Adi PrabawaMahmudul Faisal Al AmeenBenedict LeeWei-Ngan Chin,2018,https://link.springer.com/chapter/10.1007/978-3-319-73721-8_20,Conference paper
BDI agent testability revisited,Autonomous Agents and Multi-Agent Systems,,,,10.1007/s10458-016-9356-2,Michael Winikoff,2017,https://link.springer.com/article/10.1007/s10458-016-9356-2,Article
Spot 2.0 — A Framework for LTL and $$\omega $$ -Automata Manipulation,Automated Technology for Verification and Analysis,,,,10.1007/978-3-319-46520-3_8,Alexandre Duret-LutzAlexandre LewkowiczAmaury FauchilleThibaud MichaudÉtienne RenaultLaurent Xu,2016,https://link.springer.com/chapter/10.1007/978-3-319-46520-3_8,Conference paper
Checking Sequence Generation for Symbolic Input/Output FSMs by Constraint Solving,Theoretical Aspects of Computing – ICTAC 2018,,,,10.1007/978-3-030-02508-3_19,Omer Nguena TimoAlexandre PetrenkoS. Ramesh,2018,https://link.springer.com/chapter/10.1007/978-3-030-02508-3_19,Conference paper
Translating Between Implicit and Explicit Versions of Proof,Automated Deduction – CADE 26,,,,10.1007/978-3-319-63046-5_16,Roberto BlancoZakaria ChihaniDale Miller,2017,https://link.springer.com/chapter/10.1007/978-3-319-63046-5_16,Conference paper
GREP: Games for the Runtime Enforcement of Properties,Testing Software and Systems,,,,10.1007/978-3-319-67549-7_16,Matthieu RenardAntoine RolletYliès Falcone,2017,https://link.springer.com/chapter/10.1007/978-3-319-67549-7_16,Conference paper
Reducing State Explosion for Software Model Checking with Relaxed Memory Consistency Models,"Dependable Software Engineering: Theories, Tools, and Applications",,,,10.1007/978-3-319-47677-3_8,Tatsuya AbeTomoharu UgawaToshiyuki MaedaKousuke Matsumoto,2016,https://link.springer.com/chapter/10.1007/978-3-319-47677-3_8,Conference paper
ACAT: A Novel Machine-Learning-Based Tool for Automating Android Application Testing,Hardware and Software: Verification and Testing,,,,10.1007/978-3-319-70389-3_14,Ariel RosenfeldOdaya KardashovOrel Zang,2017,https://link.springer.com/chapter/10.1007/978-3-319-70389-3_14,Conference paper
A Decidable Very Expressive Description Logic for Databases,The Semantic Web – ISWC 2017,,,,10.1007/978-3-319-68288-4_3,Alessandro ArtaleEnrico FranconiRafael PeñalozaFrancesco Sportelli,2017,https://link.springer.com/chapter/10.1007/978-3-319-68288-4_3,Conference paper
Evaluating CAVM: A New Search-Based Test Data Generation Tool for C,Search Based Software Engineering,,,,10.1007/978-3-319-66299-2_12,Junhwi KimByeonghyeon YouMinhyuk KwonPhil McMinnShin Yoo,2017,https://link.springer.com/chapter/10.1007/978-3-319-66299-2_12,Conference paper
Selective Bisection Debugging,Fundamental Approaches to Software Engineering,,,,10.1007/978-3-662-54494-5_4,Ripon SahaMilos Gligoric,2017,https://link.springer.com/chapter/10.1007/978-3-662-54494-5_4,Conference paper
P2P Deductive Databases: Well Founded Semantics and Distributed Computation,New Trends in Databases and Information Systems,,,,10.1007/978-3-319-67162-8_11,L. CaropreseE. Zumpano,2017,https://link.springer.com/chapter/10.1007/978-3-319-67162-8_11,Conference paper
A formal verification framework for static analysis,Software & Systems Modeling,,,,10.1007/s10270-015-0476-y,Elvira AlbertRichard BubelSamir GenaimReiner HähnleGermán PueblaGuillermo Román-Díez,2015,https://link.springer.com/article/10.1007/s10270-015-0476-y,Article
Approximate Partial Order Reduction,Formal Methods,,,,10.1007/978-3-319-95582-7_35,Chuchu FanZhenqi HuangSayan Mitra,2018,https://link.springer.com/chapter/10.1007/978-3-319-95582-7_35,Conference paper
Learning to Complement Büchi Automata,"Verification, Model Checking, and Abstract Interpretation",,,,10.1007/978-3-319-73721-8_15,Yong LiAndrea TurriniLijun ZhangSven Schewe,2018,https://link.springer.com/chapter/10.1007/978-3-319-73721-8_15,Conference paper
XMG&#xa0;2: Describing Description Languages,Logical Aspects of Computational Linguistics. Celebrating 20 Years of LACL (1996–2016),,,,10.1007/978-3-662-53826-5_16,Simon PetitjeanDenys DuchierYannick Parmentier,2016,https://link.springer.com/chapter/10.1007/978-3-662-53826-5_16,Conference paper
"An integrated specification and
              verification technique for highly concurrent data structures",International Journal on Software Tools for Technology Transfer,,,,10.1007/s10009-016-0415-4,Parosh Aziz AbdullaFrédéric HazizaLukáš HolíkBengt JonssonAhmed Rezine,2016,https://link.springer.com/article/10.1007/s10009-016-0415-4,Article
VeriAbs: Verification by Abstraction (Competition Contribution),Tools and Algorithms for the Construction and Analysis of Systems,,,,10.1007/978-3-662-54580-5_32,Bharti ChimdyalwarPriyanka DarkeAvriti ChauhanPunit ShahShrawan KumarR. Venkatesh,2017,https://link.springer.com/chapter/10.1007/978-3-662-54580-5_32,Conference paper
Hyperhierarchy of Semantics - A Formal Framework for Hyperproperties Verification,Static Analysis,,,,10.1007/978-3-319-66706-5_12,Isabella MastroeniMichele Pasqua,2017,https://link.springer.com/chapter/10.1007/978-3-319-66706-5_12,Conference paper
Mobile CSP,Formal Methods: Foundations and Applications,,,,10.1007/978-3-319-29473-5_3,Jim WoodcockAndy WellingsAna Cavalcanti,2016,https://link.springer.com/chapter/10.1007/978-3-319-29473-5_3,Conference paper
"
                     <i>RAMBUTANS</i>: automatic AOP-specific test generation tool",International Journal on Software Tools for Technology Transfer,,,,10.1007/s10009-016-0432-3,Reza Meimandi PariziAbdul Azim Abdul GhaniSai Peck LeeSaif Ur Rehman Khan,2016,https://link.springer.com/article/10.1007/s10009-016-0432-3,Article
A Symbolic Operational Semantics for TESL,Formal Modeling and Analysis of Timed Systems,,,,10.1007/978-3-319-65765-3_18,Hai Nguyen VanThibaut BalabonskiFrédéric BoulangerChantal KellerBenoît ValironBurkhart Wolff,2017,https://link.springer.com/chapter/10.1007/978-3-319-65765-3_18,Conference paper
Formalising the Dezyne Modelling Language in mCRL2,Critical Systems: Formal Methods and Automated Verification,,,,10.1007/978-3-319-67113-0_14,Rutger van BeusekomJan Friso GrootePaul HoogendijkRobert HoweWieger WesselinkRob WieringaTim A. C. Willemse,2017,https://link.springer.com/chapter/10.1007/978-3-319-67113-0_14,Conference paper
Learning-Based Cross-Platform Conformance Testing,"Leveraging Applications of Formal Methods, Verification, and Validation",,,,10.1007/978-3-319-51641-7_4,Johannes NeubauerBernhard Steffen,2016,https://link.springer.com/chapter/10.1007/978-3-319-51641-7_4,Conference paper
Verifying Timed BPMN Processes Using Maude,Coordination Models and Languages,,,,10.1007/978-3-319-59746-1_12,Francisco DuránGwen Salaün,2017,https://link.springer.com/chapter/10.1007/978-3-319-59746-1_12,Conference paper
Model-Checking HyperLTL for Pushdown Systems,Model Checking Software,,,,10.1007/978-3-319-94111-0_8,Adrien PommelletTayssir Touili,2018,https://link.springer.com/chapter/10.1007/978-3-319-94111-0_8,Conference paper
Validated Test Models for Software Product Lines: Featured Finite State Machines,Formal Aspects of Component Software,,,,10.1007/978-3-319-57666-4_13,Vanderson Hafemann FragalAdenilso SimaoMohammad Reza Mousavi,2017,https://link.springer.com/chapter/10.1007/978-3-319-57666-4_13,Conference paper
Integrated Environment for Verifying and&#xa0;Running Distributed Components,Fundamental Approaches to Software Engineering,,,,10.1007/978-3-662-49665-7_5,Ludovic HenrioOleksandra KulankhinaSiqi LiEric Madelaine,2016,https://link.springer.com/chapter/10.1007/978-3-662-49665-7_5,Conference paper
Debugging Concurrent Software: Advances and Challenges,Journal of Computer Science and Technology,,,,10.1007/s11390-016-1669-8,Jeff HuangCharles Zhang,2016,https://link.springer.com/article/10.1007/s11390-016-1669-8,Article
Automatically Proving Termination and Memory Safety for Programs with Pointer Arithmetic,Journal of Automated Reasoning,,,,10.1007/s10817-016-9389-x,Thomas StröderJürgen GieslMarc BrockschmidtFlorian FrohnCarsten FuhsJera HenselPeter Schneider-KampCornelius Aschermann,2016,https://link.springer.com/article/10.1007/s10817-016-9389-x,Article
Satisfiability Modulo Bounded Checking,Automated Deduction – CADE 26,,,,10.1007/978-3-319-63046-5_8,Simon Cruanes,2017,https://link.springer.com/chapter/10.1007/978-3-319-63046-5_8,Conference paper
On Featured Transition Systems,SOFSEM 2017: Theory and Practice of Computer Science,,,,10.1007/978-3-319-51963-0_35,Axel LegayGilles PerrouinXavier DevroeyMaxime CordyPierre-Yves SchobbensPatrick Heymans,2017,https://link.springer.com/chapter/10.1007/978-3-319-51963-0_35,Conference paper
"A High-Assurance, High-Performance Hardware-Based Cross-Domain System","Computer Safety, Reliability, and Security",,,,10.1007/978-3-319-45477-1_9,David HardinKonrad SlindMark BortzJames PottsScott Owens,2016,https://link.springer.com/chapter/10.1007/978-3-319-45477-1_9,Conference paper
Semantics and Verification of Entity Resolution and Data Fusion Operations via Transformation into a Formal Notation,Data Analytics and Management in Data Intensive Domains,,,,10.1007/978-3-319-57135-5_11,Sergey Stupnikov,2017,https://link.springer.com/chapter/10.1007/978-3-319-57135-5_11,Conference paper
Bounded Abstract Interpretation,Static Analysis,,,,10.1007/978-3-662-53413-7_6,Maria ChristakisValentin Wüstholz,2016,https://link.springer.com/chapter/10.1007/978-3-662-53413-7_6,Conference paper
Generalizing Inference Systems by Coaxioms,Programming Languages and Systems,,,,10.1007/978-3-662-54434-1_2,Davide AnconaFrancesco DagninoElena Zucca,2017,https://link.springer.com/chapter/10.1007/978-3-662-54434-1_2,Conference paper
Formal Verification of CNL Health Recommendations,Integrated Formal Methods,,,,10.1007/978-3-319-66845-1_24,Fahrurrozi RahmanJuliana Küster Filipe Bowles,2017,https://link.springer.com/chapter/10.1007/978-3-319-66845-1_24,Conference paper
Concurrent Program Verification with Lazy Sequentialization and Interval Analysis,Networked Systems,,,,10.1007/978-3-319-59647-1_20,Truc L. NguyenBernd FischerSalvatore La TorreGennaro Parlato,2017,https://link.springer.com/chapter/10.1007/978-3-319-59647-1_20,Conference paper
Dynamic Determinacy Race Detection for Task Parallelism with Futures,Runtime Verification,,,,10.1007/978-3-319-46982-9_23,Rishi SurendranVivek Sarkar,2016,https://link.springer.com/chapter/10.1007/978-3-319-46982-9_23,Conference paper
Sound and Efficient Language-Integrated Query,Programming Languages and Systems,,,,10.1007/978-3-319-71237-6_18,Oleg KiselyovTatsuya Katsushima,2017,https://link.springer.com/chapter/10.1007/978-3-319-71237-6_18,Conference paper
A Typing Discipline for Statically Verified Crash Failure Handling in Distributed Systems,Programming Languages and Systems,,,,10.1007/978-3-319-89884-1_28,Malte VieringTzu-Chun ChenPatrick EugsterRaymond HuLukasz Ziarek,2018,https://link.springer.com/chapter/10.1007/978-3-319-89884-1_28,Conference paper
Accuracy Evaluation of Long Short Term Memory Network Based Language Model with Fixed-Point Arithmetic,Applied Reconfigurable Computing,,,,10.1007/978-3-319-56258-2_24,Ruochun JinJingfei JiangYong Dou,2017,https://link.springer.com/chapter/10.1007/978-3-319-56258-2_24,Conference paper
An Investigation into the Use of Mutation Analysis for Automated Program Repair,Search Based Software Engineering,,,,10.1007/978-3-319-66299-2_7,Christopher Steven TimperleySusan StepneyClaire Le Goues,2017,https://link.springer.com/chapter/10.1007/978-3-319-66299-2_7,Conference paper
Viper: A Verification Infrastructure for Permission-Based Reasoning,"Verification, Model Checking, and Abstract Interpretation",,,,10.1007/978-3-662-49122-5_2,Peter MüllerMalte SchwerhoffAlexander J. Summers,2016,https://link.springer.com/chapter/10.1007/978-3-662-49122-5_2,Conference paper
An Abstraction Technique for Describing Concurrent Program Behaviour,"Verified Software. Theories, Tools, and Experiments",,,,10.1007/978-3-319-72308-2_12,Wytse OortwijnStefan BlomDilian GurovMarieke HuismanMarina Zaharieva-Stojanovski,2017,https://link.springer.com/chapter/10.1007/978-3-319-72308-2_12,Conference paper
A Class Grammar for General Games,Computers and Games,,,,10.1007/978-3-319-50935-8_16,Cameron Browne,2016,https://link.springer.com/chapter/10.1007/978-3-319-50935-8_16,Conference paper
Enabling Agile Web Development Through In-Browser Code Generation and Evaluation,Model and Data Engineering,,,,10.1007/978-3-319-66854-3_24,Alejandro CortiñasCarlo BernaschinaMiguel R. LuacesPiero Fraternali,2017,https://link.springer.com/chapter/10.1007/978-3-319-66854-3_24,Conference paper
Testing Web Services with Model-Based Mutation,Software Technologies,,,,10.1007/978-3-319-62569-0_3,Faezeh SiavashiJunaid IqbalDragos TruscanJüri Vain,2017,https://link.springer.com/chapter/10.1007/978-3-319-62569-0_3,Conference paper
Supporting Context-Aware Engineering Based on Stream Reasoning,Modeling and Using Context,,,,10.1007/978-3-319-57837-8_37,Dean KramerJuan Carlos Augusto,2017,https://link.springer.com/chapter/10.1007/978-3-319-57837-8_37,Conference paper
From verified model to executable program: the PAT approach,Innovations in Systems and Software Engineering,,,,10.1007/s11334-015-0269-z,Huiquan ZhuJing SunJin Song DongShang-Wei Lin,2015,https://link.springer.com/article/10.1007/s11334-015-0269-z,Article
Automatic Generation of Ecore Models for Testing ATL Transformations,Model and Data Engineering,,,,10.1007/978-3-319-45547-1_2,Jesús M. Almendros-JiménezAntonio Becerra-Terón,2016,https://link.springer.com/chapter/10.1007/978-3-319-45547-1_2,Conference paper
"Contributions for the structural testing of multithreaded programs: coverage criteria, testing tool, and experimental evaluation",Software Quality Journal,,,,10.1007/s11219-017-9376-4,Silvana Morita MeloSimone do Rocio Senger de SouzaFelipe Santos SarmanhoPaulo Sergio Lopes de Souza,2017,https://link.springer.com/article/10.1007/s11219-017-9376-4,Article
Implementing Open Call-by-Value,Fundamentals of Software Engineering,,,,10.1007/978-3-319-68972-2_1,Beniamino AccattoliGiulio Guerrieri,2017,https://link.springer.com/chapter/10.1007/978-3-319-68972-2_1,Conference paper
Transforming Timing Requirements into CCSL Constraints to Verify Cyber-Physical Systems,Formal Methods and Software Engineering,,,,10.1007/978-3-319-68690-5_4,Xiaohong ChenLing YinYijun YuZhi Jin,2017,https://link.springer.com/chapter/10.1007/978-3-319-68690-5_4,Conference paper
B-PERFect,"Reliability, Safety, and Security of Railway Systems. Modelling, Analysis, Verification, and Certification",,,,10.1007/978-3-319-68499-4_11,Alexandra HalchinAbderrahmane FeliachiNeeraj Kumar SinghYamine Ait-AmeurJulien Ordioni,2017,https://link.springer.com/chapter/10.1007/978-3-319-68499-4_11,Conference paper
Modularising Opacity Verification for Hybrid Transactional Memory,"Formal Techniques for Distributed Objects, Components, and Systems",,,,10.1007/978-3-319-60225-7_3,Alasdair ArmstrongBrijesh Dongol,2017,https://link.springer.com/chapter/10.1007/978-3-319-60225-7_3,Conference paper
Reachability for Dynamic Parametric Processes,"Verification, Model Checking, and Abstract Interpretation",,,,10.1007/978-3-319-52234-0_23,Anca MuschollHelmut SeidlIgor Walukiewicz,2017,https://link.springer.com/chapter/10.1007/978-3-319-52234-0_23,Conference paper
Multi-ML: Programming Multi-BSP Algorithms in ML,International Journal of Parallel Programming,,,,10.1007/s10766-016-0417-6,V. AllombertF. GavaJ. Tesson,2016,https://link.springer.com/article/10.1007/s10766-016-0417-6,Article
Relative Store Fragments for Singleton Abstraction,Static Analysis,,,,10.1007/978-3-319-66706-5_6,Leandro FacchinettiZachary PalmerScott F. Smith,2017,https://link.springer.com/chapter/10.1007/978-3-319-66706-5_6,Conference paper
JANI: Quantitative Model and Tool Interaction,Tools and Algorithms for the Construction and Analysis of Systems,,,,10.1007/978-3-662-54580-5_9,Carlos E. BuddeChristian DehnertErnst Moritz HahnArnd HartmannsSebastian JungesAndrea Turrini,2017,https://link.springer.com/chapter/10.1007/978-3-662-54580-5_9,Conference paper
An Approach for Isolated Testing of Self-Organization Algorithms,Software Engineering for Self-Adaptive Systems III. Assurances,,,,10.1007/978-3-319-74183-3_7,Benedikt EberhardingerGerrit AndersHella SeebachFlorian SiefertAlexander KnappWolfgang Reif,2017,https://link.springer.com/chapter/10.1007/978-3-319-74183-3_7,Conference paper
"The Useful MAM, a Reasonable Implementation of the Strong $$\lambda $$ -Calculus","Logic, Language, Information, and Computation",,,,10.1007/978-3-662-52921-8_1,Beniamino Accattoli,2016,https://link.springer.com/chapter/10.1007/978-3-662-52921-8_1,Conference paper
Integration of Immune Features into a Belief-Desire-Intention Model for Multi-agent Control of Public Transportation Systems,Hybrid Artificial Intelligent Systems,,,,10.1007/978-3-319-59650-1_39,Salima MnifSaber DarmoulSabeur ElkosantiniLamjed Ben Said,2017,https://link.springer.com/chapter/10.1007/978-3-319-59650-1_39,Conference paper
Declarative Elasticity in ABS,Service-Oriented and Cloud Computing,,,,10.1007/978-3-319-44482-6_8,Stijn de GouwJacopo MauroBehrooz NobakhtGianluigi Zavattaro,2016,https://link.springer.com/chapter/10.1007/978-3-319-44482-6_8,Conference paper
Debugging of Concurrent Systems Using Counterexample Analysis,Fundamentals of Software Engineering,,,,10.1007/978-3-319-68972-2_2,Gianluca BarbonVincent LeroyGwen Salaün,2017,https://link.springer.com/chapter/10.1007/978-3-319-68972-2_2,Conference paper
Code generation for Event-B,International Journal on Software Tools for Technology Transfer,,,,10.1007/s10009-015-0381-2,Víctor RiveraNéstor CatañoTim WahlsCamilo Rueda,2015,https://link.springer.com/article/10.1007/s10009-015-0381-2,Article
Proving Opacity via Linearizability: A Sound and Complete Method,"Formal Techniques for Distributed Objects, Components, and Systems",,,,10.1007/978-3-319-60225-7_4,Alasdair ArmstrongBrijesh DongolSimon Doherty,2017,https://link.springer.com/chapter/10.1007/978-3-319-60225-7_4,Conference paper
Model-Based Testing of Probabilistic Systems with Stochastic Time,Tests and Proofs,,,,10.1007/978-3-319-61467-0_5,Marcus GerholdMariëlle Stoelinga,2017,https://link.springer.com/chapter/10.1007/978-3-319-61467-0_5,Conference paper
Generating Event-B Specifications from Algorithm Descriptions,"Abstract State Machines, Alloy, B, TLA, VDM, and Z",,,,10.1007/978-3-319-33600-8_11,Joy ClarkJens BendispostoStefan HallerstedeDominik HansenMichael Leuschel,2016,https://link.springer.com/chapter/10.1007/978-3-319-33600-8_11,Conference paper
Declarative Programming with Algebra,Functional and Logic Programming,,,,10.1007/978-3-319-29604-3_15,Andre van DelftAnatoliy Kmetyuk,2016,https://link.springer.com/chapter/10.1007/978-3-319-29604-3_15,Conference paper
Programming in Picat,"Rule Technologies. Research, Tools, and Applications",,,,10.1007/978-3-319-42019-6_1,Neng-Fa Zhou,2016,https://link.springer.com/chapter/10.1007/978-3-319-42019-6_1,Conference paper
Toward the automation of a QoS-driven SLA establishment in the Cloud,Service Oriented Computing and Applications,,,,10.1007/s11761-015-0187-9,Khouloud BoukadiRima GratiHanêne Ben-Abdallah,2015,https://link.springer.com/article/10.1007/s11761-015-0187-9,Article
Formal Probabilistic Analysis of a Virtual Fixture Control Algorithm for a Surgical Robot,Verification and Evaluation of Computer and Communication Systems,,,,10.1007/978-3-319-66176-6_1,Muhammad Saad AyubOsman Hasan,2017,https://link.springer.com/chapter/10.1007/978-3-319-66176-6_1,Conference paper
StaRVOOrS : A Tool for Combined Static and Runtime Verification of Java,Runtime Verification,,,,10.1007/978-3-319-23820-3_21,Jesús Mauricio ChimentoWolfgang AhrendtGordon J. PaceGerardo Schneider,2015,https://link.springer.com/chapter/10.1007/978-3-319-23820-3_21,Conference paper
Model-Counting Approaches for Nonlinear Numerical Constraints,NASA Formal Methods,,,,10.1007/978-3-319-57288-8_9,Mateus BorgesQuoc-Sang PhanAntonio FilieriCorina S. Păsăreanu,2017,https://link.springer.com/chapter/10.1007/978-3-319-57288-8_9,Conference paper
A Proof System for MSVL Programs in Coq,Structured Object-Oriented Formal Language and Method,,,,10.1007/978-3-319-57708-1_8,Lin QianZhenhua DuanNan ZhangCong Tian,2017,https://link.springer.com/chapter/10.1007/978-3-319-57708-1_8,Conference paper
Security of Web Application: State of the Art,"Information, Communication and Computing Technology",,,,10.1007/978-981-10-6544-6_17,Habib ur RehmanMohammed NazirKhurram Mustafa,2017,https://link.springer.com/chapter/10.1007/978-981-10-6544-6_17,Conference paper
Multi-objective reasoning with constrained goal models,Requirements Engineering,,,,10.1007/s00766-016-0263-5,Chi Mai NguyenRoberto SebastianiPaolo GiorginiJohn Mylopoulos,2016,https://link.springer.com/article/10.1007/s00766-016-0263-5,Article
Towards a Model-Based Architecture for Road Traffic Management Systems,Information and Software Technologies,,,,10.1007/978-3-319-46254-7_53,Florian RademacherMirco LammertMarius KhanSabine Sachweh,2016,https://link.springer.com/chapter/10.1007/978-3-319-46254-7_53,Conference paper
UTP by Example: Designs,Engineering Trustworthy Software Systems,,,,10.1007/978-3-319-56841-6_2,Jim WoodcockSimon Foster,2017,https://link.springer.com/chapter/10.1007/978-3-319-56841-6_2,Conference paper
Equivalence of Symbolic Tree Transducers,Developments in Language Theory,,,,10.1007/978-3-319-62809-7_7,Vincent HugotAdrien BoiretJoachim Niehren,2017,https://link.springer.com/chapter/10.1007/978-3-319-62809-7_7,Conference paper
A Universal Oracle for Signal Machines,Unveiling Dynamics and Complexity,,,,10.1007/978-3-319-58741-7_30,Thierry Monteil,2017,https://link.springer.com/chapter/10.1007/978-3-319-58741-7_30,Conference paper
Hybrid Analysis for Partial Order Reduction of Programs with Arrays,"Verification, Model Checking, and Abstract Interpretation",,,,10.1007/978-3-662-49122-5_14,Pavel Parízek,2016,https://link.springer.com/chapter/10.1007/978-3-662-49122-5_14,Conference paper
Model Checking of Concurrent Software Systems via Heuristic-Guided SAT Solving,Fundamentals of Software Engineering,,,,10.1007/978-3-319-68972-2_16,Nils TimmStefan GrunerPrince Sibanda,2017,https://link.springer.com/chapter/10.1007/978-3-319-68972-2_16,Conference paper
Performance Evaluation of Concurrent Data Structures,"Dependable Software Engineering: Theories, Tools, and Applications",,,,10.1007/978-3-319-47677-3_3,Hao WuXiaoxiao YangJoost-Pieter Katoen,2016,https://link.springer.com/chapter/10.1007/978-3-319-47677-3_3,Conference paper
Random Generation and Enumeration of Accessible Deterministic Real-Time Pushdown Automata,Implementation and Application of Automata,,,,10.1007/978-3-319-22360-5_13,Pierre-Cyrille HéamJean-Luc Joly,2015,https://link.springer.com/chapter/10.1007/978-3-319-22360-5_13,Conference paper
A Sketching-Based Approach for Debugging Using Test Cases,Automated Technology for Verification and Analysis,,,,10.1007/978-3-319-46520-3_29,Jinru HuaSarfraz Khurshid,2016,https://link.springer.com/chapter/10.1007/978-3-319-46520-3_29,Conference paper
A declarative language to support dynamic evolution of web service business protocols,Service Oriented Computing and Applications,,,,10.1007/s11761-016-0204-7,Ali KhebiziHassina Seridi-BouchelaghemBouallem BenatallahFarouk Toumani,2016,https://link.springer.com/article/10.1007/s11761-016-0204-7,Article
Applying a Formal Method in Industry: A 25-Year Trajectory,Formal Methods: Foundations and Applications,,,,10.1007/978-3-319-70848-5_6,Thierry LecomteDavid DeharbeEtienne PrunErwan Mottin,2017,https://link.springer.com/chapter/10.1007/978-3-319-70848-5_6,Conference paper
Towards MC/DC Coverage of Properties Specification Patterns,Theoretical Aspects of Computing – ICTAC 2016,,,,10.1007/978-3-319-46750-4_10,Ana C. V. de MeloCorina S. PăsăreanuSimone Hanazumi,2016,https://link.springer.com/chapter/10.1007/978-3-319-46750-4_10,Conference paper
Cobra: a light-weight tool for static and dynamic program analysis,Innovations in Systems and Software Engineering,,,,10.1007/s11334-016-0282-x,Gerard J. Holzmann,2016,https://link.springer.com/article/10.1007/s11334-016-0282-x,Article
A Forward Unprovability Calculus for Intuitionistic Propositional Logic,Automated Reasoning with Analytic Tableaux and Related Methods,,,,10.1007/978-3-319-66902-1_7,Camillo FiorentiniMauro Ferrari,2017,https://link.springer.com/chapter/10.1007/978-3-319-66902-1_7,Conference paper
Complementing Semi-deterministic Büchi Automata,Tools and Algorithms for the Construction and Analysis of Systems,,,,10.1007/978-3-662-49674-9_49,František BlahoudekMatthias HeizmannSven ScheweJan StrejčekMing-Hsien Tsai,2016,https://link.springer.com/chapter/10.1007/978-3-662-49674-9_49,Conference paper
Precise Thread-Modular Abstract Interpretation of Concurrent Programs Using Relational Interference Abstractions,"Verification, Model Checking, and Abstract Interpretation",,,,10.1007/978-3-319-52234-0_21,Raphaël MonatAntoine Miné,2017,https://link.springer.com/chapter/10.1007/978-3-319-52234-0_21,Conference paper
Combining Mechanized Proofs and Model-Based Testing in the Formal Analysis of a Hypervisor,FM 2016: Formal Methods,,,,10.1007/978-3-319-48989-6_5,Hanno BeckerJuan Manuel CrespoJacek GalowiczUlrich HenselYoichi HiraiCésar KunzKeiko NakataJorge Luis SacchiniHendrik TewsThomas Tuerk,2016,https://link.springer.com/chapter/10.1007/978-3-319-48989-6_5,Conference paper
Spatio-Temporal Models for Formal Analysis and Property-Based Testing,Software Technologies: Applications and Foundations,,,,10.1007/978-3-319-50230-4_14,Nasser AlzahraniMaria SpichkovaJan Olaf Blech,2016,https://link.springer.com/chapter/10.1007/978-3-319-50230-4_14,Conference paper
Unified Syntax for Abstract State Machines,"Abstract State Machines, Alloy, B, TLA, VDM, and Z",,,,10.1007/978-3-319-33600-8_14,Paolo ArcainiSilvia BonfantiMarcel DausendAngelo GargantiniAtif MashkoorAlexander RaschkeElvinia RiccobenePatrizia ScandurraMichael Stegmaier,2016,https://link.springer.com/chapter/10.1007/978-3-319-33600-8_14,Conference paper
Failing Faster: Overlapping Patterns for Property-Based Testing,Practical Aspects of Declarative Languages,,,,10.1007/978-3-319-51676-9_7,Jonathan FowlerGraham Hutton,2017,https://link.springer.com/chapter/10.1007/978-3-319-51676-9_7,Conference paper
From Passive to Active FSM Inference via Checking Sequence Construction,Testing Software and Systems,,,,10.1007/978-3-319-67549-7_8,Alexandre PetrenkoFlorent AvellanedaRoland GrozCatherine Oriat,2017,https://link.springer.com/chapter/10.1007/978-3-319-67549-7_8,Conference paper
Analyzing Matching Time Behavior of Backtracking Regular Expression Matchers by Using Ambiguity of NFA,Implementation and Application of Automata,,,,10.1007/978-3-319-40946-7_27,Nicolaas WeidemanBrink van der MerweMartin BerglundBruce Watson,2016,https://link.springer.com/chapter/10.1007/978-3-319-40946-7_27,Conference paper
Using B and ProB for Data Validation Projects,"Abstract State Machines, Alloy, B, TLA, VDM, and Z",,,,10.1007/978-3-319-33600-8_10,Dominik HansenDavid SchneiderMichael Leuschel,2016,https://link.springer.com/chapter/10.1007/978-3-319-33600-8_10,Conference paper
Deductive Verification of Legacy Code,"Leveraging Applications of Formal Methods, Verification and Validation: Foundational Techniques",,,,10.1007/978-3-319-47166-2_53,Bernhard BeckertThorsten BormerDaniel Grahl,2016,https://link.springer.com/chapter/10.1007/978-3-319-47166-2_53,Conference paper
Lazy Reachability Checking for Timed Automata Using Interpolants,Formal Modeling and Analysis of Timed Systems,,,,10.1007/978-3-319-65765-3_15,Tamás TóthIstván Majzik,2017,https://link.springer.com/chapter/10.1007/978-3-319-65765-3_15,Conference paper
Shift Registers Fool Finite Automata,"Logic, Language, Information, and Computation",,,,10.1007/978-3-662-55386-2_12,Bjørn Kjos-Hanssen,2017,https://link.springer.com/chapter/10.1007/978-3-662-55386-2_12,Conference paper
Language-specific model checking of UML-RT models,Software & Systems Modeling,,,,10.1007/s10270-015-0484-y,Karolina ZurowskaJuergen Dingel,2015,https://link.springer.com/article/10.1007/s10270-015-0484-y,Article
Translating Active Objects into Colored Petri Nets for Communication Analysis,Fundamentals of Software Engineering,,,,10.1007/978-3-319-68972-2_6,Anastasia GkolfiCrystal Chang DinEinar Broch JohnsenMartin SteffenIngrid Chieh Yu,2017,https://link.springer.com/chapter/10.1007/978-3-319-68972-2_6,Conference paper
Bit-Precise Formal Verification for&#xa0;SystemC Using Satisfiability Modulo Theories Solving,System Level Design from HW/SW to Memory for Embedded Systems,,,,10.1007/978-3-319-90023-0_5,Lydia JaßPaula Herber,2017,https://link.springer.com/chapter/10.1007/978-3-319-90023-0_5,Conference paper
Proof of OS Scheduling Behavior in the Presence of Interrupt-Induced Concurrency,Interactive Theorem Proving,,,,10.1007/978-3-319-43144-4_4,June AndronickCorey LewisDaniel MatichukCarroll MorganChristine Rizkallah,2016,https://link.springer.com/chapter/10.1007/978-3-319-43144-4_4,Conference paper
Bellerophon: Tactical Theorem Proving for&#xa0;Hybrid Systems,Interactive Theorem Proving,,,,10.1007/978-3-319-66107-0_14,Nathan FultonStefan MitschRose BohrerAndré Platzer,2017,https://link.springer.com/chapter/10.1007/978-3-319-66107-0_14,Conference paper
Modeling and Verification of an Interrupt System in $$\mu $$ C/OS-III with TMSVL,Structured Object-Oriented Formal Language and Method,,,,10.1007/978-3-319-31220-0_2,Jin CuiZhenhua DuanCong TianNan Zhang,2016,https://link.springer.com/chapter/10.1007/978-3-319-31220-0_2,Conference paper
Compositional Safety Refutation Techniques,Automated Technology for Verification and Analysis,,,,10.1007/978-3-319-68167-2_12,Kumar MadhukarPeter SchrammelMandayam Srivas,2017,https://link.springer.com/chapter/10.1007/978-3-319-68167-2_12,Conference paper
Automating Induction for Solving Horn Clauses,Computer Aided Verification,,,,10.1007/978-3-319-63390-9_30,Hiroshi UnnoSho ToriiHiroki Sakamoto,2017,https://link.springer.com/chapter/10.1007/978-3-319-63390-9_30,Conference paper
An SMT-Based Approach to the Formal Analysis of MARTE/CCSL,Formal Methods and Software Engineering,,,,10.1007/978-3-319-47846-3_27,Min ZhangFrédéric MalletHuibiao Zhu,2016,https://link.springer.com/chapter/10.1007/978-3-319-47846-3_27,Conference paper
The Tinker tool for graphical tactic development,International Journal on Software Tools for Technology Transfer,,,,10.1007/s10009-017-0452-7,Gudmund GrovYuhui Lin,2017,https://link.springer.com/article/10.1007/s10009-017-0452-7,Article
Continuous Integration Applied to Software-Intensive Embedded Systems – Problems and Experiences,Product-Focused Software Process Improvement,,,,10.1007/978-3-319-49094-6_30,Torvald MårtenssonDaniel StåhlJan Bosch,2016,https://link.springer.com/chapter/10.1007/978-3-319-49094-6_30,Conference paper
Learning-Based Compositional Parameter Synthesis for Event-Recording Automata,"Formal Techniques for Distributed Objects, Components, and Systems",,,,10.1007/978-3-319-60225-7_2,Étienne AndréShang-Wei Lin,2017,https://link.springer.com/chapter/10.1007/978-3-319-60225-7_2,Conference paper
Integrity Checking of Function Pointers in&#xa0;Kernel Pools via Virtual Machine Introspection,Information Security,,,,10.1007/978-3-319-27659-5_1,Irfan AhmedGolden G. RichardAleksandar ZoranicVassil Roussev,2015,https://link.springer.com/chapter/10.1007/978-3-319-27659-5_1,Conference paper
Efficient parallel reasoning on fuzzy goal models for run time requirements verification,Software & Systems Modeling,,,,10.1007/s10270-016-0562-9,George ChatzikonstantinouKostas Kontogiannis,2016,https://link.springer.com/article/10.1007/s10270-016-0562-9,Article
Integration of Metamorphic Testing with&#xa0;Program Repair Methods Based on&#xa0;Adaptive Search Strategies and Program Equivalence,Formal Methods and Software Engineering,,,,10.1007/978-3-319-68690-5_25,Tingting WuYunwei DongTsong Yueh ChenMingyue JiangMan LauFei-Ching KuoSebastian Ng,2017,https://link.springer.com/chapter/10.1007/978-3-319-68690-5_25,Conference paper
On Equivalence Checking of Nondeterministic Finite Automata,"Dependable Software Engineering. Theories, Tools, and Applications",,,,10.1007/978-3-319-69483-2_13,Chen FuYuxin DengDavid N. JansenLijun Zhang,2017,https://link.springer.com/chapter/10.1007/978-3-319-69483-2_13,Conference paper
Correctness-by-Construction $$\wedge $$ Taxonomies $$\Rightarrow $$ Deep Comprehension of Algorithm Families,"Leveraging Applications of Formal Methods, Verification and Validation: Foundational Techniques",,,,10.1007/978-3-319-47166-2_54,Loek CleophasDerrick G. KourieVreda PieterseIna SchaeferBruce W. Watson,2016,https://link.springer.com/chapter/10.1007/978-3-319-47166-2_54,Conference paper
BTS: A Tool for Formal Component-Based Development,Integrated Formal Methods,,,,10.1007/978-3-319-66845-1_14,Dalay Israel de Almeida PereiraMarcel Vinicius Medeiros OliveiraMadiel S. Conserva FilhoSarah Raquel Da Rocha Silva,2017,https://link.springer.com/chapter/10.1007/978-3-319-66845-1_14,Conference paper
Temporal Conditional Preference Queries on Streams,Database and Expert Systems Applications,,,,10.1007/978-3-319-64468-4_11,Marcos Roberto RibeiroMaria Camila N. BarioniSandra de AmoClaudia RoncancioCyril Labbé,2017,https://link.springer.com/chapter/10.1007/978-3-319-64468-4_11,Conference paper
Acumen: An Open-Source Testbed for Cyber-Physical Systems Research,Internet of Things. IoT Infrastructures,,,,10.1007/978-3-319-47063-4_11,Walid TahaAdam DuraczYingfu ZengKevin AtkinsonFerenc A. BarthaPaul BraunerJan DuraczFei XuRobert CartwrightMichal KonečnýEugenio MoggiJawad MasoodPererik AndreassonJun InoueAnita Sant’AnnaRoland PhilippsenAlexandre ChapoutotMarcia O’MalleyAaron AmesVeronica GaspesLise HvatumShyam MehtaHenrik ErikssonChristian Grante,2016,https://link.springer.com/chapter/10.1007/978-3-319-47063-4_11,Conference paper
Using contexts to extract models from code,Software & Systems Modeling,,,,10.1007/s10270-015-0466-0,Lucio Mauro DuarteJeff KramerSebastian Uchitel,2015,https://link.springer.com/article/10.1007/s10270-015-0466-0,Article
Learning-Based Testing of Cyber-Physical Systems-of-Systems: A Platooning Study,Computer Performance Engineering,,,,10.1007/978-3-319-66583-2_9,Karl Meinke,2017,https://link.springer.com/chapter/10.1007/978-3-319-66583-2_9,Conference paper
Rewriting-Based Runtime Verification for Alternation-Free HyperLTL,Tools and Algorithms for the Construction and Analysis of Systems,,,,10.1007/978-3-662-54580-5_5,Noel BrettUmair SiddiqueBorzoo Bonakdarpour,2017,https://link.springer.com/chapter/10.1007/978-3-662-54580-5_5,Conference paper
Automating the Verification of Floating-Point Programs,"Verified Software. Theories, Tools, and Experiments",,,,10.1007/978-3-319-72308-2_7,Clément FumexClaude MarchéYannick Moy,2017,https://link.springer.com/chapter/10.1007/978-3-319-72308-2_7,Conference paper
A Comparative Study of BDD Packages for&#xa0;Probabilistic Symbolic Model Checking,"Dependable Software Engineering: Theories, Tools, and Applications",,,,10.1007/978-3-319-25942-0_3,Tom van DijkErnst Moritz HahnDavid N. JansenYong LiThomas NeeleMariëlle StoelingaAndrea TurriniLijun Zhang,2015,https://link.springer.com/chapter/10.1007/978-3-319-25942-0_3,Conference paper
Exact finite-state machine identification from scenarios and temporal properties,International Journal on Software Tools for Technology Transfer,,,,10.1007/s10009-016-0442-1,Vladimir UlyantsevIgor BuzhinskyAnatoly Shalyto,2016,https://link.springer.com/article/10.1007/s10009-016-0442-1,Article
Symbolic Execution of Transition Systems with Function Summaries,Tests and Proofs,,,,10.1007/978-3-319-61467-0_3,Imen BoudhibaChristophe GastonPascale Le GallVirgile Prevosto,2017,https://link.springer.com/chapter/10.1007/978-3-319-61467-0_3,Conference paper
Connecting Program Synthesis and Reachability: Automatic Program Repair Using Test-Input Generation,Tools and Algorithms for the Construction and Analysis of Systems,,,,10.1007/978-3-662-54577-5_17,ThanhVu NguyenWestley WeimerDeepak KapurStephanie Forrest,2017,https://link.springer.com/chapter/10.1007/978-3-662-54577-5_17,Conference paper
Formalizing Timing Diagram Requirements in&#xa0;Discrete Duration Calculus,Software Engineering and Formal Methods,,,,10.1007/978-3-319-66197-1_16,Raj Mohan MatteplackelParitosh K. PandyaAmol Wakankar,2017,https://link.springer.com/chapter/10.1007/978-3-319-66197-1_16,Conference paper
Minimal Coverage for Ontology Signatures,OWL: Experiences and Directions – Reasoner Evaluation,,,,10.1007/978-3-319-54627-8_10,David GeletaTerry R. PayneValentina Tamma,2017,https://link.springer.com/chapter/10.1007/978-3-319-54627-8_10,Conference paper
Learning from Faults: Mutation Testing in Active Automata Learning,NASA Formal Methods,,,,10.1007/978-3-319-57288-8_2,Bernhard K. AichernigMartin Tappler,2017,https://link.springer.com/chapter/10.1007/978-3-319-57288-8_2,Conference paper
Generic Hoare Logic for Order-Enriched Effects with Exceptions,Recent Trends in Algebraic Development Techniques,,,,10.1007/978-3-319-72044-9_14,Christoph RauchSergey GoncharovLutz Schröder,2017,https://link.springer.com/chapter/10.1007/978-3-319-72044-9_14,Conference paper
Compositional Runtime Enforcement,NASA Formal Methods,,,,10.1007/978-3-319-40648-0_7,Srinivas PinisettyStavros Tripakis,2016,https://link.springer.com/chapter/10.1007/978-3-319-40648-0_7,Conference paper
Case-based exploration of bidirectional transformations in QVT Relations,Software & Systems Modeling,,,,10.1007/s10270-016-0527-z,Bernhard Westfechtel,2016,https://link.springer.com/article/10.1007/s10270-016-0527-z,Article
Correctness-by-Learning of Infinite-State Component-Based Systems,Formal Aspects of Component Software,,,,10.1007/978-3-319-68034-7_10,Haitham Bou-AmmarMohamad JaberMohamad Nassar,2017,https://link.springer.com/chapter/10.1007/978-3-319-68034-7_10,Conference paper
Automatic Transition System Model Identification for Network Applications from Packet Traces,Fundamentals of Software Engineering,,,,10.1007/978-3-319-68972-2_14,Zeynab Sabahi-KavianiFatemeh GhassemiFateme Bajelan,2017,https://link.springer.com/chapter/10.1007/978-3-319-68972-2_14,Conference paper
Query Checking for Linear Temporal Logic,Critical Systems: Formal Methods and Automated Verification,,,,10.1007/978-3-319-67113-0_3,Samuel HuangRance Cleaveland,2017,https://link.springer.com/chapter/10.1007/978-3-319-67113-0_3,Conference paper
Statistical Model Checking of Dynamic Software Architectures,Software Architecture,,,,10.1007/978-3-319-48992-6_14,Everton CavalcanteJean QuilbeufLouis-Marie TraonouezFlavio OquendoThais BatistaAxel Legay,2016,https://link.springer.com/chapter/10.1007/978-3-319-48992-6_14,Conference paper
Analysis of Synchronisations in Stateful Active Objects,Integrated Formal Methods,,,,10.1007/978-3-319-66845-1_13,Ludovic HenrioCosimo LaneveVincenzo Mastandrea,2017,https://link.springer.com/chapter/10.1007/978-3-319-66845-1_13,Conference paper
Weak Memory Models as LLVM-to-LLVM Transformations,Mathematical and Engineering Methods in Computer Science,,,,10.1007/978-3-319-29817-7_13,Vladimír ŠtillPetr RočkaiJiří Barnat,2016,https://link.springer.com/chapter/10.1007/978-3-319-29817-7_13,Conference paper
Symbolic Model Generation for Graph Properties,Fundamental Approaches to Software Engineering,,,,10.1007/978-3-662-54494-5_13,Sven SchneiderLeen LambersFernando Orejas,2017,https://link.springer.com/chapter/10.1007/978-3-662-54494-5_13,Conference paper
Reasoning on Context-Dependent Domain Models,Semantic Technology,,,,10.1007/978-3-319-70682-5_5,Stephan BöhmeThomas Kühn,2017,https://link.springer.com/chapter/10.1007/978-3-319-70682-5_5,Conference paper
Focused Certification of an Industrial Compilation and Static Verification Toolchain,Software Engineering and Formal Methods,,,,10.1007/978-3-319-66197-1_2,Zhi ZhangRobbyJohn HatcliffYannick MoyPierre Courtieu,2017,https://link.springer.com/chapter/10.1007/978-3-319-66197-1_2,Conference paper
Model Counting for Recursively-Defined Strings,Computer Aided Verification,,,,10.1007/978-3-319-63390-9_21,Minh-Thai TrinhDuc-Hiep ChuJoxan Jaffar,2017,https://link.springer.com/chapter/10.1007/978-3-319-63390-9_21,Conference paper
On Run-Time Enforcement of Authorization Constraints in Security-Sensitive Workflows,Software Engineering and Formal Methods,,,,10.1007/978-3-319-66197-1_13,Daniel Ricardo dos SantosSilvio Ranise,2017,https://link.springer.com/chapter/10.1007/978-3-319-66197-1_13,Conference paper
Statistical Model Checking of e-Motions Domain-Specific Modeling Languages,Fundamental Approaches to Software Engineering,,,,10.1007/978-3-662-49665-7_18,Francisco DuránAntonio Moreno-DelgadoJosé M. Álvarez-Palomo,2016,https://link.springer.com/chapter/10.1007/978-3-662-49665-7_18,Conference paper
Verifying Robustness of Event-Driven Asynchronous Programs Against Concurrency,Programming Languages and Systems,,,,10.1007/978-3-662-54434-1_7,Ahmed BouajjaniMichael EmmiConstantin EneaBurcu Kulahcioglu OzkanSerdar Tasiran,2017,https://link.springer.com/chapter/10.1007/978-3-662-54434-1_7,Conference paper
Multiple Mutation Testing from Finite State Machines with Symbolic Inputs,Testing Software and Systems,,,,10.1007/978-3-319-67549-7_7,Omer Nguena TimoAlexandre PetrenkoS. Ramesh,2017,https://link.springer.com/chapter/10.1007/978-3-319-67549-7_7,Conference paper
A Decision Procedure for Restricted Intensional Sets,Automated Deduction – CADE 26,,,,10.1007/978-3-319-63046-5_12,Maximiliano CristiáGianfranco Rossi,2017,https://link.springer.com/chapter/10.1007/978-3-319-63046-5_12,Conference paper
Reverse Complexity,Journal of Automated Reasoning,,,,10.1007/s10817-015-9349-x,Andrea Asperti,2015,https://link.springer.com/article/10.1007/s10817-015-9349-x,Article
String Analysis via Automata Manipulation with Logic Circuit Representation,Computer Aided Verification,,,,10.1007/978-3-319-41528-4_13,Hung-En WangTzung-Lin TsaiChun-Han LinFang YuJie-Hong R. Jiang,2016,https://link.springer.com/chapter/10.1007/978-3-319-41528-4_13,Conference paper
A Novel Approach to HW/SW Integration Testing of Route-Based Interlocking System Controllers,"Reliability, Safety, and Security of Railway Systems. Modelling, Analysis, Verification, and Certification",,,,10.1007/978-3-319-33951-1_3,Jan PeleskaWen-ling HuangFelix Hübner,2016,https://link.springer.com/chapter/10.1007/978-3-319-33951-1_3,Conference paper
Reactive Property Monitoring of Hybrid Systems with Aggregation,Runtime Verification,,,,10.1007/978-3-319-46982-9_28,Nicolas Rapin,2016,https://link.springer.com/chapter/10.1007/978-3-319-46982-9_28,Conference paper
Learning Symbolic Automata,Tools and Algorithms for the Construction and Analysis of Systems,,,,10.1007/978-3-662-54577-5_10,Samuel DrewsLoris D’Antoni,2017,https://link.springer.com/chapter/10.1007/978-3-662-54577-5_10,Conference paper
Modular Demand-Driven Analysis of Semantic Difference for Program Versions,Static Analysis,,,,10.1007/978-3-319-66706-5_20,Anna TrostanetskiOrna GrumbergDaniel Kroening,2017,https://link.springer.com/chapter/10.1007/978-3-319-66706-5_20,Conference paper
DIVINE: Explicit-State LTL Model Checker,Tools and Algorithms for the Construction and Analysis of Systems,,,,10.1007/978-3-662-49674-9_60,Vladimír ŠtillPetr RočkaiJiří Barnat,2016,https://link.springer.com/chapter/10.1007/978-3-662-49674-9_60,Conference paper
MoChiBA: Probabilistic LTL Model Checking Using Limit-Deterministic Büchi Automata,Automated Technology for Verification and Analysis,,,,10.1007/978-3-319-46520-3_9,Salomon SickertJan Křetínský,2016,https://link.springer.com/chapter/10.1007/978-3-319-46520-3_9,Conference paper
A Stream-Based Specification Language for Network Monitoring,Runtime Verification,,,,10.1007/978-3-319-46982-9_10,Peter FaymonvilleBernd FinkbeinerSebastian SchirmerHazem Torfah,2016,https://link.springer.com/chapter/10.1007/978-3-319-46982-9_10,Conference paper
An Automata-Based Approach to Evolving Privacy Policies for Social Networks,Runtime Verification,,,,10.1007/978-3-319-46982-9_18,Raúl PardoChristian ColomboGordon J. PaceGerardo Schneider,2016,https://link.springer.com/chapter/10.1007/978-3-319-46982-9_18,Conference paper
SymDIVINE: Tool for Control-Explicit Data-Symbolic State Space Exploration,Model Checking Software,,,,10.1007/978-3-319-32582-8_14,Jan MrázekPetr BauchHenrich LaukoJiří Barnat,2016,https://link.springer.com/chapter/10.1007/978-3-319-32582-8_14,Conference paper
StaRVOOrS — Episode II,"Leveraging Applications of Formal Methods, Verification and Validation: Foundational Techniques",,,,10.1007/978-3-319-47166-2_28,Wolfgang AhrendtGordon J. PaceGerardo Schneider,2016,https://link.springer.com/chapter/10.1007/978-3-319-47166-2_28,Conference paper
Cutoff Bounds for Consensus Algorithms,Computer Aided Verification,,,,10.1007/978-3-319-63390-9_12,Ognjen MarićChristoph SprengerDavid Basin,2017,https://link.springer.com/chapter/10.1007/978-3-319-63390-9_12,Conference paper
The Power of Symbolic Automata and Transducers,Computer Aided Verification,,,,10.1007/978-3-319-63387-9_3,Loris D’AntoniMargus Veanes,2017,https://link.springer.com/chapter/10.1007/978-3-319-63387-9_3,Conference paper
A Novel Learning Algorithm for Büchi Automata Based on Family of DFAs and Classification Trees,Tools and Algorithms for the Construction and Analysis of Systems,,,,10.1007/978-3-662-54577-5_12,Yong LiYu-Fang ChenLijun ZhangDepeng Liu,2017,https://link.springer.com/chapter/10.1007/978-3-662-54577-5_12,Conference paper
Probabilistic verification and synthesis of the next generation airborne collision avoidance system,International Journal on Software Tools for Technology Transfer,,,,10.1007/s10009-015-0388-8,Christian von EssenDimitra Giannakopoulou,2015,https://link.springer.com/article/10.1007/s10009-015-0388-8,Article
On the Completeness of Selective Unification in Concolic Testing of Logic Programs,Logic-Based Program Synthesis and Transformation,,,,10.1007/978-3-319-63139-4_12,Fred MesnardÉtienne PayetGermán Vidal,2017,https://link.springer.com/chapter/10.1007/978-3-319-63139-4_12,Conference paper
Fair Termination for Parameterized Probabilistic Concurrent Systems,Tools and Algorithms for the Construction and Analysis of Systems,,,,10.1007/978-3-662-54577-5_29,Ondřej LengálAnthony W. LinRupak MajumdarPhilipp Rümmer,2017,https://link.springer.com/chapter/10.1007/978-3-662-54577-5_29,Conference paper
Tests and Refutation,Automated Technology for Verification and Analysis,,,,10.1007/978-3-319-68167-2_9,Mohammad Torabi DashtiDavid Basin,2017,https://link.springer.com/chapter/10.1007/978-3-319-68167-2_9,Conference paper
Evolved regression test suite selection using BCO and GA and empirical comparison with ACO,CSI Transactions on ICT,,,,10.1007/s40012-016-0080-5,Bharti SuriShweta Jindal,2015,https://link.springer.com/article/10.1007/s40012-016-0080-5,Article
Probabilistic Horn Clause Verification,Static Analysis,,,,10.1007/978-3-319-66706-5_1,Aws Albarghouthi,2017,https://link.springer.com/chapter/10.1007/978-3-319-66706-5_1,Conference paper
Assessing the quality of industrial avionics software: an extensive empirical evaluation,Empirical Software Engineering,,,,10.1007/s10664-016-9440-x,Ji WuShaukat AliTao YueJie TianChao Liu,2016,https://link.springer.com/article/10.1007/s10664-016-9440-x,Article
Automated Testing of Distributed and Heterogeneous Systems Based on UML Sequence Diagrams,Software Technologies,,,,10.1007/978-3-319-30142-6_21,Bruno LimaJoão Pascoal Faria,2016,https://link.springer.com/chapter/10.1007/978-3-319-30142-6_21,Conference paper
Assessing and improving quality of QVTo model transformations,Software Quality Journal,,,,10.1007/s11219-015-9280-8,Christine M. GerpheideRamon R. H. SchiffelersAlexander Serebrenik,2015,https://link.springer.com/article/10.1007/s11219-015-9280-8,Article
Witnessing the elimination of magic wands,International Journal on Software Tools for Technology Transfer,,,,10.1007/s10009-015-0372-3,Stefan BlomMarieke Huisman,2015,https://link.springer.com/article/10.1007/s10009-015-0372-3,Article
Tree Buffers,Computer Aided Verification,,,,10.1007/978-3-319-21690-4_17,Radu GrigoreStefan Kiefer,2015,https://link.springer.com/chapter/10.1007/978-3-319-21690-4_17,Conference paper
Automated Localisation Testing in Industry with Test $$^*$$,Testing Software and Systems,,,,10.1007/978-3-319-47443-4_17,Mireilla MartinezAnna I. EsparciaUrko RuedaTanja E. J. VosCarlos Ortega,2016,https://link.springer.com/chapter/10.1007/978-3-319-47443-4_17,Conference paper
Checking SysML Models for Co-simulation,Formal Methods and Software Engineering,,,,10.1007/978-3-319-47846-3_28,Nuno AmálioRichard PayneAna CavalcantiJim Woodcock,2016,https://link.springer.com/chapter/10.1007/978-3-319-47846-3_28,Conference paper
Model-based regression testing by OCL,International Journal on Software Tools for Technology Transfer,,,,10.1007/s10009-015-0408-8,Philipp ZechPhilipp KalbMichael FeldererColin AtkinsonRuth Breu,2015,https://link.springer.com/article/10.1007/s10009-015-0408-8,Article
Tactics for the Dafny Program Verifier,Tools and Algorithms for the Construction and Analysis of Systems,,,,10.1007/978-3-662-49674-9_3,Gudmund GrovVytautas Tumas,2016,https://link.springer.com/chapter/10.1007/978-3-662-49674-9_3,Conference paper
Synthesizing SystemC Code from Delay Hybrid CSP,Programming Languages and Systems,,,,10.1007/978-3-319-71237-6_2,Gaogao YanLi JiaoShuling WangNaijun Zhan,2017,https://link.springer.com/chapter/10.1007/978-3-319-71237-6_2,Conference paper
Formal Model-Based Development in Industrial Automation with Reactive Blocks,Software Technologies: Applications and Foundations,,,,10.1007/978-3-319-50230-4_19,Peter HerrmannJan Olaf Blech,2016,https://link.springer.com/chapter/10.1007/978-3-319-50230-4_19,Conference paper
Integration of Runtime Verification into Metamodeling for Simulation and Code Generation (Position Paper),Runtime Verification,,,,10.1007/978-3-319-46982-9_29,Fernando MaciasTorben ScheffelMalte SchmitzRui Wang,2016,https://link.springer.com/chapter/10.1007/978-3-319-46982-9_29,Conference paper
"Unified Simulation, Visualization, and Formal Analysis of Safety-Critical Systems with",Critical Systems: Formal Methods and Automated Verification,,,,10.1007/978-3-319-45943-1_11,Axel HabermaierJohannes LeupolzWolfgang Reif,2016,https://link.springer.com/chapter/10.1007/978-3-319-45943-1_11,Conference paper
Temporal Random Testing for Spark Streaming,Integrated Formal Methods,,,,10.1007/978-3-319-33693-0_25,Adrián RiescoJuan Rodríguez-Hortalá,2016,https://link.springer.com/chapter/10.1007/978-3-319-33693-0_25,Conference paper
EventB2Java: A Code Generator for Event-B,NASA Formal Methods,,,,10.1007/978-3-319-40648-0_13,Néstor CatañoVíctor Rivera,2016,https://link.springer.com/chapter/10.1007/978-3-319-40648-0_13,Conference paper
"Abstractions, Semantic Models and Analysis Tools for Concurrent Systems: Progress and Open Problems",Software Engineering and Formal Methods,,,,10.1007/978-3-319-41591-8_1,Gul Agha,2016,https://link.springer.com/chapter/10.1007/978-3-319-41591-8_1,Conference paper
Synchronous Products of Rewrite Systems,Automated Technology for Verification and Analysis,,,,10.1007/978-3-319-46520-3_10,Óscar MartínAlberto VerdejoNarciso Martí-Oliet,2016,https://link.springer.com/chapter/10.1007/978-3-319-46520-3_10,Conference paper
Cardinality of UDP Transmission Outcomes,"Dependable Software Engineering: Theories, Tools, and Applications",,,,10.1007/978-3-319-25942-0_8,Franz WeitlNazim SebihCyrille ArthoMasami HagiyaYoshinori TanabeYoriyuki YamagataMitsuharu Yamamoto,2015,https://link.springer.com/chapter/10.1007/978-3-319-25942-0_8,Conference paper
A Little Language for Testing,NASA Formal Methods,,,,10.1007/978-3-319-17524-9_15,Alex GroceJervis Pinto,2015,https://link.springer.com/chapter/10.1007/978-3-319-17524-9_15,Conference paper
Characterization of Source Code Defects by&#xa0;Data Mining Conducted on GitHub,Computational Science and Its Applications -- ICCSA 2015,,,,10.1007/978-3-319-21413-9_4,Péter GyimesiGábor GyimesiZoltán TóthRudolf Ferenc,2015,https://link.springer.com/chapter/10.1007/978-3-319-21413-9_4,Conference paper
Effective product-line testing using similarity-based product prioritization,Software & Systems Modeling,,,,10.1007/s10270-016-0569-2,Mustafa Al-HajjajiThomas ThümMalte LochauJens MeinickeGunter Saake,2016,https://link.springer.com/article/10.1007/s10270-016-0569-2,Article
A Modular Way to Reason About Iteration,NASA Formal Methods,,,,10.1007/978-3-319-40648-0_24,Jean-Christophe FilliâtreMário Pereira,2016,https://link.springer.com/chapter/10.1007/978-3-319-40648-0_24,Conference paper
Rahft: A Tool for Verifying Horn Clauses Using Abstract Interpretation and Finite Tree Automata,Computer Aided Verification,,,,10.1007/978-3-319-41528-4_14,Bishoksan KafleJohn P. GallagherJosé F. Morales,2016,https://link.springer.com/chapter/10.1007/978-3-319-41528-4_14,Conference paper
Second International Competition on Runtime Verification,Runtime Verification,,,,10.1007/978-3-319-23820-3_27,Yliès FalconeDejan NičkovićGiles RegerDaniel Thoma,2015,https://link.springer.com/chapter/10.1007/978-3-319-23820-3_27,Conference paper
MarQ: Monitoring at Runtime with QEA,Tools and Algorithms for the Construction and Analysis of Systems,,,,10.1007/978-3-662-46681-0_55,Giles RegerHelena Cuenca CruzDavid Rydeheard,2015,https://link.springer.com/chapter/10.1007/978-3-662-46681-0_55,Conference paper
Semantics in space systems architectures,Innovations in Systems and Software Engineering,,,,10.1007/s11334-015-0267-1,Alessandro Gerlinger RomeroKlaus SchneiderMaurício Gonçalves Vieira Ferreira,2015,https://link.springer.com/article/10.1007/s11334-015-0267-1,Article
Verification Support for a State-Transition-DSL Defined with Xtext,Perspectives of System Informatics,,,,10.1007/978-3-319-41579-6_5,Thomas Baar,2016,https://link.springer.com/chapter/10.1007/978-3-319-41579-6_5,Conference paper
Towards automation of IT systems repairs,Software Quality Journal,,,,10.1007/s11219-016-9335-5,Janusz GórskiMarek Kamiński,2016,https://link.springer.com/article/10.1007/s11219-016-9335-5,Article
Stateless model checking for TSO and PSO,Acta Informatica,,,,10.1007/s00236-016-0275-0,Parosh Aziz AbdullaStavros AronisMohamed Faouzi AtigBengt JonssonCarl LeonardssonKonstantinos Sagonas,2016,https://link.springer.com/article/10.1007/s00236-016-0275-0,Article
Taming Message-Passing Communication in Compositional Reasoning About Confidentiality,Programming Languages and Systems,,,,10.1007/978-3-319-71237-6_3,Ximeng LiHeiko MantelMarkus Tasch,2017,https://link.springer.com/chapter/10.1007/978-3-319-71237-6_3,Conference paper
Quantitative Assume Guarantee Synthesis,Computer Aided Verification,,,,10.1007/978-3-319-63390-9_19,Shaull AlmagorOrna KupfermanJan Oliver RingertYaron Velner,2017,https://link.springer.com/chapter/10.1007/978-3-319-63390-9_19,Conference paper
When RV Meets CEP,Runtime Verification,,,,10.1007/978-3-319-46982-9_6,Sylvain Hallé,2016,https://link.springer.com/chapter/10.1007/978-3-319-46982-9_6,Conference paper
Regular and context-free nominal traces,Acta Informatica,,,,10.1007/s00236-016-0261-6,Pierpaolo DeganoGian-Luigi FerrariGianluca Mezzetti,2016,https://link.springer.com/article/10.1007/s00236-016-0261-6,Article
Concolic Execution in Functional Programming by Program Instrumentation,Logic-Based Program Synthesis and Transformation,,,,10.1007/978-3-319-27436-2_17,Adrián PalaciosGermán Vidal,2015,https://link.springer.com/chapter/10.1007/978-3-319-27436-2_17,Conference paper
Dynamic Analysis Techniques to Reverse Engineer Mobile Applications,Software Technologies,,,,10.1007/978-3-319-30142-6_14,Philippe DugerdilRoland Sako,2016,https://link.springer.com/chapter/10.1007/978-3-319-30142-6_14,Conference paper
A General Lattice Model for Merging Symbolic Execution Branches,Formal Methods and Software Engineering,,,,10.1007/978-3-319-47846-3_5,Dominic ScheurerReiner HähnleRichard Bubel,2016,https://link.springer.com/chapter/10.1007/978-3-319-47846-3_5,Conference paper
The Expressive Power of Monotonic Parallel Composition,Programming Languages and Systems,,,,10.1007/978-3-662-49498-1_30,Johannes Åman PohjolaJoachim Parrow,2016,https://link.springer.com/chapter/10.1007/978-3-662-49498-1_30,Conference paper
Analysing the fitness landscape of search-based software testing problems,Automated Software Engineering,,,,10.1007/s10515-016-0197-7,Aldeida AletiI. MoserLars Grunske,2016,https://link.springer.com/article/10.1007/s10515-016-0197-7,Article
Incremental Computation of Deterministic Extensions for Dynamic Argumentation Frameworks,Logics in Artificial Intelligence,,,,10.1007/978-3-319-48758-8_19,Sergio GrecoFrancesco Parisi,2016,https://link.springer.com/chapter/10.1007/978-3-319-48758-8_19,Conference paper
H-Switch Cover: a new test criterion to generate test case from finite state machines,Software Quality Journal,,,,10.1007/s11219-015-9300-8,Érica Ferreira de SouzaValdivino Alexandre de Santiago JúniorNandamudi Lankalapalli Vijaykumar,2015,https://link.springer.com/article/10.1007/s11219-015-9300-8,Article
A dynamic default revision mechanism for speculative computation,Autonomous Agents and Multi-Agent Systems,,,,10.1007/s10458-016-9341-9,Tiago OliveiraKen SatohPaulo NovaisJosé NevesHiroshi Hosobe,2016,https://link.springer.com/article/10.1007/s10458-016-9341-9,Article
Abstracting an Operational Semantics to Finite Automata,"Information and Communication Technologies in Education, Research, and Industrial Applications",,,,10.1007/978-3-319-30246-1_7,Nadezhda BaklanovaWilmer RicciottiJan-Georg SmausMartin Strecker,2016,https://link.springer.com/chapter/10.1007/978-3-319-30246-1_7,Conference paper
Order Reduction for Multi-core Interruptible Operating Systems,"Verified Software. Theories, Tools, and Experiments",,,,10.1007/978-3-319-48869-1_3,Jonas Oberhauser,2016,https://link.springer.com/chapter/10.1007/978-3-319-48869-1_3,Conference paper
Exploring Mobile User Experience Through Code Quality Metrics,Product-Focused Software Process Improvement,,,,10.1007/978-3-319-49094-6_59,Gerardo CanforaAndrea Di SorboFrancesco MercaldoCorrado Aaron Visaggio,2016,https://link.springer.com/chapter/10.1007/978-3-319-49094-6_59,Conference paper
ML and Extended Branching VASS,Programming Languages and Systems,,,,10.1007/978-3-662-54434-1_12,Conrad Cotton-BarrattAndrzej S. MurawskiC. -H. Luke Ong,2017,https://link.springer.com/chapter/10.1007/978-3-662-54434-1_12,Conference paper
RERS 2016: Parallel and Sequential Benchmarks with Focus on LTL Verification,"Leveraging Applications of Formal Methods, Verification and Validation: Discussion, Dissemination, Applications",,,,10.1007/978-3-319-47169-3_59,Maren GeskeMarc JasperBernhard SteffenFalk HowarMarkus  SchordanJaco van de Pol,2016,https://link.springer.com/chapter/10.1007/978-3-319-47169-3_59,Conference paper
Model-Based Robustness Testing in Event-B Using Mutation,Software Engineering and Formal Methods,,,,10.1007/978-3-319-22969-0_10,Aymerick SavaryMarc FrappierMichael LeuschelJean-Louis Lanet,2015,https://link.springer.com/chapter/10.1007/978-3-319-22969-0_10,Conference paper
Hunting Memory Bugs in C Programs with Map2Check,Tools and Algorithms for the Construction and Analysis of Systems,,,,10.1007/978-3-662-49674-9_64,Herbert O. RochaRaimundo S. BarretoLucas C. Cordeiro,2016,https://link.springer.com/chapter/10.1007/978-3-662-49674-9_64,Conference paper
Model-Driven Design of Object and Component Systems,Engineering Trustworthy Software Systems,,,,10.1007/978-3-319-29628-9_4,Zhiming LiuXiaohong Chen,2016,https://link.springer.com/chapter/10.1007/978-3-319-29628-9_4,Conference paper
Kronecker Algebra for Static Analysis of Barriers in Ada,Reliable Software Technologies – Ada-Europe 2016,,,,10.1007/978-3-319-39083-3_10,Robert MittermayrJohann Blieberger,2016,https://link.springer.com/chapter/10.1007/978-3-319-39083-3_10,Conference paper
Model-Driven Active Automata Learning with LearnLib Studio,"Leveraging Applications of Formal Methods, Verification, and Validation",,,,10.1007/978-3-319-51641-7_8,Oliver BauerJohannes NeubauerMalte Isberner,2016,https://link.springer.com/chapter/10.1007/978-3-319-51641-7_8,Conference paper
A Decision Procedure for (Co)datatypes in SMT Solvers,Journal of Automated Reasoning,,,,10.1007/s10817-016-9372-6,Andrew ReynoldsJasmin Christian Blanchette,2016,https://link.springer.com/article/10.1007/s10817-016-9372-6,Article
Utilising $${\mathbb {K}}$$ Semantics for Collusion Detection in Android Applications,Critical Systems: Formal Methods and Automated Verification,,,,10.1007/978-3-319-45943-1_10,Irina Măriuca AsăvoaeHoang Nga NguyenMarkus RoggenbachSiraj Shaikh,2016,https://link.springer.com/chapter/10.1007/978-3-319-45943-1_10,Conference paper
Runtime Verification for Linear-Time Temporal Logic,Engineering Trustworthy Software Systems,,,,10.1007/978-3-319-56841-6_5,Martin Leucker,2017,https://link.springer.com/chapter/10.1007/978-3-319-56841-6_5,Conference paper
Some Thoughts on Runtime Verification,Runtime Verification,,,,10.1007/978-3-319-46982-9_1,Oded Maler,2016,https://link.springer.com/chapter/10.1007/978-3-319-46982-9_1,Conference paper
Extension of PRISM by Synthesis of Optimal Timeouts in Fixed-Delay CTMC,Integrated Formal Methods,,,,10.1007/978-3-319-33693-0_9,Ľuboš KorenčiakVojtěch ŘehákAdrian Farmadin,2016,https://link.springer.com/chapter/10.1007/978-3-319-33693-0_9,Conference paper
Generating Specifications for Recursive Methods by Abstracting Program States,"Dependable Software Engineering: Theories, Tools, and Applications",,,,10.1007/978-3-319-25942-0_16,Nathan Wasser,2015,https://link.springer.com/chapter/10.1007/978-3-319-25942-0_16,Conference paper
Runtime Monitoring for Concurrent Systems,Runtime Verification,,,,10.1007/978-3-319-46982-9_24,Yoriyuki YamagataCyrille ArthoMasami HagiyaJun InoueLei MaYoshinori TanabeMitsuharu Yamamoto,2016,https://link.springer.com/chapter/10.1007/978-3-319-46982-9_24,Conference paper
Predicting failures in agile software development through data analytics,Software Quality Journal,,,,10.1007/s11219-015-9285-3,Feras A. BatarsehAvelino J. Gonzalez,2015,https://link.springer.com/article/10.1007/s11219-015-9285-3,Article
Interactive Code Smells Detection: An Initial Investigation,Search Based Software Engineering,,,,10.1007/978-3-319-47106-8_24,Mohamed Wiem Mkaouer,2016,https://link.springer.com/chapter/10.1007/978-3-319-47106-8_24,Conference paper
Model Checking Process Scheduling over Multi-core Computer System with MSVL,Structured Object-Oriented Formal Language and Method,,,,10.1007/978-3-319-31220-0_8,Xinfeng ShuZhenhua Duan,2016,https://link.springer.com/chapter/10.1007/978-3-319-31220-0_8,Conference paper
Symbolic Execution with CEGAR,"Leveraging Applications of Formal Methods, Verification and Validation: Foundational Techniques",,,,10.1007/978-3-319-47166-2_14,Dirk BeyerThomas Lemberger,2016,https://link.springer.com/chapter/10.1007/978-3-319-47166-2_14,Conference paper
A Single Movement Normal Form for Minimalist Grammars,Formal Grammar,,,,10.1007/978-3-662-53042-9_12,Thomas GrafAlëna AksënovaAniello De Santo,2016,https://link.springer.com/chapter/10.1007/978-3-662-53042-9_12,Conference paper
Towards Incremental Validation of Railway Systems,"Leveraging Applications of Formal Methods, Verification and Validation: Discussion, Dissemination, Applications",,,,10.1007/978-3-319-47169-3_36,Reiner HähnleRadu Muschevici,2016,https://link.springer.com/chapter/10.1007/978-3-319-47169-3_36,Conference paper
Colored Nested Words,Language and Automata Theory and Applications,,,,10.1007/978-3-319-30000-9_11,Rajeev AlurDana Fisman,2016,https://link.springer.com/chapter/10.1007/978-3-319-30000-9_11,Conference paper
CHR(Curry): Interpretation and Compilation of Constraint Handling Rules in Curry,Practical Aspects of Declarative Languages,,,,10.1007/978-3-319-19686-2_6,Michael Hanus,2015,https://link.springer.com/chapter/10.1007/978-3-319-19686-2_6,Conference paper
Rely-Guarantee Termination and Cost Analyses of Loops with Concurrent Interleavings,Journal of Automated Reasoning,,,,10.1007/s10817-016-9400-6,Elvira AlbertAntonio Flores-MontoyaSamir GenaimEnrique Martin-Martin,2016,https://link.springer.com/article/10.1007/s10817-016-9400-6,Article
Towards a Logic for Inferring Properties of Event Streams,"Leveraging Applications of Formal Methods, Verification and Validation: Discussion, Dissemination, Applications",,,,10.1007/978-3-319-47169-3_31,Sean KauffmanRajeev JoshiKlaus Havelund,2016,https://link.springer.com/chapter/10.1007/978-3-319-47169-3_31,Conference paper
Automatic Performance Space Exploration of Web Applications,"Economics of Grids, Clouds, Systems, and Services",,,,10.1007/978-3-319-43177-2_15,Tanwir AhmadFredrik AbborsDragos Truscan,2016,https://link.springer.com/chapter/10.1007/978-3-319-43177-2_15,Conference paper
Application of metamorphic testing monitored by test adequacy in a Monte Carlo simulation program,Software Quality Journal,,,,10.1007/s11219-016-9337-3,Junhua DingXin-Hua Hu,2016,https://link.springer.com/article/10.1007/s11219-016-9337-3,Article
Exact Heap Summaries for Symbolic Execution,"Verification, Model Checking, and Abstract Interpretation",,,,10.1007/978-3-662-49122-5_10,Benjamin HilleryEric MercerNeha RungtaSuzette Person,2016,https://link.springer.com/chapter/10.1007/978-3-662-49122-5_10,Conference paper
A Semantic Framework for Proof Evidence,Journal of Automated Reasoning,,,,10.1007/s10817-016-9380-6,Zakaria ChihaniDale MillerFabien Renaud,2016,https://link.springer.com/article/10.1007/s10817-016-9380-6,Article
Some recent advances in automated analysis,International Journal on Software Tools for Technology Transfer,,,,10.1007/s10009-015-0403-0,Erika ÁbrahámKlaus Havelund,2015,https://link.springer.com/article/10.1007/s10009-015-0403-0,Article
Heterogeneous Semantics and Unifying Theories,"Leveraging Applications of Formal Methods, Verification and Validation: Foundational Techniques",,,,10.1007/978-3-319-47166-2_26,Jim WoodcockSimon FosterAndrew Butterfield,2016,https://link.springer.com/chapter/10.1007/978-3-319-47166-2_26,Conference paper
A Framework for Epistemic Gossip Protocols,Multi-Agent Systems,,,,10.1007/978-3-319-17130-2_13,Maduka AttamahHans van DitmarschDavide GrossiWiebe van der Hoek,2015,https://link.springer.com/chapter/10.1007/978-3-319-17130-2_13,Conference paper
Inferring extended finite state machine models from software executions,Empirical Software Engineering,,,,10.1007/s10664-015-9367-7,Neil WalkinshawRamsay TaylorJohn Derrick,2015,https://link.springer.com/article/10.1007/s10664-015-9367-7,Article
Proving Parameterized Systems Safe by Generalizing Clausal Proofs of Small Instances,Computer Aided Verification,,,,10.1007/978-3-319-41528-4_16,Michael DooleyFabio Somenzi,2016,https://link.springer.com/chapter/10.1007/978-3-319-41528-4_16,Conference paper
An Efficient and Flexible Deterministic Framework for Multithreaded Programs,Journal of Computer Science and Technology,,,,10.1007/s11390-015-1503-8,Kai LuXu ZhouXiao-Ping WangTom BerganChen Chen,2015,https://link.springer.com/article/10.1007/s11390-015-1503-8,Article
A Testing-Based Approach to Ensure the Safety of Shared Resource Concurrent Systems,Software Engineering and Formal Methods,,,,10.1007/978-3-319-15201-1_8,Lars-Åke FredlundÁngel HerranzJulio Mariño,2015,https://link.springer.com/chapter/10.1007/978-3-319-15201-1_8,Conference paper
Statistical Approximation of Optimal Schedulers for Probabilistic Timed Automata,Integrated Formal Methods,,,,10.1007/978-3-319-33693-0_7,Pedro R. D’ArgenioArnd HartmannsAxel LegaySean Sedwards,2016,https://link.springer.com/chapter/10.1007/978-3-319-33693-0_7,Conference paper
An Executable Semantics of Clock Constraint Specification Language and Its Applications,Formal Techniques for Safety-Critical Systems,,,,10.1007/978-3-319-29510-7_2,Min ZhangFrédéric Mallet,2016,https://link.springer.com/chapter/10.1007/978-3-319-29510-7_2,Conference paper
A multi-objective test data generation approach for mutation testing of feature models,Journal of Software Engineering Research and Development,,,,10.1186/s40411-016-0030-9,Rui A. Matnei FilhoSilvia R. Vergilio,2016,https://link.springer.com/article/10.1186/s40411-016-0030-9,Article
"Model-based testing of NASA’s GMSEC, a reusable framework for ground system software",Innovations in Systems and Software Engineering,,,,10.1007/s11334-015-0254-6,Vignir GudmundssonChristoph SchulzeDharmalingam GanesanMikael LindvallRobert Wiegand,2015,https://link.springer.com/article/10.1007/s11334-015-0254-6,Article
A Monitoring Tool for a Branching-Time Logic,Runtime Verification,,,,10.1007/978-3-319-46982-9_31,Duncan Paul AttardAdrian Francalanza,2016,https://link.springer.com/chapter/10.1007/978-3-319-46982-9_31,Conference paper
MU-CSeq 0.4: Individual Memory Location Unwindings,Tools and Algorithms for the Construction and Analysis of Systems,,,,10.1007/978-3-662-49674-9_65,Ermenegildo TomascoTruc L. NguyenOmar InversoBernd FischerSalvatore La TorreGennaro Parlato,2016,https://link.springer.com/chapter/10.1007/978-3-662-49674-9_65,Conference paper
Parameterized model checking of rendezvous systems,Distributed Computing,,,,10.1007/s00446-017-0302-6,Benjamin AminofTomer KotekSasha RubinFrancesco SpegniHelmut Veith,2017,https://link.springer.com/article/10.1007/s00446-017-0302-6,Article
Loopy: Programmable and Formally Verified Loop Transformations,Static Analysis,,,,10.1007/978-3-662-53413-7_19,Kedar S. NamjoshiNimit Singhania,2016,https://link.springer.com/chapter/10.1007/978-3-662-53413-7_19,Conference paper
Ultimate Automizer with Two-track Proofs,Tools and Algorithms for the Construction and Analysis of Systems,,,,10.1007/978-3-662-49674-9_68,Matthias HeizmannDaniel DietschMarius GreitschusJan LeikeBetim MusaClaus SchätzleAndreas Podelski,2016,https://link.springer.com/chapter/10.1007/978-3-662-49674-9_68,Conference paper
Formalizing Single-Assignment Program Verification: An Adaptation-Complete Approach,Programming Languages and Systems,,,,10.1007/978-3-662-49498-1_3,Cláudio Belo LourençoMaria João FradeJorge Sousa Pinto,2016,https://link.springer.com/chapter/10.1007/978-3-662-49498-1_3,Conference paper
A Semantic Theory of the Internet of Things,Coordination Models and Languages,,,,10.1007/978-3-319-39519-7_10,Ruggero LanotteMassimo Merro,2016,https://link.springer.com/chapter/10.1007/978-3-319-39519-7_10,Conference paper
Seamless Integrated Simulation in Design and Verification Flow for Safety-Critical Systems,"Computer Safety, Reliability, and Security",,,,10.1007/978-3-319-45480-1_29,Ralph WeissneggerMarkus SchußChristian KreinerMarkus PistauerKay RömerChristian Steger,2016,https://link.springer.com/chapter/10.1007/978-3-319-45480-1_29,Conference paper
Improving the Correctness of Some Database Research Using ORA-Semantics,Conceptual Modeling,,,,10.1007/978-3-319-46397-1_1,Tok Wang LingZhong ZengMong Li LeeThuy Ngoc Le,2016,https://link.springer.com/chapter/10.1007/978-3-319-46397-1_1,Conference paper
Obfuscator Synthesis for Privacy and Utility,NASA Formal Methods,,,,10.1007/978-3-319-40648-0_11,Yi-Chin WuVasumathi RamanStéphane LafortuneSanjit A. Seshia,2016,https://link.springer.com/chapter/10.1007/978-3-319-40648-0_11,Conference paper
Machine-Checked Verification of the Correctness and Amortized Complexity of an Efficient Union-Find Implementation,Interactive Theorem Proving,,,,10.1007/978-3-319-22102-1_9,Arthur CharguéraudFrançois Pottier,2015,https://link.springer.com/chapter/10.1007/978-3-319-22102-1_9,Conference paper
Monitoring modulo theories,International Journal on Software Tools for Technology Transfer,,,,10.1007/s10009-015-0380-3,Normann DeckerMartin LeuckerDaniel Thoma,2015,https://link.springer.com/article/10.1007/s10009-015-0380-3,Article
Default Rules for Curry,Practical Aspects of Declarative Languages,,,,10.1007/978-3-319-28228-2_5,Sergio AntoyMichael Hanus,2016,https://link.springer.com/chapter/10.1007/978-3-319-28228-2_5,Conference paper
Inferring a Relax NG Schema from XML Documents,Language and Automata Theory and Applications,,,,10.1007/978-3-319-30000-9_31,Guen-Hae KimSang-Ki KoYo-Sub Han,2016,https://link.springer.com/chapter/10.1007/978-3-319-30000-9_31,Conference paper
Block Library Driven Translation Validation for Dataflow Models in Safety Critical Systems,Critical Systems: Formal Methods and Automated Verification,,,,10.1007/978-3-319-45943-1_8,Arnaud DieumegardAndres ToomMarc Pantel,2016,https://link.springer.com/chapter/10.1007/978-3-319-45943-1_8,Conference paper
An Embedded DSL for High Performance Declarative Communication with Correctness Guarantees in C++,Languages and Compilers for Parallel Computing,,,,10.1007/978-3-319-29778-1_13,Nilesh MahajanEric HolkArun ChauhanAndrew Lumsdaine,2016,https://link.springer.com/chapter/10.1007/978-3-319-29778-1_13,Conference paper
Certified Derivative-Based Parsing of Regular Expressions,Programming Languages,,,,10.1007/978-3-319-45279-1_7,Raul LopesRodrigo RibeiroCarlos Camarão,2016,https://link.springer.com/chapter/10.1007/978-3-319-45279-1_7,Conference paper
A Universal Control Construct for Abstract State Machines,"Abstract State Machines, Alloy, B, TLA, VDM, and Z",,,,10.1007/978-3-319-33600-8_2,Michael StegmaierMarcel DausendAlexander RaschkeMatthias Tichy,2016,https://link.springer.com/chapter/10.1007/978-3-319-33600-8_2,Conference paper
Contract-based modeling and verification of timed safety requirements within SysML,Software & Systems Modeling,,,,10.1007/s10270-015-0481-1,Iulia DragomirIulian OberChristian Percebois,2015,https://link.springer.com/article/10.1007/s10270-015-0481-1,Article
Denotational fixed-point semantics for constructive scheduling of synchronous concurrency,Acta Informatica,,,,10.1007/s00236-015-0238-x,Joaquín AguadoMichael MendlerReinhard von HanxledenInsa Fuhrmann,2015,https://link.springer.com/article/10.1007/s00236-015-0238-x,Article
Predicting Space Requirements for a Stream Monitor Specification Language,Runtime Verification,,,,10.1007/978-3-319-46982-9_9,David M. CernaWolfgang SchreinerTemur Kutsia,2016,https://link.springer.com/chapter/10.1007/978-3-319-46982-9_9,Conference paper
Efficient family-based model checking via variability abstractions,International Journal on Software Tools for Technology Transfer,,,,10.1007/s10009-016-0425-2,Aleksandar S. DimovskiAhmad Salim Al-SibahiClaus BrabrandAndrzej Wąsowski,2016,https://link.springer.com/article/10.1007/s10009-016-0425-2,Article
A High-Level Model Checking Language with Compile-Time Pruning of Local Variables,Software Technologies: Applications and Foundations,,,,10.1007/978-3-319-50230-4_6,Giovanni PardiniPaolo Milazzo,2016,https://link.springer.com/chapter/10.1007/978-3-319-50230-4_6,Conference paper
A Study of Concurrency Bugs in an Open Source Software,Open Source Systems: Integrating Communities,,,,10.1007/978-3-319-39225-7_2,Sara Abbaspour AsadollahDaniel SundmarkSigrid EldhHans HanssonEduard Paul Enoiu,2016,https://link.springer.com/chapter/10.1007/978-3-319-39225-7_2,Conference paper
State Space Planning Using Transaction Logic,Practical Aspects of Declarative Languages,,,,10.1007/978-3-319-19686-2_2,Reza BassedaMichael Kifer,2015,https://link.springer.com/chapter/10.1007/978-3-319-19686-2_2,Conference paper
FISSC: A Fault Injection and Simulation Secure&#xa0;Collection,"Computer Safety, Reliability, and Security",,,,10.1007/978-3-319-45477-1_1,Louis DureuilGuillaume PetiotMarie-Laure PotetThanh-Ha LeAude CrohenPhilippe de Choudens,2016,https://link.springer.com/chapter/10.1007/978-3-319-45477-1_1,Conference paper
Early detection of evolving system failures and temporal conflicts using parameterized formal specifications and bounded constraint-solving,Innovations in Systems and Software Engineering,,,,10.1007/s11334-015-0244-8,Doron Drusinsky,2015,https://link.springer.com/article/10.1007/s11334-015-0244-8,Article
A Relational Encoding for a Clash-Free Subset of ASMs,"Abstract State Machines, Alloy, B, TLA, VDM, and Z",,,,10.1007/978-3-319-33600-8_15,Gerhard SchellhornGidon ErnstJörg PfählerWolfgang Reif,2016,https://link.springer.com/chapter/10.1007/978-3-319-33600-8_15,Conference paper
Modeling Actor Systems Using Dynamic I/O Automata,Perspectives of System Informatics,,,,10.1007/978-3-319-41579-6_15,Ilham W. KurniaArnd Poetzsch-Heffter,2016,https://link.springer.com/chapter/10.1007/978-3-319-41579-6_15,Conference paper
Symblicit algorithms for mean-payoff and shortest path in monotonic Markov decision processes,Acta Informatica,,,,10.1007/s00236-016-0255-4,Aaron BohyVéronique BruyèreJean-François RaskinNathalie Bertrand,2016,https://link.springer.com/article/10.1007/s00236-016-0255-4,Article
Progress-Sensitive Security for SPARK,Engineering Secure Software and Systems,,,,10.1007/978-3-319-30806-7_2,Willard RafnssonDeepak GargAndrei Sabelfeld,2016,https://link.springer.com/chapter/10.1007/978-3-319-30806-7_2,Conference paper
Towards a Standardized Quality Assessment Framework for OCCI-Controlled Cloud Infrastructures,Cloud Computing and Services Science,,,,10.1007/978-3-319-29582-4_4,Yongzheng Liang,2016,https://link.springer.com/chapter/10.1007/978-3-319-29582-4_4,Conference paper
Specification: The Biggest Bottleneck in Formal Methods and Autonomy,"Verified Software. Theories, Tools, and Experiments",,,,10.1007/978-3-319-48869-1_2,Kristin Yvonne Rozier,2016,https://link.springer.com/chapter/10.1007/978-3-319-48869-1_2,Conference paper
Approaching the Coverability Problem Continuously,Tools and Algorithms for the Construction and Analysis of Systems,,,,10.1007/978-3-662-49674-9_28,Michael BlondinAlain FinkelChristoph HaaseSerge Haddad,2016,https://link.springer.com/chapter/10.1007/978-3-662-49674-9_28,Conference paper
Compiling Graph Programs to C,Graph Transformation,,,,10.1007/978-3-319-40530-8_7,Christopher BakDetlef Plump,2016,https://link.springer.com/chapter/10.1007/978-3-319-40530-8_7,Conference paper
An Algorithm Inspired by Constraint Solvers to Infer Inductive Invariants in Numeric Programs,Programming Languages and Systems,,,,10.1007/978-3-662-49498-1_22,Antoine MinéJason BreckThomas Reps,2016,https://link.springer.com/chapter/10.1007/978-3-662-49498-1_22,Conference paper
Refinement-Based Verification of the FreeRTOS Scheduler in VCC,Formal Methods and Software Engineering,,,,10.1007/978-3-319-25423-4_11,Sumesh DivakaranDeepak D’SouzaAnirudh KushwahPrahladavaradan SampathNigamanth SridharJim Woodcock,2015,https://link.springer.com/chapter/10.1007/978-3-319-25423-4_11,Conference paper
Quantitative Monitoring of STL with Edit Distance,Runtime Verification,,,,10.1007/978-3-319-46982-9_13,Stefan JakšićEzio BartocciRadu GrosuDejan Ničković,2016,https://link.springer.com/chapter/10.1007/978-3-319-46982-9_13,Conference paper
Compositional Semantics and Analysis of Hierarchical Block Diagrams,Model Checking Software,,,,10.1007/978-3-319-32582-8_3,Iulia DragomirViorel PreoteasaStavros Tripakis,2016,https://link.springer.com/chapter/10.1007/978-3-319-32582-8_3,Conference paper
Towards Formal Verification of Orchestration Computations Using the ${\mathbb K}$ Framework,FM 2015: Formal Methods,,,,10.1007/978-3-319-19249-9_4,Musab A. AlTurkiOmar Alzuhaibi,2015,https://link.springer.com/chapter/10.1007/978-3-319-19249-9_4,Conference paper
Calculating Certified Compilers for Non-deterministic Languages,Mathematics of Program Construction,,,,10.1007/978-3-319-19797-5_8,Patrick Bahr,2015,https://link.springer.com/chapter/10.1007/978-3-319-19797-5_8,Conference paper
Game Semantic Analysis of Equivalence in IMJ,Automated Technology for Verification and Analysis,,,,10.1007/978-3-319-24953-7_30,Andrzej S. MurawskiSteven J. RamsayNikos Tzevelekos,2015,https://link.springer.com/chapter/10.1007/978-3-319-24953-7_30,Conference paper
Combining Dynamic and Static Analysis to Help Develop Correct Graph Transformations,Tests and Proofs,,,,10.1007/978-3-319-41135-4_11,Amani MakhloufHanh Nhi TranChristian PerceboisMartin Strecker,2016,https://link.springer.com/chapter/10.1007/978-3-319-41135-4_11,Conference paper
Qualitative and Quantitative Monitoring of Spatio-Temporal Properties,Runtime Verification,,,,10.1007/978-3-319-23820-3_2,Laura NenziLuca BortolussiVincenzo CianciaMichele LoretiMieke Massink,2015,https://link.springer.com/chapter/10.1007/978-3-319-23820-3_2,Conference paper
Parallel Materialization of Datalog Programs with Spark for Scalable Reasoning,Web Information Systems Engineering – WISE 2016,,,,10.1007/978-3-319-48740-3_27,Haijiang WuJie LiuTao WangDan YeJun WeiHua Zhong,2016,https://link.springer.com/chapter/10.1007/978-3-319-48740-3_27,Conference paper
Towards the Formal Verification of Data-Intensive Applications Through Metric Temporal Logic,Formal Methods and Software Engineering,,,,10.1007/978-3-319-47846-3_13,Francesco MarconiMarcello M. BersaniMadalina ErascuMatteo Rossi,2016,https://link.springer.com/chapter/10.1007/978-3-319-47846-3_13,Conference paper
Semantic Mutation Testing for Multi-agent Systems,Engineering Multi-Agent Systems,,,,10.1007/978-3-319-26184-3_8,Zhan HuangRob Alexander,2015,https://link.springer.com/chapter/10.1007/978-3-319-26184-3_8,Conference paper
Effective software fault localization using predicted execution results,Software Quality Journal,,,,10.1007/s11219-015-9295-1,Ruizhi GaoW. Eric WongZhenyu ChenYabin Wang,2015,https://link.springer.com/article/10.1007/s11219-015-9295-1,Article
Efficient Verification of Program Fragments: Eager POR,Automated Technology for Verification and Analysis,,,,10.1007/978-3-319-46520-3_24,Patrick MetzlerHabib SaissiPéter BokorRobin HesseNeeraj Suri,2016,https://link.springer.com/chapter/10.1007/978-3-319-46520-3_24,Conference paper
Sound and Precise Cross-Layer Data Flow Tracking,Engineering Secure Software and Systems,,,,10.1007/978-3-319-30806-7_3,Enrico LovatMartín OchoaAlexander Pretschner,2016,https://link.springer.com/chapter/10.1007/978-3-319-30806-7_3,Conference paper
Counterexample-Guided Prefix Refinement Analysis for Program Verification,"Leveraging Applications of Formal Methods, Verification, and Validation",,,,10.1007/978-3-319-51641-7_9,Marc Jasper,2016,https://link.springer.com/chapter/10.1007/978-3-319-51641-7_9,Conference paper
Eliminating Data Race Warnings Using CSP,Reliable Software Technologies – Ada-Europe 2016,,,,10.1007/978-3-319-39083-3_3,Martin Wittiger,2016,https://link.springer.com/chapter/10.1007/978-3-319-39083-3_3,Conference paper
On the Uniform Random Generation of Non Deterministic Automata Up&#xa0;to Isomorphism,Implementation and Application of Automata,,,,10.1007/978-3-319-22360-5_12,Pierre-Cyrille HéamJean-Luc Joly,2015,https://link.springer.com/chapter/10.1007/978-3-319-22360-5_12,Conference paper
Model-Based Testing of Probabilistic Systems,Fundamental Approaches to Software Engineering,,,,10.1007/978-3-662-49665-7_15,Marcus GerholdMariëlle Stoelinga,2016,https://link.springer.com/chapter/10.1007/978-3-662-49665-7_15,Conference paper
A Formal C Memory Model for Separation Logic,Journal of Automated Reasoning,,,,10.1007/s10817-016-9369-1,Robbert Krebbers,2016,https://link.springer.com/article/10.1007/s10817-016-9369-1,Article
Practical Analysis Framework for Component Systems with Dynamic Reconfigurations,Formal Methods and Software Engineering,,,,10.1007/978-3-319-25423-4_18,Olga KouchnarenkoJean-François Weber,2015,https://link.springer.com/chapter/10.1007/978-3-319-25423-4_18,Conference paper
Programming Deliberation Strategies in Meta-APL,PRIMA 2015: Principles and Practice of Multi-Agent Systems,,,,10.1007/978-3-319-25524-8_27,Sam LeaskBrian Logan,2015,https://link.springer.com/chapter/10.1007/978-3-319-25524-8_27,Conference paper
Multi-core Model Checking of Large-Scale Reactive Systems Using Different State Representations,"Leveraging Applications of Formal Methods, Verification and Validation: Foundational Techniques",,,,10.1007/978-3-319-47166-2_15,Marc JasperMarkus Schordan,2016,https://link.springer.com/chapter/10.1007/978-3-319-47166-2_15,Conference paper
Faster Linearizability Checking via P-Compositionality,"Formal Techniques for Distributed Objects, Components, and Systems",,,,10.1007/978-3-319-19195-9_4,Alex HornDaniel Kroening,2015,https://link.springer.com/chapter/10.1007/978-3-319-19195-9_4,Conference paper
Machines Reasoning About Machines: 2015,Automated Technology for Verification and Analysis,,,,10.1007/978-3-319-24953-7_2,J Strother Moore,2015,https://link.springer.com/chapter/10.1007/978-3-319-24953-7_2,Conference paper
Modeling Quantitative Aspects of Concurrent Systems Using Weighted Petri Net Transducers,Application and Theory of Petri Nets and Concurrency,,,,10.1007/978-3-319-19488-2_3,Robert Lorenz,2015,https://link.springer.com/chapter/10.1007/978-3-319-19488-2_3,Conference paper
Reflecting on Agent Programming with AgentSpeak(L),PRIMA 2015: Principles and Practice of Multi-Agent Systems,,,,10.1007/978-3-319-25524-8_22,Rem W. CollierSeán RussellDavid Lillis,2015,https://link.springer.com/chapter/10.1007/978-3-319-25524-8_22,Conference paper
CSP and Kripke Structures,Theoretical Aspects of Computing - ICTAC 2015,,,,10.1007/978-3-319-25150-9_29,Ana CavalcantiWen-ling HuangJan PeleskaJim Woodcock,2015,https://link.springer.com/chapter/10.1007/978-3-319-25150-9_29,Conference paper
Program Analysis with Local Policy Iteration,"Verification, Model Checking, and Abstract Interpretation",,,,10.1007/978-3-662-49122-5_6,Egor George KarpenkovDavid MonniauxPhilipp Wendler,2016,https://link.springer.com/chapter/10.1007/978-3-662-49122-5_6,Conference paper
Verification of Concurrent Programs on Weak Memory Models,Theoretical Aspects of Computing – ICTAC 2016,,,,10.1007/978-3-319-46750-4_1,Oleg TravkinHeike Wehrheim,2016,https://link.springer.com/chapter/10.1007/978-3-319-46750-4_1,Conference paper
Correct-by-Construction Evolution of Realisable Conversation Protocols,Model and Data Engineering,,,,10.1007/978-3-319-45547-1_21,Sarah BenyagoubMeriem OuederniNeeraj Kumar SinghYamine Ait-Ameur,2016,https://link.springer.com/chapter/10.1007/978-3-319-45547-1_21,Conference paper
Exact Discretization of 3-Speed Rational Signal Machines into Cellular Automata,Cellular Automata and Discrete Complex Systems,,,,10.1007/978-3-319-39300-1_6,Tom BessonJérôme Durand-Lose,2016,https://link.springer.com/chapter/10.1007/978-3-319-39300-1_6,Conference paper
Occam’s Razor Applied to the Petri Net Coverability Problem,Reachability Problems,,,,10.1007/978-3-319-45994-3_6,Thomas GeffroyJérôme LerouxGrégoire Sutre,2016,https://link.springer.com/chapter/10.1007/978-3-319-45994-3_6,Conference paper
PANDA: Simultaneous Predicate Abstraction and Concrete Execution,Hardware and Software: Verification and Testing,,,,10.1007/978-3-319-26287-1_6,Jakub DanielPavel Parízek,2015,https://link.springer.com/chapter/10.1007/978-3-319-26287-1_6,Conference paper
Markov Chains and Unambiguous Büchi Automata,Computer Aided Verification,,,,10.1007/978-3-319-41528-4_2,Christel BaierStefan KieferJoachim KleinSascha KlüppelholzDavid MüllerJames Worrell,2016,https://link.springer.com/chapter/10.1007/978-3-319-41528-4_2,Conference paper
On Two Friends for Getting Correct Programs,"Leveraging Applications of Formal Methods, Verification and Validation: Foundational Techniques",,,,10.1007/978-3-319-47166-2_57,Zheng ChengDominique MéryRosemary Monahan,2016,https://link.springer.com/chapter/10.1007/978-3-319-47166-2_57,Conference paper
An Interface Theory for the Internet of Things,Software Engineering and Formal Methods,,,,10.1007/978-3-319-22969-0_2,Marten LohstrohEdward A. Lee,2015,https://link.springer.com/chapter/10.1007/978-3-319-22969-0_2,Conference paper
Improving the scalability of formal human–automation interaction verification analyses that use task-analytic models,Innovations in Systems and Software Engineering,,,,10.1007/s11334-016-0272-z,Matthew L. BoltonXi ZhengKylie MolinaroAdam HouserMeng Li,2016,https://link.springer.com/article/10.1007/s11334-016-0272-z,Article
Hardware Implementations of Finite Automata and Regular Expressions,Implementation and Application of Automata,,,,10.1007/978-3-319-22360-5_2,Bruce W. Watson,2015,https://link.springer.com/chapter/10.1007/978-3-319-22360-5_2,Conference paper
FOREPOST: finding performance problems automatically with feedback-directed learning software testing,Empirical Software Engineering,,,,10.1007/s10664-015-9413-5,Qi LuoAswathy NairMark GrechanikDenys Poshyvanyk,2015,https://link.springer.com/article/10.1007/s10664-015-9413-5,Article
Derived-Term Automata of Multitape Rational Expressions,Implementation and Application of Automata,,,,10.1007/978-3-319-40946-7_5,Akim Demaille,2016,https://link.springer.com/chapter/10.1007/978-3-319-40946-7_5,Conference paper
A Method for Improving the Precision and Coverage of Atomicity Violation Predictions,Tools and Algorithms for the Construction and Analysis of Systems,,,,10.1007/978-3-662-46681-0_8,Reng ZengZhuo SunSu LiuXudong He,2015,https://link.springer.com/chapter/10.1007/978-3-662-46681-0_8,Conference paper
MaLeS: A Framework for Automatic Tuning of Automated Theorem Provers,Journal of Automated Reasoning,,,,10.1007/s10817-015-9329-1,Daniel KühlweinJosef Urban,2015,https://link.springer.com/article/10.1007/s10817-015-9329-1,Article
Advances in Symbolic Probabilistic Model Checking with PRISM,Tools and Algorithms for the Construction and Analysis of Systems,,,,10.1007/978-3-662-49674-9_20,Joachim KleinChristel BaierPhilipp ChrszonMarcus DaumClemens  DubslaffSascha KlüppelholzSteffen MärckerDavid Müller,2016,https://link.springer.com/chapter/10.1007/978-3-662-49674-9_20,Conference paper
A Textual Domain-Specific Language Based on the UML Testing Profile,Model-Driven Engineering and Software Development,,,,10.1007/978-3-319-27869-8_9,Johannes IberNermin KajtazovićGeorg MacherAndrea HöllerTobias RauterChristian Kreiner,2015,https://link.springer.com/chapter/10.1007/978-3-319-27869-8_9,Conference paper
Counterexample Guided Abstraction Refinement for Stability Analysis,Computer Aided Verification,,,,10.1007/978-3-319-41528-4_27,Pavithra PrabhakarMiriam García Soto,2016,https://link.springer.com/chapter/10.1007/978-3-319-41528-4_27,Conference paper
Type-Based Analysis for Session Inference (Extended Abstract),"Formal Techniques for Distributed Objects, Components, and Systems",,,,10.1007/978-3-319-39570-8_17,Carlo SpaccasassiVasileios Koutavas,2016,https://link.springer.com/chapter/10.1007/978-3-319-39570-8_17,Conference paper
Modelling Attack-defense Trees Using Timed Automata,Formal Modeling and Analysis of Timed Systems,,,,10.1007/978-3-319-44878-7_3,Olga GadyatskayaRené Rydhof HansenKim Guldstrand LarsenAxel LegayMads Chr. OlesenDanny Bøgsted Poulsen,2016,https://link.springer.com/chapter/10.1007/978-3-319-44878-7_3,Conference paper
Towards Quantitative Verification of Reaction Systems,Unconventional Computation and Natural Computation,,,,10.1007/978-3-319-41312-9_12,Artur MęskiMaciej KoutnyWojciech Penczek,2016,https://link.springer.com/chapter/10.1007/978-3-319-41312-9_12,Conference paper
On the Feasibility of a Unified Modelling and Programming Paradigm,"Leveraging Applications of Formal Methods, Verification and Validation: Discussion, Dissemination, Applications",,,,10.1007/978-3-319-47169-3_4,Anne E. HaxthausenJan Peleska,2016,https://link.springer.com/chapter/10.1007/978-3-319-47169-3_4,Conference paper
Proving Event-B Models with Reusable Generic Lemmas,Formal Methods and Software Engineering,,,,10.1007/978-3-319-47846-3_14,Alexei IliasovPaulius StankaitisAlexander Romanovsky,2016,https://link.springer.com/chapter/10.1007/978-3-319-47846-3_14,Conference paper
Fragment-Based Diagnosis of Spreadsheets,Software Technologies: Applications and Foundations,,,,10.1007/978-3-319-50230-4_28,Thomas SchmitzBirgit HoferDietmar JannachFranz Wotawa,2016,https://link.springer.com/chapter/10.1007/978-3-319-50230-4_28,Conference paper
Towards Symbolic Execution in Erlang,Perspectives of System Informatics,,,,10.1007/978-3-662-46823-4_28,Germán Vidal,2015,https://link.springer.com/chapter/10.1007/978-3-662-46823-4_28,Conference paper
Testing for Distinguishing Repair Candidates in Spreadsheets – the Mussco Approach,Testing Software and Systems,,,,10.1007/978-3-319-25945-1_8,Rui AbreuSimon AußerlechnerBirgit HoferFranz Wotawa,2015,https://link.springer.com/chapter/10.1007/978-3-319-25945-1_8,Conference paper
Back-to-Back Testing of Self-organization Mechanisms,Testing Software and Systems,,,,10.1007/978-3-319-47443-4_2,Benedikt EberhardingerAxel HabermaierHella SeebachWolfgang Reif,2016,https://link.springer.com/chapter/10.1007/978-3-319-47443-4_2,Conference paper
Model Checking with Multi-threaded IC3 Portfolios,"Verification, Model Checking, and Abstract Interpretation",,,,10.1007/978-3-662-49122-5_25,Sagar ChakiDerrick Karimi,2016,https://link.springer.com/chapter/10.1007/978-3-662-49122-5_25,Conference paper
Choreographic Compilation of Decentralized Comprehension Patterns,"Rule Technologies. Research, Tools, and Applications",,,,10.1007/978-3-319-42019-6_8,Iliano CervesatoEdmund Soon Lee LamAli Elgazar,2016,https://link.springer.com/chapter/10.1007/978-3-319-42019-6_8,Conference paper
Monadic Sequence Testing and Explicit Test-Refinements,Tests and Proofs,,,,10.1007/978-3-319-41135-4_2,Achim D. BruckerBurkhart Wolff,2016,https://link.springer.com/chapter/10.1007/978-3-319-41135-4_2,Conference paper
Fault-Aware Modeling and Specification for Efficient Formal Safety Analysis,Critical Systems: Formal Methods and Automated Verification,,,,10.1007/978-3-319-45943-1_7,Axel HabermaierAlexander KnappJohannes LeupolzWolfgang Reif,2016,https://link.springer.com/chapter/10.1007/978-3-319-45943-1_7,Conference paper
Bounded TSO-to-SC Linearizability Is Decidable,SOFSEM 2016: Theory and Practice of Computer Science,,,,10.1007/978-3-662-49192-8_33,Chao WangYi LvPeng Wu,2016,https://link.springer.com/chapter/10.1007/978-3-662-49192-8_33,Conference paper
BSP-Why: A Tool for Deductive Verification of BSP Algorithms with Subgroup Synchronisation,International Journal of Parallel Programming,,,,10.1007/s10766-015-0360-y,Jean FortinFrédéric Gava,2015,https://link.springer.com/article/10.1007/s10766-015-0360-y,Article
LearnLib Tutorial,Runtime Verification,,,,10.1007/978-3-319-23820-3_25,Malte IsbernerBernhard SteffenFalk Howar,2015,https://link.springer.com/chapter/10.1007/978-3-319-23820-3_25,Conference paper
An integrated semantics for reasoning about SysML design models using refinement,Software & Systems Modeling,,,,10.1007/s10270-015-0492-y,Lucas LimaAlvaro MiyazawaAna CavalcantiMárcio CornélioJuliano IyodaAugusto SampaioRalph HainsAdrian LarkhamVaughan Lewis,2015,https://link.springer.com/article/10.1007/s10270-015-0492-y,Article
Uncovering JavaScript Performance Code Smells Relevant to Type Mutations,Programming Languages and Systems,,,,10.1007/978-3-319-26529-2_18,Xiao XiaoShi HanCharles ZhangDongmei Zhang,2015,https://link.springer.com/chapter/10.1007/978-3-319-26529-2_18,Conference paper
Specifying and Analyzing the Kademlia Protocol in Maude,Theoretical Aspects of Computing - ICTAC 2015,,,,10.1007/978-3-319-25150-9_30,Isabel PitaAdrián Riesco,2015,https://link.springer.com/chapter/10.1007/978-3-319-25150-9_30,Conference paper
An Automaton Learning Approach to Solving Safety Games over Infinite Graphs,Tools and Algorithms for the Construction and Analysis of Systems,,,,10.1007/978-3-662-49674-9_12,Daniel NeiderUfuk Topcu,2016,https://link.springer.com/chapter/10.1007/978-3-662-49674-9_12,Conference paper
From Array Domains to Abstract Interpretation Under Store-Buffer-Based Memory Models,Static Analysis,,,,10.1007/978-3-662-53413-7_23,Thibault SuzanneAntoine Miné,2016,https://link.springer.com/chapter/10.1007/978-3-662-53413-7_23,Conference paper
Equivalence-Based Abstraction Refinement for $$\mu $$ HORS Model Checking,Automated Technology for Verification and Analysis,,,,10.1007/978-3-319-46520-3_20,Xin LiNaoki Kobayashi,2016,https://link.springer.com/chapter/10.1007/978-3-319-46520-3_20,Conference paper
UFIT: A Tool for Modeling Faults in UPPAAL Timed Automata,NASA Formal Methods,,,,10.1007/978-3-319-17524-9_32,Reza HajisheykhiAli EbnenasirSandeep S. Kulkarni,2015,https://link.springer.com/chapter/10.1007/978-3-319-17524-9_32,Conference paper
The Reflective Milawa Theorem Prover is Sound (Down to the Machine Code that Runs it),Journal of Automated Reasoning,,,,10.1007/s10817-015-9324-6,Jared DavisMagnus O. Myreen,2015,https://link.springer.com/article/10.1007/s10817-015-9324-6,Article
Liveness of Randomised Parameterised Systems under Arbitrary Schedulers,Computer Aided Verification,,,,10.1007/978-3-319-41540-6_7,Anthony W. LinPhilipp Rümmer,2016,https://link.springer.com/chapter/10.1007/978-3-319-41540-6_7,Conference paper
On Atomicity in Presence of Non-atomic Writes,Tools and Algorithms for the Construction and Analysis of Systems,,,,10.1007/978-3-662-49674-9_29,Constantin EneaAzadeh Farzan,2016,https://link.springer.com/chapter/10.1007/978-3-662-49674-9_29,Conference paper
Verification of Higher-Order Concurrent Programs with Dynamic Resource Creation,Programming Languages and Systems,,,,10.1007/978-3-319-47958-3_18,Kazuhide YasukataTakeshi TsukadaNaoki Kobayashi,2016,https://link.springer.com/chapter/10.1007/978-3-319-47958-3_18,Conference paper
Bonsai: Cutting Models Down to Size,Perspectives of System Informatics,,,,10.1007/978-3-662-46823-4_29,Stefan VijzelaarKees VerstoepWan FokkinkHenri Bal,2015,https://link.springer.com/chapter/10.1007/978-3-662-46823-4_29,Conference paper
Comparing and experimenting machine learning techniques for code smell detection,Empirical Software Engineering,,,,10.1007/s10664-015-9378-4,Francesca Arcelli FontanaMika V. MäntyläMarco ZanoniAlessandro Marino,2015,https://link.springer.com/article/10.1007/s10664-015-9378-4,Article
From Ambiguous Regular Expressions to Deterministic Parsing Automata,Implementation and Application of Automata,,,,10.1007/978-3-319-22360-5_4,Angelo BorsottiLuca BreveglieriStefano Crespi ReghizziAngelo Morzenti,2015,https://link.springer.com/chapter/10.1007/978-3-319-22360-5_4,Conference paper
Verifying Fast and Sparse SSA-Based Optimizations in Coq,Compiler Construction,,,,10.1007/978-3-662-46663-6_12,Delphine DemangeDavid PichardieLéo Stefanesco,2015,https://link.springer.com/chapter/10.1007/978-3-662-46663-6_12,Conference paper
Path-Sensitive Race Detection with Partial Order Reduced Symbolic Execution,Software Engineering and Formal Methods,,,,10.1007/978-3-319-15201-1_20,Andreas Ibing,2015,https://link.springer.com/chapter/10.1007/978-3-319-15201-1_20,Conference paper
Combining Static Analysis and Testing for Deadlock Detection,Integrated Formal Methods,,,,10.1007/978-3-319-33693-0_26,Elvira AlbertMiguel Gómez-ZamalloaMiguel Isabel,2016,https://link.springer.com/chapter/10.1007/978-3-319-33693-0_26,Conference paper
Automated Conflict-Free Concurrent Implementation of Timed Component-Based Models,NASA Formal Methods,,,,10.1007/978-3-319-17524-9_25,Ahlem TrikiBorzoo BonakdarpourJacques CombazSaddek Bensalem,2015,https://link.springer.com/chapter/10.1007/978-3-319-17524-9_25,Conference paper
Regular Symmetry Patterns,"Verification, Model Checking, and Abstract Interpretation",,,,10.1007/978-3-662-49122-5_22,Anthony W. LinTruong Khanh NguyenPhilipp RümmerJun Sun,2016,https://link.springer.com/chapter/10.1007/978-3-662-49122-5_22,Conference paper
Conflict-Driven Conditional Termination,Computer Aided Verification,,,,10.1007/978-3-319-21668-3_16,Vijay D’SilvaCaterina Urban,2015,https://link.springer.com/chapter/10.1007/978-3-319-21668-3_16,Conference paper
Concurrent abstract state machines,Acta Informatica,,,,10.1007/s00236-015-0249-7,Egon BörgerKlaus-Dieter Schewe,2015,https://link.springer.com/article/10.1007/s00236-015-0249-7,Article
Automated Circular Assume-Guarantee Reasoning,FM 2015: Formal Methods,,,,10.1007/978-3-319-19249-9_3,Karam Abd ElkaderOrna GrumbergCorina S. PăsăreanuSharon Shoham,2015,https://link.springer.com/chapter/10.1007/978-3-319-19249-9_3,Conference paper
Evaluating the effect of a lightweight formal technique in industry,International Journal on Software Tools for Technology Transfer,,,,10.1007/s10009-015-0374-1,Ammar OsaiweranMathijs SchutsJozef HoomanJan Friso GrooteBart van Rijnsoever,2015,https://link.springer.com/article/10.1007/s10009-015-0374-1,Article
History-Based Specification and Verification of Scalable Concurrent and Distributed Systems,Formal Methods and Software Engineering,,,,10.1007/978-3-319-25423-4_14,Crystal Chang DinS. Lizeth Tapia TarifaReiner HähnleEinar Broch Johnsen,2015,https://link.springer.com/chapter/10.1007/978-3-319-25423-4_14,Conference paper
A Simpler Reduction Theorem for x86-TSO,"Verified Software: Theories, Tools, and Experiments",,,,10.1007/978-3-319-29613-5_9,Jonas Oberhauser,2016,https://link.springer.com/chapter/10.1007/978-3-319-29613-5_9,Conference paper
Consistency Verification of Specification Rules,Formal Methods and Software Engineering,,,,10.1007/978-3-319-25423-4_4,Thai Son HoangShinji ItohKyohei OyamaKunihiko MiyazakiHironobu KurumaNaoto Sato,2015,https://link.springer.com/chapter/10.1007/978-3-319-25423-4_4,Conference paper
A Specification Language for Static and Runtime Verification of Data and Control Properties,FM 2015: Formal Methods,,,,10.1007/978-3-319-19249-9_8,Wolfgang AhrendtJesús Mauricio ChimentoGordon J. PaceGerardo Schneider,2015,https://link.springer.com/chapter/10.1007/978-3-319-19249-9_8,Conference paper
A unified view of parameterized verification of abstract models of broadcast communication,International Journal on Software Tools for Technology Transfer,,,,10.1007/s10009-016-0412-7,Giorgio Delzanno,2016,https://link.springer.com/article/10.1007/s10009-016-0412-7,Article
Automated product line test case selection: industrial case study and controlled experiment,Software & Systems Modeling,,,,10.1007/s10270-015-0462-4,Shuai WangShaukat AliArnaud GotliebMarius Liaaen,2015,https://link.springer.com/article/10.1007/s10270-015-0462-4,Article
Gamifying Program Analysis,"Logic for Programming, Artificial Intelligence, and Reasoning",,,,10.1007/978-3-662-48899-7_41,Daniel FavaJulien SignolesMatthieu LemerreMartin SchäfAshish Tiwari,2015,https://link.springer.com/chapter/10.1007/978-3-662-48899-7_41,Conference paper
Safety Verification and Refutation by k-Invariants and k-Induction,Static Analysis,,,,10.1007/978-3-662-48288-9_9,Martin BrainSaurabh JoshiDaniel KroeningPeter Schrammel,2015,https://link.springer.com/chapter/10.1007/978-3-662-48288-9_9,Conference paper
Experimental Evaluation of a Novel Equivalence Class Partition Testing Strategy,Tests and Proofs,,,,10.1007/978-3-319-21215-9_10,Felix HübnerWen-ling HuangJan Peleska,2015,https://link.springer.com/chapter/10.1007/978-3-319-21215-9_10,Conference paper
A Formal Approach to Autonomic Systems Programming: The SCEL Language,Formal Aspects of Component Software,,,,10.1007/978-3-319-15317-9_2,Rocco De Nicola,2015,https://link.springer.com/chapter/10.1007/978-3-319-15317-9_2,Conference paper
Genetic Programming on Program Traces as an Inference Engine for Probabilistic Languages,Artificial General Intelligence,,,,10.1007/978-3-319-21365-1_2,Vita BatishchevaAlexey Potapov,2015,https://link.springer.com/chapter/10.1007/978-3-319-21365-1_2,Conference paper
The Next 700 Challenge Problems for Reasoning with Higher-Order Abstract Syntax Representations,Journal of Automated Reasoning,,,,10.1007/s10817-015-9327-3,Amy P. FeltyAlberto MomiglianoBrigitte Pientka,2015,https://link.springer.com/article/10.1007/s10817-015-9327-3,Article
Model Checking $$\mu $$ C/OS-III Multi-task System with TMSVL,Formal Methods and Software Engineering,,,,10.1007/978-3-319-25423-4_12,Jin CuiZhenhua DuanCong TianNan ZhangConghao Zhou,2015,https://link.springer.com/chapter/10.1007/978-3-319-25423-4_12,Conference paper
Integrating Protocol Contracts with Program Code – A Leightweight Approach for Applied Behaviour Models that Respect Their Execution Context,Behavior Modeling -- Foundations and Applications,,,,10.1007/978-3-319-21912-7_8,Marco KonersmannMichael Goedicke,2015,https://link.springer.com/chapter/10.1007/978-3-319-21912-7_8,Conference paper
Bridging the gap between test cases and requirements by abstract testing,Innovations in Systems and Software Engineering,,,,10.1007/s11334-015-0245-7,Florian MerzCarsten SinzHendrik PostThomas GorgesThomas Kropf,2015,https://link.springer.com/article/10.1007/s11334-015-0245-7,Article
Fully automated runtime enforcement of component-based systems with formal and sound recovery,International Journal on Software Tools for Technology Transfer,,,,10.1007/s10009-016-0413-6,Yliès FalconeMohamad Jaber,2016,https://link.springer.com/article/10.1007/s10009-016-0413-6,Article
A SysML Formal Framework to Combine Discrete and Continuous Simulation for Testing,Formal Methods and Software Engineering,,,,10.1007/978-3-319-25423-4_9,Jean-Marie GauthierFabrice BouquetAhmed HammadFabien Peureux,2015,https://link.springer.com/chapter/10.1007/978-3-319-25423-4_9,Conference paper
A Tool for the Automated Verification of Nash Equilibria in Concurrent Games,Theoretical Aspects of Computing - ICTAC 2015,,,,10.1007/978-3-319-25150-9_34,Alexis ToumiJulian GutierrezMichael Wooldridge,2015,https://link.springer.com/chapter/10.1007/978-3-319-25150-9_34,Conference paper
Hypervolume-Based Search for Test Case Prioritization,Search-Based Software Engineering,,,,10.1007/978-3-319-22183-0_11,Dario Di NucciAnnibale PanichellaAndy ZaidmanAndrea De Lucia,2015,https://link.springer.com/chapter/10.1007/978-3-319-22183-0_11,Conference paper
"Refinement to Certify Abstract Interpretations, Illustrated on Linearization for Polyhedra",Interactive Theorem Proving,,,,10.1007/978-3-319-22102-1_7,Sylvain BoulméAlexandre Maréchal,2015,https://link.springer.com/chapter/10.1007/978-3-319-22102-1_7,Conference paper
On the Semantics of Regular Expression Parsing in the Wild,Implementation and Application of Automata,,,,10.1007/978-3-319-22360-5_24,Martin BerglundBrink van der Merwe,2015,https://link.springer.com/chapter/10.1007/978-3-319-22360-5_24,Conference paper
Validation of the ABZ landing gear system using ProB,International Journal on Software Tools for Technology Transfer,,,,10.1007/s10009-015-0395-9,Lukas LadenbergerDominik HansenHarald WiegardJens BendispostoMichael Leuschel,2015,https://link.springer.com/article/10.1007/s10009-015-0395-9,Article
Towards Algebraic Semantics of Circus Time,Unifying Theories of Programming,,,,10.1007/978-3-319-14806-9_5,Kun WeiJim Woodcock,2015,https://link.springer.com/chapter/10.1007/978-3-319-14806-9_5,Conference paper
A Synchronous-Based Code Generator for Explicit Hybrid Systems Languages,Compiler Construction,,,,10.1007/978-3-662-46663-6_4,Timothy BourkeJean-Louis ColaçoBruno PaganoCédric PasteurMarc Pouzet,2015,https://link.springer.com/chapter/10.1007/978-3-662-46663-6_4,Conference paper
Skipping Refinement,Computer Aided Verification,,,,10.1007/978-3-319-21690-4_7,Mitesh JainPanagiotis Manolios,2015,https://link.springer.com/chapter/10.1007/978-3-319-21690-4_7,Conference paper
Deterministic Regular Expressions with&#xa0;Interleaving,Theoretical Aspects of Computing - ICTAC 2015,,,,10.1007/978-3-319-25150-9_13,Feifei PengHaiming ChenXiaoying Mou,2015,https://link.springer.com/chapter/10.1007/978-3-319-25150-9_13,Conference paper
Modeling and Efficient Verification of Broadcasting Actors,Fundamentals of Software Engineering,,,,10.1007/978-3-319-24644-4_5,Behnaz YousefiFatemeh GhassemiRamtin Khosravi,2015,https://link.springer.com/chapter/10.1007/978-3-319-24644-4_5,Conference paper
Synthesizing efficient systems in probabilistic environments,Acta Informatica,,,,10.1007/s00236-015-0237-y,Christian von EssenBarbara JobstmannDavid ParkerRahul Varshneya,2015,https://link.springer.com/article/10.1007/s00236-015-0237-y,Article
CPAchecker with Support for Recursive Programs and Floating-Point Arithmetic,Tools and Algorithms for the Construction and Analysis of Systems,,,,10.1007/978-3-662-46681-0_34,Matthias DanglStefan LöwePhilipp Wendler,2015,https://link.springer.com/chapter/10.1007/978-3-662-46681-0_34,Conference paper
Incremental Realization of Safety Requirements: Non-determinism vs. Modularity,Fundamentals of Software Engineering,,,,10.1007/978-3-319-24644-4_11,Ali Ebnenasir,2015,https://link.springer.com/chapter/10.1007/978-3-319-24644-4_11,Conference paper
MCMAS: an open-source model checker for the verification of multi-agent systems,International Journal on Software Tools for Technology Transfer,,,,10.1007/s10009-015-0378-x,Alessio LomuscioHongyang QuFranco Raimondi,2015,https://link.springer.com/article/10.1007/s10009-015-0378-x,Article
Can High Throughput Atone for High Latency in Compiler-Generated Protocol Code?,Fundamentals of Software Engineering,,,,10.1007/978-3-319-24644-4_17,Sung-Shik T. Q. JongmansFarhad Arbab,2015,https://link.springer.com/chapter/10.1007/978-3-319-24644-4_17,Conference paper
An Application of Temporal Projection to&#xa0;Interleaving Concurrency,"Dependable Software Engineering: Theories, Tools, and Applications",,,,10.1007/978-3-319-25942-0_10,Ben MoszkowskiDimitar P. Guelev,2015,https://link.springer.com/chapter/10.1007/978-3-319-25942-0_10,Conference paper
Large-scale information retrieval in software engineering - an experience report from industrial application,Empirical Software Engineering,,,,10.1007/s10664-015-9410-8,Michael UnterkalmsteinerTony GorschekRobert FeldtNiklas Lavesson,2015,https://link.springer.com/article/10.1007/s10664-015-9410-8,Article
Refinement to Imperative/HOL,Interactive Theorem Proving,,,,10.1007/978-3-319-22102-1_17,Peter Lammich,2015,https://link.springer.com/chapter/10.1007/978-3-319-22102-1_17,Conference paper
Severity Levels of Inconsistent Code,Automated Technology for Verification and Analysis,,,,10.1007/978-3-319-24953-7_8,Martin SchäfAshish Tiwari,2015,https://link.springer.com/chapter/10.1007/978-3-319-24953-7_8,Conference paper
Automata-Based Model Counting for String Constraints,Computer Aided Verification,,,,10.1007/978-3-319-21690-4_15,Abdulbaki AydinLucas BangTevfik Bultan,2015,https://link.springer.com/chapter/10.1007/978-3-319-21690-4_15,Conference paper
Cost-Effective Industrial Software Rejuvenation Using Domain-Specific Models,Theory and Practice of Model Transformations,,,,10.1007/978-3-319-21155-8_6,Arjan J. MooijGernot EggenJozef HoomanHans van Wezep,2015,https://link.springer.com/chapter/10.1007/978-3-319-21155-8_6,Conference paper
Monitoring of Service-Oriented Applications for the Reconstruction of Interactions Models,Computational Science and Its Applications -- ICCSA 2015,,,,10.1007/978-3-319-21404-7_13,Mariam ChaabaneFatma KrichenIsmael Bouassida RodriguezMohamed Jmaiel,2015,https://link.springer.com/chapter/10.1007/978-3-319-21404-7_13,Conference paper
BFS-Based Symmetry Breaking Predicates for DFA Identification,Language and Automata Theory and Applications,,,,10.1007/978-3-319-15579-1_48,Vladimir UlyantsevIlya ZakirzyanovAnatoly Shalyto,2015,https://link.springer.com/chapter/10.1007/978-3-319-15579-1_48,Conference paper
Analysis of service diagnosis improvement through increased monitoring granularity,Software Quality Journal,,,,10.1007/s11219-015-9286-2,Cuiting ChenHans-Gerhard GrossAndy Zaidman,2015,https://link.springer.com/article/10.1007/s11219-015-9286-2,Article
Lazy-CSeq-SP: Boosting Sequentialization-Based Verification of Multi-threaded C Programs via Symbolic Pruning of Redundant Schedules,Automated Technology for Verification and Analysis,,,,10.1007/978-3-319-24953-7_18,Vladimir HerdtHoang M. LeDaniel GroßeRolf Drechsler,2015,https://link.springer.com/chapter/10.1007/978-3-319-24953-7_18,Conference paper
A Decision Procedure for Regular Membership and Length Constraints over Unbounded Strings,Frontiers of Combining Systems,,,,10.1007/978-3-319-24246-0_9,Tianyi LiangNestan TsiskaridzeAndrew ReynoldsCesare TinelliClark Barrett,2015,https://link.springer.com/chapter/10.1007/978-3-319-24246-0_9,Conference paper
A Dynamic Logic with Traces and Coinduction,Automated Reasoning with Analytic Tableaux and Related Methods,,,,10.1007/978-3-319-24312-2_21,Richard BubelCrystal Chang DinReiner HähnleKeiko Nakata,2015,https://link.springer.com/chapter/10.1007/978-3-319-24312-2_21,Conference paper
String Analysis for Vulnerability Detection and Repair,Model Checking Software,,,,10.1007/978-3-319-23404-5_1,Tevfik Bultan,2015,https://link.springer.com/chapter/10.1007/978-3-319-23404-5_1,Conference paper
A Concrete Memory Model for CompCert,Interactive Theorem Proving,,,,10.1007/978-3-319-22102-1_5,Frédéric BessonSandrine BlazyPierre Wilke,2015,https://link.springer.com/chapter/10.1007/978-3-319-22102-1_5,Conference paper
Verifying Opacity of a Transactional Mutex Lock,FM 2015: Formal Methods,,,,10.1007/978-3-319-19249-9_11,John DerrickBrijesh DongolGerhard SchellhornOleg TravkinHeike Wehrheim,2015,https://link.springer.com/chapter/10.1007/978-3-319-19249-9_11,Conference paper
Composing Message Translators and Inferring Their Data Types Using Tree Automata,Fundamental Approaches to Software Engineering,,,,10.1007/978-3-662-46675-9_3,Emil AndriescuThierry MartinezValérie Issarny,2015,https://link.springer.com/chapter/10.1007/978-3-662-46675-9_3,Conference paper
Optimal Continuous Time Markov Decisions,Automated Technology for Verification and Analysis,,,,10.1007/978-3-319-24953-7_12,Yuliya ButkovaHassan HatefiHolger HermannsJan Krčál,2015,https://link.springer.com/chapter/10.1007/978-3-319-24953-7_12,Conference paper
An Interval-Based Approach to Modelling Time in Event-B,Fundamentals of Software Engineering,,,,10.1007/978-3-319-24644-4_20,Gintautas SulskusMichael PoppletonAbdolbaghi Rezazadeh,2015,https://link.springer.com/chapter/10.1007/978-3-319-24644-4_20,Conference paper
A systematic classification of security regression testing approaches,International Journal on Software Tools for Technology Transfer,,,,10.1007/s10009-015-0365-2,Michael FeldererElizabeta Fourneret,2015,https://link.springer.com/article/10.1007/s10009-015-0365-2,Article
Algorithmic Verification of Procedural Programs in the Presence of Code Variability,Formal Aspects of Component Software,,,,10.1007/978-3-319-15317-9_20,Siavash SoleimanifardDilian Gurov,2015,https://link.springer.com/chapter/10.1007/978-3-319-15317-9_20,Conference paper
A Tool Prototype for Model-Based Testing of Cyber-Physical Systems,Theoretical Aspects of Computing - ICTAC 2015,,,,10.1007/978-3-319-25150-9_32,Arend AertsMohammad Reza MousaviMichel Reniers,2015,https://link.springer.com/chapter/10.1007/978-3-319-25150-9_32,Conference paper
Fluid Model Checking of Timed Properties,Formal Modeling and Analysis of Timed Systems,,,,10.1007/978-3-319-22975-1_12,Luca BortolussiRoberta Lanciani,2015,https://link.springer.com/chapter/10.1007/978-3-319-22975-1_12,Conference paper
On Distributed Monitoring and Synthesis,Evolving Computability,,,,10.1007/978-3-319-20028-6_6,Anca Muscholl,2015,https://link.springer.com/chapter/10.1007/978-3-319-20028-6_6,Conference paper
Abstracting Induction by Extrapolation and Interpolation,"Verification, Model Checking, and Abstract Interpretation",,,,10.1007/978-3-662-46081-8_2,Patrick Cousot,2015,https://link.springer.com/chapter/10.1007/978-3-662-46081-8_2,Conference paper
Stateless Model Checking for TSO and PSO,Tools and Algorithms for the Construction and Analysis of Systems,,,,10.1007/978-3-662-46681-0_28,Parosh Aziz AbdullaStavros AronisMohamed Faouzi AtigBengt JonssonCarl LeonardssonKonstantinos Sagonas,2015,https://link.springer.com/chapter/10.1007/978-3-662-46681-0_28,Conference paper
Compositionality for Quantitative Specifications,Formal Aspects of Component Software,,,,10.1007/978-3-319-15317-9_19,Uli FahrenbergJan KřetínskýAxel LegayLouis-Marie Traonouez,2015,https://link.springer.com/chapter/10.1007/978-3-319-15317-9_19,Conference paper
Parameter Control in Search-Based Generation of Unit Test Suites,Search-Based Software Engineering,,,,10.1007/978-3-319-22183-0_10,David PatersonJonathan TurnerThomas WhiteGordon Fraser,2015,https://link.springer.com/chapter/10.1007/978-3-319-22183-0_10,Conference paper
Selective Test Generation Approach for Testing Dynamic Behavioral Adaptations,Testing Software and Systems,,,,10.1007/978-3-319-25945-1_14,Mariam LahamiMoez KrichenHajer BarhoumiMohamed Jmaiel,2015,https://link.springer.com/chapter/10.1007/978-3-319-25945-1_14,Conference paper
A Strategy for Automatic Verification of Stabilization of Distributed Algorithms,"Formal Techniques for Distributed Objects, Components, and Systems",,,,10.1007/978-3-319-19195-9_3,Ritwika GhoshSayan Mitra,2015,https://link.springer.com/chapter/10.1007/978-3-319-19195-9_3,Conference paper
Statistical prioritization for software product line testing: an experience report,Software & Systems Modeling,,,,10.1007/s10270-015-0479-8,Xavier DevroeyGilles PerrouinMaxime CordyHamza SamihAxel LegayPierre-Yves SchobbensPatrick Heymans,2015,https://link.springer.com/article/10.1007/s10270-015-0479-8,Article
Formal Verification of Simulink/Stateflow Diagrams,Automated Technology for Verification and Analysis,,,,10.1007/978-3-319-24953-7_33,Liang ZouNaijun ZhanShuling WangMartin Fränzle,2015,https://link.springer.com/chapter/10.1007/978-3-319-24953-7_33,Conference paper
Translation Validation for Synchronous Data-Flow Specification in the SIGNAL Compiler,"Formal Techniques for Distributed Objects, Components, and Systems",,,,10.1007/978-3-319-19195-9_5,Van Chan NgoJean-Pierre TalpinThierry Gautier,2015,https://link.springer.com/chapter/10.1007/978-3-319-19195-9_5,Conference paper
A Semantic Framework for Sequential Decision Making,Engineering the Web in the Big Data Era,,,,10.1007/978-3-319-19890-3_25,Patrick PhilippMaria MaleshkovaAchim RettingerDarko Katic,2015,https://link.springer.com/chapter/10.1007/978-3-319-19890-3_25,Conference paper
Transactions on Mergeable Objects,Programming Languages and Systems,,,,10.1007/978-3-319-26529-2_23,Deepthi Devaki AkkoorathAnnette Bieniusa,2015,https://link.springer.com/chapter/10.1007/978-3-319-26529-2_23,Conference paper
Improving domain-independent intention selection in BDI systems,Autonomous Agents and Multi-Agent Systems,,,,10.1007/s10458-015-9293-5,Max WatersLin PadghamSebastian Sardina,2015,https://link.springer.com/article/10.1007/s10458-015-9293-5,Article
Delta-Oriented FSM-Based Testing,Formal Methods and Software Engineering,,,,10.1007/978-3-319-25423-4_24,Mahsa VarshosazHarsh BeoharMohammad Reza Mousavi,2015,https://link.springer.com/chapter/10.1007/978-3-319-25423-4_24,Conference paper
Forester: Shape Analysis Using Tree Automata,Tools and Algorithms for the Construction and Analysis of Systems,,,,10.1007/978-3-662-46681-0_37,Lukáš HolíkMartin HruškaOndřej LengálAdam RogalewiczJiří ŠimáčekTomáš Vojnar,2015,https://link.springer.com/chapter/10.1007/978-3-662-46681-0_37,Conference paper
Inferring Finite State Machines Without Reset Using State Identification Sequences,Testing Software and Systems,,,,10.1007/978-3-319-25945-1_10,Roland GrozAdenilso SimaoAlexandre PetrenkoCatherine Oriat,2015,https://link.springer.com/chapter/10.1007/978-3-319-25945-1_10,Conference paper
A Classification of Test Purposes Based on Testable Properties,Computational Science and Its Applications -- ICCSA 2015,,,,10.1007/978-3-319-21404-7_31,Simone HanazumiAna C. V. de Melo,2015,https://link.springer.com/chapter/10.1007/978-3-319-21404-7_31,Conference paper
Formal Semantics of Orc Based on TLA $$^+$$,Structured Object-Oriented Formal Language and Method,,,,10.1007/978-3-319-17404-4_10,Zhen YouJinyun XueQimin HuYi Hong,2015,https://link.springer.com/chapter/10.1007/978-3-319-17404-4_10,Conference paper
Evaluation of Intrusion Detection Systems in Virtualized Environments Using Attack Injection,"Research in Attacks, Intrusions, and Defenses",,,,10.1007/978-3-319-26362-5_22,Aleksandar MilenkoskiBryan D. PayneNuno AntunesMarco VieiraSamuel KounevAlberto AvritzerMatthias Luft,2015,https://link.springer.com/chapter/10.1007/978-3-319-26362-5_22,Conference paper
The Hanoi Omega-Automata Format,Computer Aided Verification,,,,10.1007/978-3-319-21690-4_31,Tomáš BabiakFrantišek BlahoudekAlexandre Duret-LutzJoachim KleinJan KřetínskýDavid MüllerDavid ParkerJan Strejček,2015,https://link.springer.com/chapter/10.1007/978-3-319-21690-4_31,Conference paper
Inferring Test Models from Kate’s Bug Reports Using Multi-objective Search,Search-Based Software Engineering,,,,10.1007/978-3-319-22183-0_27,Yuanyuan ZhangMark HarmanYue JiaFederica Sarro,2015,https://link.springer.com/chapter/10.1007/978-3-319-22183-0_27,Conference paper
Model-Based Problem Solving for University Timetable Validation and Improvement,FM 2015: Formal Methods,,,,10.1007/978-3-319-19249-9_30,David SchneiderMichael LeuschelTobias Witt,2015,https://link.springer.com/chapter/10.1007/978-3-319-19249-9_30,Conference paper
Measuring with Timed Patterns,Computer Aided Verification,,,,10.1007/978-3-319-21668-3_19,Thomas FerrèreOded MalerDejan NičkovićDogan Ulus,2015,https://link.springer.com/chapter/10.1007/978-3-319-21668-3_19,Conference paper
Verification of Concurrent Programs Using Trace Abstraction Refinement,"Logic for Programming, Artificial Intelligence, and Reasoning",,,,10.1007/978-3-662-48899-7_17,Franck CassezFrowin Ziegler,2015,https://link.springer.com/chapter/10.1007/978-3-662-48899-7_17,Conference paper
X-Machine Based Testing for Cloud Services,Advances in Service-Oriented and Cloud Computing,,,,10.1007/978-3-319-14886-1_17,Raluca LefticaruAnthony J. H. Simons,2015,https://link.springer.com/chapter/10.1007/978-3-319-14886-1_17,Conference paper
Difference Bound Constraint Abstraction for Timed Automata Reachability Checking,"Formal Techniques for Distributed Objects, Components, and Systems",,,,10.1007/978-3-319-19195-9_10,Weifeng WangLi Jiao,2015,https://link.springer.com/chapter/10.1007/978-3-319-19195-9_10,Conference paper
NAT2TEST Tool: From Natural Language Requirements to Test Cases Based on CSP,Software Engineering and Formal Methods,,,,10.1007/978-3-319-22969-0_20,Gustavo CarvalhoFlávia BarrosAna  CarvalhoAna CavalcantiAlexandre  MotaAugusto  Sampaio,2015,https://link.springer.com/chapter/10.1007/978-3-319-22969-0_20,Conference paper
An Institutional Foundation for the $$\mathbb {K}$$ Semantic Framework,Recent Trends in Algebraic Development Techniques,,,,10.1007/978-3-319-28114-8_2,Claudia Elena ChiriţăTraian Florin Şerbănuţă,2015,https://link.springer.com/chapter/10.1007/978-3-319-28114-8_2,Conference paper
Angelic Verification: Precise Verification Modulo Unknowns,Computer Aided Verification,,,,10.1007/978-3-319-21690-4_19,Ankush DasShuvendu K. LahiriAkash LalYi Li,2015,https://link.springer.com/chapter/10.1007/978-3-319-21690-4_19,Conference paper
Refinement checking on parametric modal transition systems,Acta Informatica,,,,10.1007/s00236-015-0215-4,Nikola BenešJan KřetínskýKim G. LarsenMikael H. MøllerSalomon SickertJiří Srba,2015,https://link.springer.com/article/10.1007/s00236-015-0215-4,Article
Modular Verification of Concurrency-Aware Linearizability,Distributed Computing,,,,10.1007/978-3-662-48653-5_25,Nir HemedNoam RinetzkyViktor Vafeiadis,2015,https://link.springer.com/chapter/10.1007/978-3-662-48653-5_25,Conference paper
A Case Study on Formal Verification of the Anaxagoros Hypervisor Paging System with Frama-C,Formal Methods for Industrial Critical Systems,,,,10.1007/978-3-319-19458-5_2,Allan BlanchardNikolai KosmatovMatthieu LemerreFrédéeric Loulergue,2015,https://link.springer.com/chapter/10.1007/978-3-319-19458-5_2,Conference paper
Finite Automata for the Sub- and Superword Closure of CFLs: Descriptional and Computational Complexity,Language and Automata Theory and Applications,,,,10.1007/978-3-319-15579-1_37,Georg BachmeierMichael LuttenbergerMaximilian Schlund,2015,https://link.springer.com/chapter/10.1007/978-3-319-15579-1_37,Conference paper
On the Expressive Power of Communication Primitives in Parameterised Systems,"Logic for Programming, Artificial Intelligence, and Reasoning",,,,10.1007/978-3-662-48899-7_22,Benjamin AminofSasha RubinFlorian Zuleger,2015,https://link.springer.com/chapter/10.1007/978-3-662-48899-7_22,Conference paper
Isabelle/UTP: A Mechanised Theory Engineering Framework,Unifying Theories of Programming,,,,10.1007/978-3-319-14806-9_2,Simon FosterFrank ZeydaJim Woodcock,2015,https://link.springer.com/chapter/10.1007/978-3-319-14806-9_2,Conference paper
A Secure Compiler for ML Modules,Programming Languages and Systems,,,,10.1007/978-3-319-26529-2_3,Adriaan LarmuseauMarco PatrignaniDave Clarke,2015,https://link.springer.com/chapter/10.1007/978-3-319-26529-2_3,Conference paper
PBMC: Symbolic Slicing for the Verification of Concurrent Programs,Automated Technology for Verification and Analysis,,,,10.1007/978-3-319-24953-7_26,Habib SaissiPéter BokorNeeraj Suri,2015,https://link.springer.com/chapter/10.1007/978-3-319-24953-7_26,Conference paper
Sequent Calculus in the Topos of Trees,Foundations of Software Science and Computation Structures,,,,10.1007/978-3-662-46678-0_9,Ranald CloustonRajeev Goré,2015,https://link.springer.com/chapter/10.1007/978-3-662-46678-0_9,Conference paper
"CAAL: Concurrency Workbench, Aalborg&#xa0;Edition",Theoretical Aspects of Computing - ICTAC 2015,,,,10.1007/978-3-319-25150-9_33,Jesper R. AndersenNicklas AndersenSøren EnevoldsenMathias M. HansenKim G. LarsenSimon R. OlesenJirí SrbaJacob K. Wortmann,2015,https://link.springer.com/chapter/10.1007/978-3-319-25150-9_33,Conference paper
A quantitative analysis of the unit verification perspective on fault distributions in complex software systems: an operational replication,Software Quality Journal,,,,10.1007/s11219-015-9273-7,Tihana Galinac GrbacPer RunesonDarko Huljenić,2015,https://link.springer.com/article/10.1007/s11219-015-9273-7,Article
Applying Finite State Process Algebra to Formally Specify a Computational Model of Security Requirements in the Key2phone-Mobile Access Solution,Formal Methods for Industrial Critical Systems,,,,10.1007/978-3-319-19458-5_9,Sunil ChaudharyLinfeng LiEleni BerkiMarko HeleniusJuha KelaMarkku Turunen,2015,https://link.springer.com/chapter/10.1007/978-3-319-19458-5_9,Conference paper
Tree Automata-Based Refinement with Application to Horn Clause Verification,"Verification, Model Checking, and Abstract Interpretation",,,,10.1007/978-3-662-46081-8_12,Bishoksan KafleJohn P. Gallagher,2015,https://link.springer.com/chapter/10.1007/978-3-662-46081-8_12,Conference paper
Proving Safety with Trace Automata and Bounded Model Checking,FM 2015: Formal Methods,,,,10.1007/978-3-319-19249-9_21,Daniel KroeningMatt LewisGeorg Weissenbacher,2015,https://link.springer.com/chapter/10.1007/978-3-319-19249-9_21,Conference paper
Distributed Markov Chains,"Verification, Model Checking, and Abstract Interpretation",,,,10.1007/978-3-662-46081-8_7,Ratul SahaJavier EsparzaSumit Kumar JhaMadhavan MukundP. S. Thiagarajan,2015,https://link.springer.com/chapter/10.1007/978-3-662-46081-8_7,Conference paper
A Functional Software Measurement Approach to Bridge the Gap Between Problem and Solution Domains,Software Measurement,,,,10.1007/978-3-319-24285-9_12,Erdir UnganOnur Demirörs,2015,https://link.springer.com/chapter/10.1007/978-3-319-24285-9_12,Conference paper
Concolic Execution and Test Case Generation in Prolog,Logic-Based Program Synthesis and Transformation,,,,10.1007/978-3-319-17822-6_10,Germán Vidal,2015,https://link.springer.com/chapter/10.1007/978-3-319-17822-6_10,Conference paper
TSO to SC via Symbolic Execution,Hardware and Software: Verification and Testing,,,,10.1007/978-3-319-26287-1_7,Heike WehrheimOleg Travkin,2015,https://link.springer.com/chapter/10.1007/978-3-319-26287-1_7,Conference paper
Constraint-based test generation for automotive operating systems,Software & Systems Modeling,,,,10.1007/s10270-014-0449-6,Yunja ChoiTaejoon Byun,2015,https://link.springer.com/article/10.1007/s10270-014-0449-6,Article
Tracking Causal Dependencies in Web Services Orchestrations Defined in ORC,Networked Systems,,,,10.1007/978-3-319-26850-7_26,Matthieu PerrinClaude JardAchour Mostéfaoui,2015,https://link.springer.com/chapter/10.1007/978-3-319-26850-7_26,Conference paper
Lazy TSO Reachability,Fundamental Approaches to Software Engineering,,,,10.1007/978-3-662-46675-9_18,Ahmed BouajjaniGeorgel CalinEgor DerevenetcRoland Meyer,2015,https://link.springer.com/chapter/10.1007/978-3-662-46675-9_18,Conference paper
Transducer Descriptions of DNA Code Properties and Undecidability of Antimorphic Problems,Descriptional Complexity of Formal Systems,,,,10.1007/978-3-319-19225-3_12,Lila KariStavros KonstantinidisSteffen Kopecki,2015,https://link.springer.com/chapter/10.1007/978-3-319-19225-3_12,Conference paper
A Formal Framework for Program Anomaly Detection,"Research in Attacks, Intrusions, and Defenses",,,,10.1007/978-3-319-26362-5_13,Xiaokui ShuDanfeng (Daphne) YaoBarbara G. Ryder,2015,https://link.springer.com/chapter/10.1007/978-3-319-26362-5_13,Conference paper
Verifying a quantitative relaxation of linearizability via refinement,International Journal on Software Tools for Technology Transfer,,,,10.1007/s10009-015-0373-2,Kiran AdhikariJames StreetChao WangYang LiuShaojie Zhang,2015,https://link.springer.com/article/10.1007/s10009-015-0373-2,Article
Statistical model checking for unbounded until formulas,International Journal on Software Tools for Technology Transfer,,,,10.1007/s10009-015-0368-z,Nima RoohiMahesh Viswanathan,2015,https://link.springer.com/article/10.1007/s10009-015-0368-z,Article
Model checking unbounded concurrent lists,International Journal on Software Tools for Technology Transfer,,,,10.1007/s10009-015-0369-y,Divjyot SethiMuralidhar TalupurSharad Malik,2015,https://link.springer.com/article/10.1007/s10009-015-0369-y,Article
Neutralizing Semantic Ambiguities of Function Block Architecture by Modeling with ASM,Perspectives of System Informatics,,,,10.1007/978-3-662-46823-4_7,Sandeep PatilVictor DubininCheng PangValeriy Vyatkin,2015,https://link.springer.com/chapter/10.1007/978-3-662-46823-4_7,Conference paper
Towards Mechanised Semantics of HPC: The BSP with Subgroup Synchronisation Case,Algorithms and Architectures for Parallel Processing,,,,10.1007/978-3-319-27161-3_20,Jean FortinFrédéric Gava,2015,https://link.springer.com/chapter/10.1007/978-3-319-27161-3_20,Conference paper
T-Tuple Reallocation: An Algorithm to Create Mixed-Level Covering Arrays to Support Software Test Case Generation,Computational Science and Its Applications -- ICCSA 2015,,,,10.1007/978-3-319-21410-8_39,Juliana Marino BaleraValdivino Alexandre de Santiago Júnior,2015,https://link.springer.com/chapter/10.1007/978-3-319-21410-8_39,Conference paper
Extending the 2D Dependency Pair Framework for Conditional Term Rewriting Systems,Logic-Based Program Synthesis and Transformation,,,,10.1007/978-3-319-17822-6_7,Salvador LucasJosé MeseguerRaúl Gutiérrez,2015,https://link.springer.com/chapter/10.1007/978-3-319-17822-6_7,Conference paper
Formalizing a Secure Foreign Function Interface,Software Engineering and Formal Methods,,,,10.1007/978-3-319-22969-0_16,Adriaan LarmuseauDave Clarke,2015,https://link.springer.com/chapter/10.1007/978-3-319-22969-0_16,Conference paper
Current Challenges in the Verification of Hybrid Systems,"Cyber Physical Systems. Design, Modeling, and Evaluation",,,,10.1007/978-3-319-25141-7_2,Stefan SchuppErika ÁbrahámXin ChenIbtissem Ben MakhloufGoran FrehseSriram SankaranarayananStefan Kowalewski,2015,https://link.springer.com/chapter/10.1007/978-3-319-25141-7_2,Conference paper
Fairness Modulo Theory: A New Approach to LTL Software Model Checking,Computer Aided Verification,,,,10.1007/978-3-319-21690-4_4,Daniel DietschMatthias HeizmannVincent LangenfeldAndreas Podelski,2015,https://link.springer.com/chapter/10.1007/978-3-319-21690-4_4,Conference paper
Formal Modelling and Verification of IEC61499 Function Blocks with Abstract State Machines and SMV - Execution Semantics,"Dependable Software Engineering: Theories, Tools, and Applications",,,,10.1007/978-3-319-25942-0_20,Sandeep PatilVictor DubininVictor Vyatkin,2015,https://link.springer.com/chapter/10.1007/978-3-319-25942-0_20,Conference paper
Boosting k-Induction with Continuously-Refined Invariants,Computer Aided Verification,,,,10.1007/978-3-319-21690-4_42,Dirk BeyerMatthias DanglPhilipp Wendler,2015,https://link.springer.com/chapter/10.1007/978-3-319-21690-4_42,Conference paper
Reachability Analysis Using Extremal Rates,NASA Formal Methods,,,,10.1007/978-3-319-17524-9_12,Andrew N. FisherChris J. MyersPeng Li,2015,https://link.springer.com/chapter/10.1007/978-3-319-17524-9_12,Conference paper
Open Transactions on Shared Memory,Coordination Models and Languages,,,,10.1007/978-3-319-19282-6_14,Marino MiculanMarco PeressottiAndrea Toneguzzo,2015,https://link.springer.com/chapter/10.1007/978-3-319-19282-6_14,Conference paper
Cost vs. Time in Stochastic Games and Markov Automata,"Dependable Software Engineering: Theories, Tools, and Applications",,,,10.1007/978-3-319-25942-0_2,Hassan HatefiBettina BraitlingRalf WimmerLuis María Ferrer FioritiHolger HermannsBernd Becker,2015,https://link.springer.com/chapter/10.1007/978-3-319-25942-0_2,Conference paper
Notions of Bidirectional Computation and&#xa0;Entangled&#xa0;State Monads,Mathematics of Program Construction,,,,10.1007/978-3-319-19797-5_9,Faris Abou-SalehJames CheneyJeremy GibbonsJames McKinnaPerdita Stevens,2015,https://link.springer.com/chapter/10.1007/978-3-319-19797-5_9,Conference paper
A Program Construction and Verification Tool for Separation Logic,Mathematics of Program Construction,,,,10.1007/978-3-319-19797-5_7,Brijesh DongolVictor B. F. GomesGeorg Struth,2015,https://link.springer.com/chapter/10.1007/978-3-319-19797-5_7,Conference paper
An Experimental Evaluation of Deliberate Unsoundness in a Static Program Analyzer,"Verification, Model Checking, and Abstract Interpretation",,,,10.1007/978-3-662-46081-8_19,Maria ChristakisPeter MüllerValentin Wüstholz,2015,https://link.springer.com/chapter/10.1007/978-3-662-46081-8_19,Conference paper
Effective Abstractions for Verification under Relaxed Memory Models,"Verification, Model Checking, and Abstract Interpretation",,,,10.1007/978-3-662-46081-8_25,Andrei DanYuri MeshmanMartin VechevEran Yahav,2015,https://link.springer.com/chapter/10.1007/978-3-662-46081-8_25,Conference paper
A Graphical Model for Context-Free Grammar Parsing,Compiler Construction,,,,10.1007/978-3-662-46663-6_1,Keshav PingaliGianfranco Bilardi,2015,https://link.springer.com/chapter/10.1007/978-3-662-46663-6_1,Conference paper
Automated anonymity verification of the ThreeBallot and VAV voting systems,Software & Systems Modeling,,,,10.1007/s10270-014-0445-x,Murat MoranJames HeatherSteve Schneider,2015,https://link.springer.com/article/10.1007/s10270-014-0445-x,Article
Fast Model-Based Fault Localisation with Test Suites,Tests and Proofs,,,,10.1007/978-3-319-21215-9_3,Geoff BirchBernd FischerMichael R. Poppleton,2015,https://link.springer.com/chapter/10.1007/978-3-319-21215-9_3,Conference paper