"Document Title",Authors,"Author Affiliations","Publication Title",Date Added To Xplore,"Publication Year","Volume","Issue","Start Page","End Page","Abstract","ISSN",ISBNs,"DOI",Funding Information,PDF Link,"Author Keywords","IEEE Terms","Mesh_Terms",Article Citation Count,Patent Citation Count,"Reference Count","License",Online Date,Issue Date,"Meeting Date","Publisher",Document Identifier
"Refactoring Real-Time Java Profiles","H. Søndergaard; B. Thomsen; A. P. Ravn; R. R. Hansen; T. Bøgholm","VIA University College, Horsens, Denmark; Department of Computer Science, Aalborg University, Denmark; Department of Computer Science, Aalborg University, Denmark; Department of Computer Science, Aalborg University, Denmark; Department of Computer Science, Aalborg University, Denmark",2011 14th IEEE International Symposium on Object/Component/Service-Oriented Real-Time Distributed Computing,"21 Apr 2011","2011","","","109","116","Just like other software, Java profiles benefits from refactoring when they have been used and have evolved for some time. This paper presents a refactoring of the Real-Time Specification for Java (RTSJ) and the Safety Critical Java (SCJ) profile (JSR-302). It highlights core concepts and makes it a suitable foundation for the proposed levels of SCJ. The ongoing work of specifying the SCJ profile builds on sub classing of RTSJ. This spurred our interest in a refactoring approach. It starts by extracting the common kernel of the specifications in a core package, which defines interfaces only. It is then possible to refactor SCJ with its three levels and RTSJ in such a way that each profile is in a separate package. This refactoring results in cleaner class hierarchies with no superfluous methods, well defined SCJ levels, elimination of SCJ annotations like @SCJAllowed, thus making the profiles easier to comprehend and use for application developers and students.","2375-5261","978-0-7695-4368-0","10.1109/ISORC.2011.23","","https://ieeexplore.ieee.org/stamp/stamp.jsp?arnumber=5753598","Refactoring;Real-Time Java;RTSJ;Safety Critical Java;profiles","Java;Real time systems;Programming;Proposals;Cloning;Guidelines;Memory management","","4","","15","IEEE","21 Apr 2011","28-31 March 2011","28-31 March 2011","IEEE","IEEE Conferences"
"An Evaluation of Safety-Critical Java on a Java Processor","J. R. Rios; M. Schoeberl","Department of Applied Mathematics and Computer Science, Technical University of Denmark; Department of Applied Mathematics and Computer Science, Technical University of Denmark",2014 IEEE 17th International Symposium on Object/Component/Service-Oriented Real-Time Distributed Computing,"18 Sep 2014","2014","","","276","283","The safety-critical Java (SCJ) specification provides a restricted set of the Java language intended for applications that require certification. In order to test the specification, implementations are emerging and the need to evaluate those implementations in a systematic way is becoming important. In this paper we evaluate our SCJ implementation which is based on the Java Optimized Processor JOP and we measure different performance and timeliness criteria relevant to hard real-time systems. Our implementation targets Level 0 and Level1 of the specification and to test it we use a series of micro benchmarks, an application-based benchmark, and a reduced set of a SCJ technology compatibility kit. We evaluate the accuracy of periods, linear-time memory allocation, aperiodicevent handling, dispatch latency for interrupts, context switch preemption latency, and synchronization.","2375-5261","978-1-4799-4430-9","10.1109/ISORC.2014.41","","https://ieeexplore.ieee.org/stamp/stamp.jsp?arnumber=6899160","Real-time systems;Embedded systems;Java;Safety-critical systems;Safety-critical Java;Java processor","Java;Real-time systems;Resource management;Benchmark testing;Memory management;Time measurement;Instruction sets","","1","","24","IEEE","18 Sep 2014","10-12 June 2014","10-12 June 2014","IEEE","IEEE Conferences"
"Towards Model Checking Security of Real Time Java Software","L. Spalazzi; F. Spegni; G. Liva; M. Pinzger","Universita Politecnica delle Marche, Ancona, Marche, IT; Universita Politecnica delle Marche, Ancona, Marche, IT; Software Eng. Res. Group, Alpen Adria Univ., Klagenfurt, Austria; Software Eng. Res. Group, Alpen Adria Univ., Klagenfurt, Austria",2018 International Conference on High Performance Computing & Simulation (HPCS),"1 Nov 2018","2018","","","642","649","More and more software libraries and applications in high-performance computing and distributed systems are coded using the Java programming language. The correctness of such pieces of code w.r.t. a given set of security policies often depends on the correct handling of timing between concurrent or recurrent events. Model-checking has proven to be an effective tool for verifying the correctness of software. In spite of the growing importance of this application area of formal methods, though, no approach exists that targets the problem of verifying the correctness of real-time software w.r.t. timed specifications. The few existing works focus on very different problems, such as schedulability analysis of Java tasks. In this paper we present an approach combining rule-based static analysis together with symbolic execution of Java code to extract networks of timed automata from existing software and then use Uppaal to model-check them against timed specifications. We show through a real-world case study that this approach can be helpful in model-checking security policies of real-time Java software.","","978-1-5386-7879-4","10.1109/HPCS.2018.00106","","https://ieeexplore.ieee.org/stamp/stamp.jsp?arnumber=8514411","","Java;Software;Security;Real-time systems;Automata;Protocols;Computational modeling","","5","","","IEEE","1 Nov 2018","16-20 July 2018","16-20 July 2018","IEEE","IEEE Conferences"
"Virtualizing real-time embedded systems with Java","J. Vitek","Computer Science Department, Purdue University, USA",2011 48th ACM/EDAC/IEEE Design Automation Conference (DAC),"11 Aug 2011","2011","","","906","911","Real-time embedded systems come in all shapes and sizes with vastly different capabilities. They often operate under stringent resource constraints, ranging from space and time to power. Programming them is usually done in low-level system's programming languages close to the hardware. The resulting software is costly and not particularly portable. The Java programming language has been successful in providing a virtualized, high-level, development environment for desktop and server applications. Programming in Java leads to memory-safe code that can be ported straightforwardly across architecture and operating system. This paper surveys the state of the art in Java virtualization for real-time and embedded systems. Technological advances in virtual machines as well as new real-time extensions to the language have brought Java closer to being widely usable for a wide range of embedded problems.","85-644924","978-1-4503-0636-2","","","https://ieeexplore.ieee.org/stamp/stamp.jsp?arnumber=5982011","Real-time Java;object-oriented languages;virtual machines","Java;Real time systems;Instruction sets;Virtual machining;Memory management;Safety","","","","21","","11 Aug 2011","5-9 June 2011","5-9 June 2011","IEEE","IEEE Conferences"
"Experience Report: Verifying MPI Java Programs Using Software Model Checking","M. S. Ayub; W. U. Rehman; J. H. Siddiqui","Department of Computer Science, LUMS School of Science and Engineering, Lahore, Pakistan; University of Saskatchewan, Saskatoon, SK, CA; Department of Computer Science, LUMS School of Science and Engineering, Lahore, Pakistan",2017 IEEE 28th International Symposium on Software Reliability Engineering (ISSRE),"16 Nov 2017","2017","","","294","304","Parallel and distributed computing have enabled development of much more scalable software. However, developing concurrent software requires the programmer to be aware of nondeterminism, data races, and deadlocks. MPI (message passing interface) is a popular standard for writing message-oriented distributed applications. Some messages in MPI systems can be processed by one of the many machines and in many possible orders. This non-determinism can affect the result of an MPI application. The alternate results may or may not be correct. To verify MPI applications, we need to check all these possible orderings and use an application specific oracle to decide if these orderings give correct output. MPJ Express is an open source Java implementation of the MPI standard. Model checking of MPI Java programs is a challenging task due to their parallel nature. We developed a Java based model of MPJ Express, where processes are modeled as threads, and which can run unmodified MPI Java programs on a single system. This model enabled us to adapt the Java PathFinder explicit state software model checker (JPF) using a custom listener to verify our model running real MPI Java programs. The evaluation of our approach shows that model checking reveals incorrect system behavior that results in very intricate message orderings.","2332-6549","978-1-5386-0941-5","10.1109/ISSRE.2017.15","","https://ieeexplore.ieee.org/stamp/stamp.jsp?arnumber=8109095","Message Passing Interface in Java (MPJ);Model Checking;Java PathFinder (JPF)","Java;Model checking;Adaptation models;Message systems;Software;Standards;Message passing","","1","","29","IEEE","16 Nov 2017","23-26 Oct. 2017","23-26 Oct. 2017","IEEE","IEEE Conferences"
"A Novel Test Coverage Metric for Safety-Critical Software","D. Mukherjee","Indian Institute of Technology Kharagpur, Kharagpur, India",TENCON 2019 - 2019 IEEE Region 10 Conference (TENCON),"12 Dec 2019","2019","","","486","491","Software is a crucial component of many safety-critical applications, such as nuclear power plant, fly-by-wire application, medical instruments, space applications etc. They need to satisfy safety standards such as safety integrity level (SIL), IEEE series (IEEE 1012, 1074), IEC series (IEC 60880, IEC 62138). A requirement of all these safety standards is thorough testing. Thorough testing is measured using a test coverage metric. However, as we show every existing metric suffers from several shortcomings. In this context, we propose a novel test coverage metric based on dependency of data and control in code of the components for safety-critical software.","2159-3450","978-1-7281-1895-6","10.1109/TENCON.2019.8929387","","https://ieeexplore.ieee.org/stamp/stamp.jsp?arnumber=8929387","Test coverage;White-box testing;System dependence graph (SDG);Java system dependence graph (JSysDG)","Java;Measurement;Safety;Software;Testing;Aerospace electronics;IEC Standards","","","","15","IEEE","12 Dec 2019","17-20 Oct. 2019","17-20 Oct. 2019","IEEE","IEEE Conferences"
"Reusable Libraries for Safety-Critical Java","J. R. Rios; M. Schoeberl","Department of Applied Mathematics and Computer Science, Technical University of Denmark; Department of Applied Mathematics and Computer Science, Technical University of Denmark",2014 IEEE 17th International Symposium on Object/Component/Service-Oriented Real-Time Distributed Computing,"18 Sep 2014","2014","","","188","197","The large collection of Java class libraries is a main factor of the success of Java. However, these libraries assume that a garbage-collected heap is used. Safety-critical Java uses scope-based memory areas instead of a garbage-collected heap. Therefore, the Java class libraries are problematic to use in safety-critical Java. We have identified common programming patterns in the Java class libraries that make them unsuitable for safety-critical Java. We propose ways to improve the libraries to avoid the impact of the identified problematic patterns. We illustrate these changes by implementing a total of five scope-safe classes from commonly used libraries.","2375-5261","978-1-4799-4430-9","10.1109/ISORC.2014.27","","https://ieeexplore.ieee.org/stamp/stamp.jsp?arnumber=6899148","Real-time systems;Java;Safety-critical systems;Safety-critical Java","Libraries;Java;Memory management;Arrays;Real-time systems;Resource management;Instruction sets","","","","25","IEEE","18 Sep 2014","10-12 June 2014","10-12 June 2014","IEEE","IEEE Conferences"
"Schedulability Analysis Abstractions for Safety Critical Java","T. Bogholm; B. Thomsen; K. G. Larsen; A. Mycroft","Department Computer Science, University of Aalborg, Aalborg, Denmark; Department Computer Science, University of Aalborg, Aalborg, Denmark; Department Computer Science, University of Aalborg, Aalborg, Denmark; Computer Laboratory, University of Cambridge, Cambridge, UK",2012 IEEE 15th International Symposium on Object/Component/Service-Oriented Real-Time Distributed Computing,"7 May 2012","2012","","","71","78","We present a compositional approach to schedulability analysis of safety-critical Java programs. We introduce a specification language in order to write abstract behavioural specifications regarding task execution-time and use of resources. Schedulability is checked on a model composed of the abstract specifications, possibly before any implementation, and as the specifications are implemented, these implementations can be checked individually. This means that library routines potentially can be separately checked and reused, and individual tasks can be verified according to their specifications without performing the full-system-analysis.","2375-5261","978-0-7695-4643-8","10.1109/ISORC.2012.18","","https://ieeexplore.ieee.org/stamp/stamp.jsp?arnumber=6195863","real-time;Java;scj;analysis;model checking","Automata;Java;Analytical models;Real time systems;Clocks;Object oriented modeling;Unified modeling language","","3","","41","IEEE","7 May 2012","11-13 April 2012","11-13 April 2012","IEEE","IEEE Conferences"
"Proposal of a method to support testing for Java programs with UML","T. Katayama; Y. Yabuya","Department of Computer Science and Systems Engineering, University of Miyazaki, Miyazaki, Japan; Department of Computer Science and Systems Engineering, University of Miyazaki, Miyazaki, Japan",12th Asia-Pacific Software Engineering Conference (APSEC'05),"20 Mar 2006","2005","","","8 pp.","","There is an increasing need for effective testing of software for complex safety-critical applications. This paper proposes a supporting method of testing for Java programs by using Unified Modeling Language (UML) in order to improve the reliability of them. The correspondences of source codes in Java and elements of a class diagram, a sequence diagram, and a statechart diagram have been extracted. By using the extracted correspondences as test items in testing, it becomes possible to test effectively the specification of software, the structure of Java programs, the flows of processing of a system, and the flow of transition between states. Moreover, in order to confirm the validity of the proposed method, a prototype tool to support testing for Java programs is implemented. The inputs of this prototype are three diagrams, and the outputs are test items generated from the extracted correspondences. As an example, a source code of blackjack game in Java has been tested by using the test items outputted from the prototype. It has been possible to test 67.2% of the number of lines in the whole source code.","1530-1362","0-7695-2465-6","10.1109/APSEC.2005.91","","https://ieeexplore.ieee.org/stamp/stamp.jsp?arnumber=1607192","software testing;Unified Modeling Language (UML);test items;functional testing;Java.","Proposals;Java;Unified modeling language;Software testing;System testing;Prototypes;Software prototyping;Medical tests;Software safety;Application software","","1","1","12","IEEE","20 Mar 2006","15-17 Dec. 2005","15-17 Dec. 2005","IEEE","IEEE Conferences"
"HIDOORS - a high integrity distributed deterministic Java environment","J. Ventura; F. Siebert; A. Walter; J. Hunt","Skysoft Portugal, Portugal; Aicas GmbH, Germany; Aicas GmbH, Germany; Forschungszentrum Informatik, Germany",Proceedings of the Seventh IEEE International Workshop on Object-Oriented Real-Time Dependable Systems. (WORDS 2002),"7 Aug 2002","2002","","","113","118","This paper presents the design of HIDOORS, an integrated development environment suitable for embedded distributed real-time systems, based on the Java programming language. HIDOORS will cover all the life-cycle of real-time software development with extensions to existing tools (UML modeling, Java compiler Java Virtual Machine, and a worst case execution time analysis tool) that will all be integrated into a single integrated development environment. The system will also assist the developer in distributing the application, by providing faster RMI and a distributed event manager that provides strict timing guarantees. This paper is written at the beginning of HIDOORS development, and as such, it presents only, the defined objectives and the early, architecture of the system; further developments will be the Subject of future works.","1530-1443","0-7695-1576-2","10.1109/WORDS.2002.1000043","","https://ieeexplore.ieee.org/stamp/stamp.jsp?arnumber=1000043","","Java;Real time systems;Application software;Embedded system;Computer languages;Safety;Memory management;Programming;Embedded computing;Electrical equipment industry","","10","","9","IEEE","7 Aug 2002","9-9 Jan. 2002","9-9 Jan. 2002","IEEE","IEEE Conferences"
"Java in real-time applications","E. Bertolissi; C. Preece","School of Engineering, University of Durham, Durham, UK; School of Engineering, University of Durham, Durham, UK",IEEE Transactions on Nuclear Science,"6 Aug 2002","1998","45","4","1965","1972","This paper addresses the use of the Java programming language for real-time applications, giving an overview of its main advantages and current limitations. Java can implement at language level several of the constructs defined by the POSIX1.b standard for real-time applications. However, if Java is to realise its potential in this field, appropriate additions to the language will need to be made, and further work will be necessary.","1558-1578","","10.1109/23.710972","","https://ieeexplore.ieee.org/stamp/stamp.jsp?arnumber=710972","","Java;Application software;Computer languages;Real time systems;Sun;Robustness;Consumer electronics;Virtual machining;Computer peripherals;HTML","","15","4","21","IEEE","6 Aug 2002","Aug. 1998","","IEEE","IEEE Journals"
"Hardware Support for Safety-Critical Java Scope Checks","J. R. Rios; M. Schoeberl","Department of Informatics and Mathematical Modeling, Technical University of Denmark, Lyngby, Denmark; Department of Informatics and Mathematical Modeling, Technical University of Denmark, Lyngby, Denmark",2012 IEEE 15th International Symposium on Object/Component/Service-Oriented Real-Time Distributed Computing,"7 May 2012","2012","","","31","38","Memory management in Safety-Critical Java (SCJ) is based on time bounded, non garbage collected scoped memory regions used to store temporary objects. Scoped memory regions may have different life times during the execution of a program and hence, to avoid leaving dangling pointers, it is necessary to check that reference assignments are performed only from objects in shorter lived scopes to objects in longer lived scopes (or between objects in the same scoped memory area). SCJ offers, compared to the RTSJ, a simplified memory model where only the immortal and mission memory scoped areas are shared between threads and any other scoped region is thread private. In this paper we present how, due to this simplified model, a single scope nesting level can be used to check the legality of every reference assignment. We also show that with simple hardware extensions a processor can see some improvement in terms of execution time for applications where cross-scope references are frequent. Our proposal was implemented and tested on the Java Optimized Processor (JOP).","2375-5261","978-0-7695-4643-8","10.1109/ISORC.2012.13","","https://ieeexplore.ieee.org/stamp/stamp.jsp?arnumber=6195858","Certification;Safety-Critical Java;Scoped Memory;Reference Assignment Checks;Java Optimized Processor","Hardware;Arrays;Java;Software;Memory management;Object oriented modeling;Sensors","","3","","14","IEEE","7 May 2012","11-13 April 2012","11-13 April 2012","IEEE","IEEE Conferences"
"JFORTES: Java Formal Unit TESt Generation","L. Bentes; H. Rocha; E. Valentin; R. Barreto","Institute of Computing, Federal University of Amazonas; Department of Computer Science, Federal University of Roraima; Institute of Computing, Federal University of Amazonas; Institute of Computing, Federal University of Amazonas",2016 VI Brazilian Symposium on Computing Systems Engineering (SBESC),"23 Jan 2017","2016","","","16","23","The use of computer-based systems has increased significantly over the last years in several domains, mainly when we take into account the applications running on mobile platforms that have exploded in just a few short years, so that software verification and testing now play an important role in ensuring the overall product quality. In this paper, we describe the preliminary results of a work that presents a method to integrate formal verification techniques adopting ESC/Java2 and JCute tools with unit testing by TestNG framework to verify Java programs. This method aims to extract the safety properties generated by ESC/Java2 to automatically generate test cases using the rich set of assertions provided by the TestNG framework and JCute to validate those test cases. It is worth noting that is widely recognized that there is a growing need for automated testing techniques aimed at mobile applications, in platforms, such as: Android or Java Platform, Micro Edition (Java ME). Additionally, a critical challenge is the systematic generation of test cases. We show preliminary results of our proposed method over publicly available benchmarks, and compare the results to recognized tools, e.g., CBMC and JavaPathFinder. Experimental results show that our proposed method detects 86.04% of correct results (i.e., if a property satisfy its specification or is violated), while CBMC has found 79.06%, and JPF has found 93,02%.","2324-7894","978-1-5090-2653-1","10.1109/SBESC.2016.012","","https://ieeexplore.ieee.org/stamp/stamp.jsp?arnumber=7828280","Static Analysis;Model Checker;Unit Testing;Java Programs;Android;Annotations","Testing;Safety;Java;Software;Smart phones;Runtime","","","","25","IEEE","23 Jan 2017","1-4 Nov. 2016","1-4 Nov. 2016","IEEE","IEEE Conferences"
"Applying Property-Based Testing in Teaching Safety-Critical System Programming","L. -Å. Fredlund; Á. Herranz; J. Mariño","Babel Group Universidad Politécnica de Madrid, Spain; Babel Group Universidad Politécnica de Madrid, Spain; Babel Group Universidad Politécnica de Madrid, Spain",2015 41st Euromicro Conference on Software Engineering and Advanced Applications,"26 Oct 2015","2015","","","309","316","At the Universidad Politécnica de Madrid students attending a course on concurrency are taught a high-level formalism which permits concise specification of shared resources. This formalism is used to express safety-critical access policies for typical control problems such as robot plants. Students are moreover provided with programming recipes for implementing such shared resource specifications in programming languages (typically Java). The teachers of the course use various tools to ensure that the implementations developed by students for a shared resource are of an acceptable quality. Such tools include normal unit tests, but also the systematic application of property-based testing to judge the quality of the exercises. In this article we provide an overview of the tools, techniques and methods used in one particular exercise of the course: the implementation of a control system for an automated warehouse.","2376-9505","978-1-4673-7585-6","10.1109/SEAA.2015.53","","https://ieeexplore.ieee.org/stamp/stamp.jsp?arnumber=7302468","Testing;Java;Concurrency;Safety","Concurrent computing;Robot kinematics;Java;Programming;Control systems","","1","","8","IEEE","26 Oct 2015","26-28 Aug. 2015","26-28 Aug. 2015","IEEE","IEEE Conferences"
"Hardware Locks with Priority Ceiling Emulation for a Java Chip-Multiprocessor","T. B. Strøm; M. Schoeberl","Danmarks Tekniske Universitet, Lyngby, DK; Department of Applied Mathematics and Computer Science, Technical University of Denmark",2015 IEEE 18th International Symposium on Real-Time Distributed Computing,"13 Jul 2015","2015","","","268","271","According to the safety-critical Java specification, priority ceiling emulation is a requirement for implementations, as it has preferable properties, such as avoiding priority inversion and being deadlock free on uni-core systems. In this paper we explore our hardware supported implementation of priority ceiling emulation on the multicore Java optimized processor, and compare it to the existing hardware locks on the Java optimized processor. We find that the additional overhead for priority ceiling emulation on a multicore processor is several times higher than simpler, non-premptive locks, mainly due to slow access to shared memory. We also find that PCE is mostly viable with large critical sections.","2375-5261","978-1-4799-8781-8","10.1109/ISORC.2015.33","","https://ieeexplore.ieee.org/stamp/stamp.jsp?arnumber=7153815","safety-critical java;locking;multicore","Java;Multicore processing;Hardware;Real-time systems;Monitoring;Emulation;Protocols","","1","","11","IEEE","13 Jul 2015","13-17 April 2015","13-17 April 2015","IEEE","IEEE Conferences"
"Adaptive Distributed Embedded and Real-Time Java Systems Based on RTSJ","M. T. Higuera-Toledano","DACYA, Universidad Complutense de Madrid, Madrid, Spain",2012 IEEE 15th International Symposium on Object/Component/Service-Oriented Real-Time Distributed Computing Workshops,"10 May 2012","2012","","","164","171","Java is a programming technology which has been extended in order to provide the timeliness required by real-time systems (e.g., RTSJ). There are two RTSJ-based profiles: DRTSJ supporting distributed real-time Java systems and SCJS supporting the development of programs that must be certified. However neither of them considers dynamics characteristics allowing the system to be adapted to the changing environment. Distributed safety-critical systems that must provide continuous service (e.g., air-traffic control systems or enterprise and financial applications) require dynamic updates. Dynamic software modification is a useful capability because the application is able to update itself to fix bugs and add new features without requiring a stop and a restart. In this paper, we overview Java solutions considering real-time requirements in service-oriented component models allowing dynamics updates (e.g., OSGi).","","978-0-7695-4669-8","10.1109/ISORCW.2012.37","","https://ieeexplore.ieee.org/stamp/stamp.jsp?arnumber=6196118","Real-time;Java;adaptive systems;components;software engineering","Real time systems;Java;Software;Memory management;Resource management;Servers","","2","","33","IEEE","10 May 2012","11-11 April 2012","11-11 April 2012","IEEE","IEEE Conferences"
"Towards Compiling Region Types Into RTSJ-Compliant Java Code","F. Craciun; G. Glodean","Department of Computer Science, Babes-Bolyai University; Department of Computer Science, Babes-Bolyai University",2018 20th International Symposium on Symbolic and Numeric Algorithms for Scientific Computing (SYNASC),"1 Jul 2019","2018","","","101","108","In the last decade, multiple Real-Time Specification for Java (RTSJ) compliant Java Virtual Machines have been developed and used in safety critical applications. Region-based memory management is a core feature of RTSJ. In this paper, we provide an automatic generation of RTSJ region-based memory management code. We start from a Java program annotated with region types and we apply three type-based analyses. The region types are provided either by our previous region type inference or by the programmers and verified by our previous region type checker. The first two analyses simplify the region type annotations, while the last analysis generates the code according to the RTSJ API.","","978-1-7281-0625-0","10.1109/SYNASC.2018.00028","","https://ieeexplore.ieee.org/stamp/stamp.jsp?arnumber=8750749","type systems;region-based memory management;real-time specification for Java","Memory management;Java;Real-time systems;Safety;Runtime;Instruction sets;Receivers","","","","27","IEEE","1 Jul 2019","20-23 Sept. 2018","20-23 Sept. 2018","IEEE","IEEE Conferences"
"A Profile for Safety Critical Java","M. Schoeberl; H. Sondergaard; B. Thomsen; A. P. Ravn","Institute of Computer Engineering, University of Technology, Vienna, Austria; Vitus Bering Denmark University College, Horsens, Denmark; Department of Computer Science, University of Aalborg, Aalborg, Denmark; Department of Computer Science, University of Aalborg, Aalborg, Denmark",10th IEEE International Symposium on Object and Component-Oriented Real-Time Distributed Computing (ISORC'07),"21 May 2007","2007","","","94","101","We propose a new, minimal specification for real-time Java for safety critical applications. The intention is to provide a profile that supports programming of applications that can be validated against safety critical standards such as DO-178B (1992). The proposed profile is in line with the Java specification request JSR-302: Safety Critical Java Technology, which is still under discussion. In contrast to the current direction of the expert group for the JSR-302 we do not subset the rather complex Real-Time Specification for Java (RTSJ). Nevertheless, our profile can be implemented on top of an RTSJ compliant JVM","2375-5261","0-7695-2765-5","10.1109/ISORC.2007.9","","https://ieeexplore.ieee.org/stamp/stamp.jsp?arnumber=4208831","","Safety;Java;Middleware;Application software;Yarn;Programming profession;Logic;Standards development;Real time systems;Embedded system","","13","","23","IEEE","21 May 2007","7-9 May 2007","7-9 May 2007","IEEE","IEEE Conferences"
"A Comparative Analysis of Static Code Analysis Tools that check Java Code Adherence to Java Coding Standards","Q. Ashfaq; R. Khan; S. Farooq","Department of Software Engineering, NUST College of Electrical and Mechanical Engineering, Rawalpindi, Pakistan; Department of Software Engineering, NUST College of Electrical and Mechanical Engineering, Rawalpindi, Pakistan; Department of Software Engineering, Fatima Jinnah Women University, Rawalpindi, Pakistan","2019 2nd International Conference on Communication, Computing and Digital systems (C-CODE)","4 Apr 2019","2019","","","98","103","Java programming language is considered highly important due to its extensive use in the development of web, desktop as well as handheld devices applications. Implementing Java Coding standards on Java code has great importance as it creates consistency and as a result better development and maintenance. Finding bugs and standard’s violations is important at an early stage of software development than at a later stage when the change becomes impossible or too expensive. In the paper, some tools and research work done on Coding Standard Analyzers is reviewed. These tools are categorized based on the type of rules they cheeked, namely: style, concurrency, exceptions, and quality, security, dependency and general methods of static code analysis. Finally, list of Java Coding Standards Enforcing Tools are analyzed against certain predefined parameters that are limited by the scope of research paper under study. This review will provide the basis for selecting a static code analysis tool that enforce International Java Coding Standards such as the Rule of Ten and the JPL Coding Standards. Such tools have great importance especially in the development of mission/safety critical system. This work can be very useful for developers in selecting a good tool for Java code analysis, according to their requirements.","","978-1-5386-9609-5","10.1109/C-CODE.2019.8681007","","https://ieeexplore.ieee.org/stamp/stamp.jsp?arnumber=8681007","analyzers;static analysis;standards;critical system;testing;style;exceptions;quality;security","Java;Codes;Reviews;Source coding;Computer bugs;Static analysis;Software;Telecommunication computing;Security;Standards","","10","","17","IEEE","4 Apr 2019","6-7 March 2019","6-7 March 2019","IEEE","IEEE Conferences"
"Achieving MC/DC using UML Communication Diagram","P. Mahanto; S. K. Barisal; D. P. Mohapatra","Dept. of Computer Science and Engg, N.I.T. Rourkela, Odisha, India; Dept. of Computer Science and Engg, N.I.T. Rourkela, Odisha, India; Dept. of Computer Science and Engg, N.I.T. Rourkela, Odisha, India",2018 International Conference on Information Technology (ICIT),"30 May 2019","2018","","","73","78","Today, in order to reduce the burdensome task of software testing, test case generation has been elongated and can be generated not only from the coding documents but also from Software Requirement Specification (SRS) and Object-Oriented design models (e.g. UML model). A Unified Modeling Language (UML) contains different diagrams for visual modeling of the Object-Oriented software. To describe individual perspectives of a software system different types of UML diagrams are used. In this study, we have used UML Communication Diagram and generated test cases by considering Modified Condition/Decision Coverage (MC/DC) as a precedent. A UML Communication diagram is used to describe a set of objects collaborating to implement a specific task and illustrate the relationship between them through a complex operation. We propose an automated model-based technique for MC/DC test case generation from the UML Communication Diagram and for that, we have proposed a framework named MC/DC Estimator for UML Communication Diagram (MEUCD) which is a combination of different tools like Modelio, JiBX, jCUTE, and COPECA. We first design a UML Communication Diagram in Modelio UML Modeler and then, by using the classes and instances of the communication diagram, we design the XML Schema Design (XSD) model in Modelio XSD Designer. Then, the XSD is given as input to a Java XML Binding tool JiBX to generate the Java Code. Next, we convert this Java code to a jCUTE executable form and supply it to jCUTE for generating test cases. Finally, MC/DC coverage is measured by using the acceptable Java code and the generated test cases of jCUTE.","","978-1-7281-0259-7","10.1109/ICIT.2018.00026","","https://ieeexplore.ieee.org/stamp/stamp.jsp?arnumber=8724282","MC/DC;UML Communication diagram;Concolic Testing.","Unified modeling language;Java;Testing;Tools;Object oriented modeling;Computational modeling;XML","","3","","14","IEEE","30 May 2019","19-21 Dec. 2018","19-21 Dec. 2018","IEEE","IEEE Conferences"
"How to reliably integrate medical devices over wireless","C. Kim; M. Sun; M. Rahmaniheris; L. Sha","School of EECS, Korea AeroSpace University, Goyang, South Korea; Department of Computer Science, University of Illinois, Urbana-Champaign, Urbana, IL, USA; Department of Computer Science, University of Illinois, Urbana-Champaign, Urbana, IL, USA; Department of Computer Science, University of Illinois, Urbana-Champaign, Urbana, IL, USA","2012 9th Annual IEEE Communications Society Conference on Sensor, Mesh and Ad Hoc Communications and Networks (SECON)","23 Aug 2012","2012","","","85","87","This demonstration presents our NASS (Network Aware Supervisory System) framework prototype for medical device integration systems. The NASS framework interconnects medical devices over wireless for convenience, seamlessness and sanitation, and provides safety-guaranteed supervision. Our prototype was developed in Sun Java Real-time Environment. Real-time Java provides well-formed convenience of dynamically loading and unloading medical application logic and safety rules on the fly in real-time environments. To tackle the complexity of using real-time Java in the safety-critical system, we also applied HW/SW codesign method. Real-time Java Environment + Linux operating system may not be robust enough for medical devices to fully rely on. In our prototype, the supervisor software in Java performs all logical decisions including contingency plan generation derived from the safety rules. Once logic is decided, the decisions and plans for the devices are delivered to the hardware implemented in FPGA at each device to physically drive medical equipments. Since the execution of decisions and plans are delegated to the hardware, any failure in software does not harm the integrated safety. Our demonstration shows how safety is managed in different kinds of failures from wireless network failures to device software failures.","2155-5494","978-1-4673-1905-8","10.1109/SECON.2012.6276355","","https://ieeexplore.ieee.org/stamp/stamp.jsp?arnumber=6276355","","Safety;Protocols;Engines;Prototypes;Software;Biomedical equipment;Java","","2","","2","IEEE","23 Aug 2012","18-21 June 2012","18-21 June 2012","IEEE","IEEE Conferences"
"SCA extensions to support safety critical distributed embedded systems","A. Agirre; J. Perez; R. Priego; M. Marcos; E. Estévez","IK4-Ikerlan, Arrasate, Spain; IK4-Ikerlan, Arrasate, Spain; Department of Automatic Control and Systems Engineering, ETSI Bilbao, EHU, UPV, Bilbao, Spain; Department of Automatic Control and Systems Engineering, ETSI Bilbao, EHU, UPV, Bilbao, Spain; Department Of Electronics and Automatic Control, EPS Jaén, Universidad de Jaén, Jaen, Spain",2013 IEEE 18th Conference on Emerging Technologies & Factory Automation (ETFA),"28 Oct 2013","2013","","","1","4","Component Based Software Engineering (CBSE) is being increasingly applied in the distributed embedded systems (DES) domain as long as these systems are getting more and more complex in terms of flexibility, dynamism or heterogeneity. Besides that, safety critical systems must cope with the fulfillment of safety requirements and certification standards. This factor increases considerably the development cost of safety distributed embedded systems, even more if they must cope with flexibility, dynamism and heterogeneity. This paper focuses on the distribution aspects of such systems, and more specifically on safe communication channels for safety critical distributed systems. The proposed approach describes a certifiable general purpose safety communication layer that could be reused in different systems, thereby reducing the cost of system development and certification.","1946-0759","978-1-4799-0864-6","10.1109/ETFA.2013.6648112","","https://ieeexplore.ieee.org/stamp/stamp.jsp?arnumber=6648112","","Safety;IEC standards;Embedded systems;Middleware;Java","","7","","19","IEEE","28 Oct 2013","10-13 Sept. 2013","10-13 Sept. 2013","IEEE","IEEE Conferences"
"Circus Models for Safety-Critical Java Programs","F. Zeyda; L. Lalkhumsanga; A. Cavalcanti; A. Wellings",NA; NA; NA; NA,The Computer Journal,"18 Jan 2018","2014","57","7","1046","1091","Safety-critical Java (SCJ) is a restriction of the real-time specification for Java to support the development and certification of safety-critical applications. The SCJ technology specification is the result of an international effort from industry and academia. In this paper, we present a formalization of the SCJ Level 1 execution model, formalize a translation strategy from SCJ into a refinement notation and describe a tool that largely automates the generation of the formal models. Our modelling language is part of the Circus family; at the core, we have Z, communicating sequential processes and Morgan's calculus, but we also use object-oriented and timed constructs from the OhCircus and Circus Time variants. Our work is an essential ingredient for the development of refinement-based reasoning techniques for SCJ.","1460-2067","","10.1093/comjnl/bxt060","","https://ieeexplore.ieee.org/stamp/stamp.jsp?arnumber=8156023","Circus;real-time systems;formal models;translation;refinement;RTSJ","","","","","","","18 Jan 2018","July 2014","","OUP","OUP Journals"
"Languages for Safety-Critical Software: Issues and Assessment","B. M. Brosgol","AdaCore, USA",29th International Conference on Software Engineering (ICSE'07 Companion),"4 Jun 2007","2007","","","180","181","Safety-critical systems (whose anomalous behavior could have catastrophic consequences such as loss of human life) are becoming increasingly prevalent; standards such as DO-178B, originally developed for the certification of commercial avionics, are attracting attention in other communities. The requirement to comply with such standards imposes constraints (on quality assurance, traceability, etc.) much beyond what is typical for Commercial-Off-The-Shelf Software. One of the major decisions that affects the development of safety-critical software is the choice of programming language(s). Specific language features, either by their presence of absence, may make certification easier or harder. Indeed, full genera-lpurpose languages are almost always too complex, and restricted subsets are required. This tutorial compares several languages currently in use or under consideration for safety-critical systems --C (and also C++), Ada, and Java -- and assesses them with respect to their suitability to be constrained for use for such purposes. It specifically examines the MISRA C subset, SPARK, and the in-progress effort to develop a safety-critical profile of the Real-Time Specification for Java. The tutorial also identifies the challenges that Object Oriented Programming imposes on safety certification and indicates possible future directions.","","0-7695-2892-9","10.1109/ICSECOMPANION.2007.45","","https://ieeexplore.ieee.org/stamp/stamp.jsp?arnumber=4222735","","Software safety;Certification;Java;Humans;Standards development;Aerospace electronics;Software standards;Quality assurance;Software quality;Sparks","","1","","8","IEEE","4 Jun 2007","20-26 May 2007","20-26 May 2007","IEEE","IEEE Conferences"
"A Guided Approach to Prioritize Object-Oriented Test Suites Using MC/DC Testing","G. Nayak; M. Ray","Dept. of Computer Science and Engineering, Siksha ‘O’ Anusandhan Deemed to be University, Bhubaneswar, India; Dept. of Computer Science and Engineering, Siksha ‘O’ Anusandhan Deemed to be University, Bhubaneswar, India",2018 2nd International Conference on Data Science and Business Analytics (ICDSBA),"27 Dec 2018","2018","","","186","191","Concolic testing is used to prioritize test suites generated from object oriented programs. Various techniques proposed and validated to prioritize test cases at the maintenance phase of software system. But to prioritize test suites generated from object-oriented safety critical programs is a new challenge. MC/DC (""Modified Condition Decision Coverage"") testing criteria is a well-known technique for testing safety critical systems. We propose a method to prioritize the given test suites using MC/DC criteria. In this paper, concolic testing is applied on several standard Java programs to generate test suites and recorded their execution time. The generated test suites are used by a coverage analyzer to measure MC/DC%. MC/DC score and time taken for each test suite are formulated to produce weight value for each test suite, which in turn helps to achieve prioritized test suites.","","978-1-5386-8431-3","10.1109/ICDSBA.2018.00040","","https://ieeexplore.ieee.org/stamp/stamp.jsp?arnumber=8588909","Concolic Testing, Test Suite Prioritization, MC/DC criteria, Symbolic execution","Testing;Java;Instruments;Software;Safety;Optimization;Integrated circuits","","","","10","IEEE","27 Dec 2018","21-23 Sept. 2018","21-23 Sept. 2018","IEEE","IEEE Conferences"
"Exploring the Characteristics of Identifiers: A Large-Scale Empirical Study on 5,000 Open Source Projects","J. Zhang; S. Liu; J. Luo; J. Liang; Z. Huang","College of Computer Science and Technology, Nanjing University of Aeronautics and Astronautics, Nanjing, China; College of Computer Science and Technology, Nanjing University of Aeronautics and Astronautics, Nanjing, China; College of Computer Science and Technology, Nanjing University of Aeronautics and Astronautics, Nanjing, China; College of Computer Science and Technology, Nanjing University of Aeronautics and Astronautics, Nanjing, China; College of Computer Science and Technology, Nanjing University of Aeronautics and Astronautics, Nanjing, China",IEEE Access,"7 Aug 2020","2020","8","","140607","140620","Informative identifiers are crucial for the comprehensibility and maintainability of programs. Exploring properties of identifiers and investigating their impact on software artifacts have been an important research focus. However, to enable such capabilities, fundamentally we need to have comprehensive understanding on the main characteristics of identifiers at the first place, which is unfortunately not sufficiently studied. For example, it remained unclear what Part of Speech (POS) tags that developers commonly use to define identifiers. To answer such open issues, we conducted a large-scale empirical study on the naturalness of identifiers, based on 5,000 open source Java and Android projects, concerning five dimensions of identifiers: distributions, compositions, POS tags, lengths, and initializations of identifiers. Results of the empirical study contain five key findings for identifiers in programs, including, e.g., the observation that the three POS tags (i.e., nouns, verbs, and adjectives) are the most commonly used ones when developers define identifiers. Furthermore, based on our findings, we provide implications and insights for developers, researchers, and Integrated Development Environments (IDEs) in the context that identifier-related activities are performed or functionalities are enabled.","2169-3536","","10.1109/ACCESS.2020.3013694","National Key Research and Development Plan of China(grant numbers:2018YFB1003900); National Natural Science Foundation of China(grant numbers:61902181); China Postdoctoral Science Foundation(grant numbers:2020M671489); ","https://ieeexplore.ieee.org/stamp/stamp.jsp?arnumber=9154350","Application programming interfaces;data analysis;object oriented programming;open source software;software engineering;software library;software maintenance","Software;Java;Androids;Humanoid robots;Programming;Computational modeling","","7","","37","CCBY","3 Aug 2020","2020","","IEEE","IEEE Journals"
"A GALS Language for Dynamic Distributed and Reactive Programs","A. Malik; A. Girault; Z. Salcic","Department of Computer Science and Statistics, Trinity College Dublin, IBM Research Dublin, Ireland; LIG laboratory, POP ART team, INRIA Grenoble Rhône-Alpes, Grenoble, France; Department of Electrical and Computer Engineering, University of Auckland, New Zealand",2011 Eleventh International Conference on Application of Concurrency to System Design,"18 Aug 2011","2011","","","173","182","We propose a Globally Asynchronous Locally Synchronous language DSystemJ for designing dynamic distributed systems. DSystemJ, an extension of the reactive asynchronous System J language, enhances it with dynamic creation and process mobility, and uses the Java language for programming sequential data computations. Moreover, DSystemJ is equipped with a formal semantics, which allows, formal system specification, reasoning, and automatic code generation. Compared to special purpose languages, DSystemJ is better in terms of implementation, scalability, and features. Compared to general purpose languages, DSystemJ is better because it exposes, at the language level, OS features like communication, concurrency, process creation and migration, therefore making it better suited for system level design of complex distributed systems.","1550-4808","978-1-61284-974-4","10.1109/ACSD.2011.30","","https://ieeexplore.ieee.org/stamp/stamp.jsp?arnumber=5988904","GALS;distributed systems;dynamic process creation;weak process mobility;Java;DSystemJ","Runtime;Semantics;Java;Cameras;Libraries;Syntactics;Concurrent computing","","7","","27","IEEE","18 Aug 2011","20-24 June 2011","20-24 June 2011","IEEE","IEEE Conferences"
"WebAssembly in Avionics: Decoupling Software from Hardware","W. Zaeske; S. Friedrich; T. Schubert; U. Durak","Safety Critical Systems & Systems Engineering, German Aerospace Center (DLR), Brunswick, Germany; Safety Critical Systems & Systems Engineering, German Aerospace Center (DLR), Brunswick, Germany; Safety Critical Systems & Systems Engineering, German Aerospace Center (DLR), Brunswick, Germany; Safety Critical Systems & Systems Engineering, German Aerospace Center (DLR), Brunswick, Germany",2023 IEEE/AIAA 42nd Digital Avionics Systems Conference (DASC),"10 Nov 2023","2023","","","1","10","Avionics software development is expensive and release cadence is slow. Therefore, reusable software components and applications are particularly attractive to enable faster system development, increase quality and decrease costs. A common Application Programming Interface (API) can avoid strong coupling between software and its execution environment and enable re-use even when the execution environment changes. ARINC 653 describes such an API for avionics applications. However, orthogonal to the use of this API, some coupling to the hardware and the execution environment remains. Usually, an avionics application still has to be adapted to the OS implementing ARINC 653 and compiled for the target hardware architecture. In this paper, we outline a concept for removing this restriction, while increasing portability and re-usability, using WebAssembly as a common Application Binary Interface and object code format. Since WebAssembly is a universal byte-code written for a Virtual Machine, this also enables advantages towards certification and fault isolation. In this work we integrate a WebAssembly (Wasm) interpreter onto an ARINC 653 Hypervisor to demonstrate feasibility of the approach, and to assess runtime impact on binary size and performance. Moreover we argue that certification according to DO-178C is achievable for a Wasm interpreter based avionic software stack.","2155-7209","979-8-3503-3357-2","10.1109/DASC58513.2023.10311207","","https://ieeexplore.ieee.org/stamp/stamp.jsp?arnumber=10311207","Avionics;Wasm;ARINC 653;Software","Couplings;Virtual machine monitors;Full stack;Aerospace electronics;Webassembly;Software;Hardware;Virtual machines;Certification;Application programming interfaces","","5","","25","IEEE","10 Nov 2023","1-5 Oct. 2023","1-5 Oct. 2023","IEEE","IEEE Conferences"
"A novel similar clutter jamming (SCJ) method to high-resolution SAR","Li Jiangyuan; W. Jianguo","School ofElectronic Engineering, University of Electronic Science and Technology, Chengdu, China; School ofElectronic Engineering, University of Electronic Science and Technology, Chengdu, China",2006 CIE International Conference on Radar,"10 Apr 2007","2006","","","1","4","A novel similar clutter jamming (SCJ) method to high-resolution synthetic aperture radar (SAR) is discussed. The obvious properties of this method are that its jamming signal is matched to the SAR's receiver and is provided with similar statistical characteristic of high-resolution SAR clutter. Resorting to CV distance and simulation validate that the simulated clutter distribution after SAR processing system is good fit with the theoretical high-resolution clutter distributions.","","0-7803-9582-4","10.1109/ICR.2006.343570","","https://ieeexplore.ieee.org/stamp/stamp.jsp?arnumber=4148232","synthetic aperture radar (SAR);similar clutter jamming (SCJ) method;CV distance","Jamming;Clutter;Radar antennas;Synthetic aperture radar;Radar cross section;Receiving antennas;Signal processing;Signal resolution;Phase frequency detector;Shape","","1","","11","IEEE","10 Apr 2007","16-19 Oct. 2006","16-19 Oct. 2006","IEEE","IEEE Conferences"
"Java Virtual Machine monitoring for dependability benchmarking","S. Orlando; S. Russo","Dipartimento di Informatica e Sistemistica, Università degli Studi di Napoli Federico II, Naples, Italy; Dipartimento di Informatica e Sistemistica, Università degli Studi di Napoli Federico II, Naples, Italy",Ninth IEEE International Symposium on Object and Component-Oriented Real-Time Distributed Computing (ISORC'06),"15 May 2006","2006","","","8 pp.","","A monitoring infrastructure is a key component in each task aimed at evaluating the dependability of a system. This paper presents a monitoring infrastructure for the Java Virtual Machine (JVM), which is starting to be employed in mission and safety critical application, often with real-time requirements. This infrastructure, named JVMMon, collects data about both the state and the failures of the monitored Virtual Machine. The state of the JVM was defined according to the Java Virtual Machine specification. JVMMon is constituted by three components: a monitoring agent which collects data from the monitored VM; a local monitor daemon that receives data from such agent and updates the state of the JVM; a data collector, which stores events and state snapshots in a database. The impact on the performance of the JVM has been evaluated running the SPEC JVM98 benchmark suite","2375-5261","0-7695-2561-X","10.1109/ISORC.2006.45","","https://ieeexplore.ieee.org/stamp/stamp.jsp?arnumber=1630510","","Java;Virtual machining;Condition monitoring;Virtual machine monitors;Fault tolerance;Mission critical systems;Error correction codes;Laboratories;Safety;Virtual manufacturing","","5","5","19","IEEE","15 May 2006","24-26 April 2006","24-26 April 2006","IEEE","IEEE Conferences"
"Extending distributed real-time java with Remote Memory Areas","P. Basanta-Val; M. García-Valls","DREQUIEM Laboratory Departmento de Ingeniería de Telemática, Charles III University of Madrid, Madrid, Spain; DREQUIEM Laboratory Departmento de Ingeniería de Telemática, Charles III University of Madrid, Madrid, Spain",2013 11th IEEE International Conference on Industrial Informatics (INDIN),"10 Oct 2013","2013","","","42","47","Current approaches towards distributed real-time Java are mainly based on the idea of having user-defined remote objects, allocated in servers that may be invoked from clients. This article extends this support included in real-time Java with an extension called Remote Memory Areas (RMAs). RMAs offer a method that allows running user-defined code in a generic server that may be reused by several applications (i.e., it does not require defining one type of remote sever per application). The paper describes the abstraction, which is backward compatible with main approaches in distributed real-time Java, and provides empirical evidence on its performance on a use-case application.","2378-363X","978-1-4799-0752-6","10.1109/INDIN.2013.6622855","","https://ieeexplore.ieee.org/stamp/stamp.jsp?arnumber=6622855","DRTSJ;real-time Java;real-time middleware;remote memory areas","Servers;Real-time systems;Java;Instruction sets;Memory management;Programming;Context","","","","40","IEEE","10 Oct 2013","29-31 July 2013","29-31 July 2013","IEEE","IEEE Conferences"
"Multiprocessors and the Real-Time Specification for Java","A. Wellings","Department of Computer Science, University of York, UK",2008 11th IEEE International Symposium on Object and Component-Oriented Real-Time Distributed Computing (ISORC),"14 May 2008","2008","","","255","261","Currently, the Real-Time Specification for Java (RTSJ) is silent on multiprocessor issues It attempts not to preclude multiprocessor implementations but provides no direct support. This paper discusses the issues that need to be addressed if the RTSJ is to be better defined for execution on a multiprocessor system. It proposes new dispatching and allocation models. Issues of cost enforcement, interrupts affinity and processor failure are covered.","2375-5261","978-0-7695-3132-8","10.1109/ISORC.2008.22","","https://ieeexplore.ieee.org/stamp/stamp.jsp?arnumber=4519586","multiprocessors;SMP;RTSJ","Java;Processor scheduling;Protection;Multiprocessing systems;Costs;Partitioning algorithms;Scheduling algorithm;Yarn;Queueing analysis;Distributed computing","","8","","7","IEEE","14 May 2008","5-7 May 2008","5-7 May 2008","IEEE","IEEE Conferences"
"Incorporating Android Code Smells into Java Static Code Metrics for Security Risk Prediction of Android Applications","A. Gong; Y. Zhong; W. Zou; Y. Shi; C. Fang","State Key Laboratory for Novel Software Technology, Nanjing University, China; State Key Laboratory for Novel Software Technology, Nanjing University, China; College of Computer Science and Technology, Nanjing University of Aeronautics and Astronautics, China; State Key Laboratory for Novel Software Technology, Nanjing University, China; State Key Laboratory for Novel Software Technology, Nanjing University, China","2020 IEEE 20th International Conference on Software Quality, Reliability and Security (QRS)","11 Dec 2020","2020","","","30","40","With the wide-spread use of Android applications in people’s daily life, it becomes more and more important to timely identify the security problems of these applications. To enrich existing studies in guarding the security and privacy of Android applications, we attempted to predict the security risk levels of Android applications. Specifically, we proposed an approach that incorporated Android code smells into traditional Java code metrics to predict how secure an Android application is. With an evaluation of our technique on 3,680 Android applications, we found that: (1) Android code smells could help improve the performance of security risk prediction of Android applications; (2) By building a Random Forest model based on Android code smells and Java code metrics, we could achieve an Area Under Curve (AUC) of 0.97; (3) Android code smells such as member ignoring method (MIM) and leaking inner class (LIC) have a relatively-large influence on Android security risk prediction, to which developers should pay more attention during their application development.","","978-1-7281-8913-0","10.1109/QRS51102.2020.00017","","https://ieeexplore.ieee.org/stamp/stamp.jsp?arnumber=9282278","Android code smells;Java code metrics;Android security","Measurement;Learning systems;Java;Predictive models;Security;Task analysis;Random forests","","7","","44","IEEE","11 Dec 2020","11-14 Dec. 2020","11-14 Dec. 2020","IEEE","IEEE Conferences"
"Introducing a Testing Automation Framework for Basic Integrity of Java Applications in Hitachi Railway Systems","A. Venditto; C. Aprile; F. Zanini; F. Del Villano","Wayside Platforms, Verification & Validation, Hitachi Rail; Wayside Platforms, Verification & Validation, Hitachi Rail; Wayside Platforms, Verification & Validation, Hitachi Rail; Wayside Platforms, Verification & Validation, Hitachi Rail","2025 IEEE International Conference on Software Testing, Verification and Validation Workshops (ICSTW)","16 Apr 2025","2025","","","130","138","In the railway industry, where safety, reliability, and performance are critical, test automation is essential to ensure Verification and Validation (V&V) of software and its quality, especially for Java applications. In order to reduce validation time and minimize human error, automatic tests represent a powerful tool: they can make the validation process more efficient and systematic. Building an automated testing framework provides continuity and responsiveness, enabling both early issue detection and overall system performance optimization. These concepts are crucial in a constantly evolving environment that must comply with strict standards and several customer requirements. This paper outlines the automated testing framework developed for Java-based applications in Hitachi Rail, specifically targeting railway central control systems. The framework must support SW and V&V lifecycles and is made of three main stages: API Test Automation using Postman used to ensure proper API behavior under expected conditions and against the given requirements, development of test suites with JUnit to validate the reliability and accuracy of individual modules and their interactions, and system tests through stress and fault injection scenarios. The structured approach enables efficient testing by significantly increasing the number of tests completed in a shorter time, focusing on robustness and reliability, which are paramount in railway central control systems.","2159-4848","979-8-3315-3467-7","10.1109/ICSTW64639.2025.10962476","","https://ieeexplore.ieee.org/stamp/stamp.jsp?arnumber=10962476","rail;Java;central post;automation;testing;safety critical;verification;validation","Rails;Software testing;Java;Automation;Accuracy;Focusing;Rail transportation;Software;Safety;Standards","","","","25","IEEE","16 Apr 2025","31 March-4 April 2025","31 March-4 April 2025","IEEE","IEEE Conferences"
"Predictable Serialization in Java","D. Tejera; A. Alonso; M. A. de Miguel","Departmento de Ingeniería de Sistemas Telemáticos, ETSI Telecomunicación, Universidad Politécnica de Madrid, Ciudad Universitaria, Madrid, Spain; Departmento de Ingeniería de Sistemas Telemáticos, ETSI Telecomunicación, Universidad Politécnica de Madrid, Ciudad Universitaria, Madrid, Spain; Departmento de Ingeniería de Sistemas Telemáticos, ETSI Telecomunicación, Universidad Politécnica de Madrid, Ciudad Universitaria, Madrid, Spain",10th IEEE International Symposium on Object and Component-Oriented Real-Time Distributed Computing (ISORC'07),"21 May 2007","2007","","","102","109","RTSJ (Real-Time Specification for Java) extends and adapts the Java technology in order to allow the development of real time systems. In RTSJ the requirements of distributed systems were not considered. The serialization in Java is an example of a basic operation that needs to be reviewed to make distributed Java fully predictable and suitable for hard-real time systems. However, the most recent works in the application of Java in distributed real-time systems do not specify how a serialization process must be used in order to obtain a deterministic behavior. This paper describes a new serialization process focused on hard real-time systems which provide full time and space predictability","2375-5261","0-7695-2765-5","10.1109/ISORC.2007.48","","https://ieeexplore.ieee.org/stamp/stamp.jsp?arnumber=4208832","","Java;Real time systems;Yarn;Safety;Intelligent systems;Ambient intelligence;Wire;Protocols;Telecommunication standards;Industrial economics","","6","","17","IEEE","21 May 2007","7-9 May 2007","7-9 May 2007","IEEE","IEEE Conferences"
"Exploiting Java Stack Forensics for Runtime Monitoring of IoT Services","Y. -f. Mao; Y. Zhang; J. -l. Chen; K. -y. Zhao","Software Engineering College, Zhengzhou University of Light Industry, Zhengzhou, China; State Key Laboratory of Networking and Switching Technology, Beijing University of Posts and Telecommunications, Beijing, China; State Key Laboratory of Networking and Switching Technology, Beijing University of Posts and Telecommunications, Beijing, China; State Key Laboratory of Networking and Switching Technology, Beijing University of Posts and Telecommunications, Beijing, China",ICC 2019 - 2019 IEEE International Conference on Communications (ICC),"15 Jul 2019","2019","","","1","6","Internet of Things (IoT) services play an increasingly important role in modern society with the more deployment in critical infrastructures. Ensuring IoT systems operating in a secure and safe environment is becoming a mandatory and urgent requirement. We have proposed a non-intrusive runtime monitoring mechanism in our previous work, but only runtime of C applications is considered in it. With the widely use of Java applications, the runtime monitoring of Java services is quite essential and important. However, the existing memory forensics on user processes are mainly focused on native stack of C or Java heap, which cannot meet the requirements of runtime monitoring of IoT services. In this paper, We propose an approach to dump and semantically reconstruct a Java stack, where a history of executed methods is obtained. We show the algorithms to extract methods in calling and the associated parameters, which are further encapsulated to be IoT events in XML format for runtime monitoring of IoT services, from Java stacks. The challenge of determining whether a stack frame is interpreted or compiled when reconstruct frames from the bottom to the top of the stack is solved. Experiments and evaluations show that the reconstruction is feasible and effective, with low resource occupation and real-time responses.","1938-1883","978-1-5386-8088-9","10.1109/ICC.2019.8761196","","https://ieeexplore.ieee.org/stamp/stamp.jsp?arnumber=8761196","","Java;Monitoring;Runtime;Instruction sets;Internet of Things;Forensics;Critical infrastructure","","","","21","IEEE","15 Jul 2019","20-24 May 2019","20-24 May 2019","IEEE","IEEE Conferences"
"NoC-based CSP support for a Java chip multiprocessor","F. Gruian; M. Schoeberl","Department of Computer Science, Lund University, Lund, Sweden; Department of Informatics and Mathematical Modeling, Technical University of Denmark, Lyngby, Denmark",NORCHIP 2010,"17 Dec 2010","2010","","","1","6","In this paper we examine the idea of implementing communicating sequential processes (CSP) constructs on a Java embedded chip multiprocessor (CMP). The approach is intended to reduce the memory bandwidth pressure on the shared memory, by employing a dedicated network-on-chip (NoC). The presented solution is scalable and also specific for our limited resources and real-time predictability requirements. A CMP architecture of three processors is implemented and tested on an FPGA, showing a 15% increase in device area without performance penalties. Compared to shared memory-based communication, our NoC-based solution is between 2.3 and 11.5 times faster, depending on the communication and memory configuration.","","978-1-4244-8973-2","10.1109/NORCHIP.2010.5669484","","https://ieeexplore.ieee.org/stamp/stamp.jsp?arnumber=5669484","","Java;Hardware;Computer architecture;Instruction sets;Receivers","","3","","24","IEEE","17 Dec 2010","15-16 Nov. 2010","15-16 Nov. 2010","IEEE","IEEE Conferences"
"Java Technologies for Cyber-Physical Systems","M. T. Higuera-Toledano","Department of Computer Architecture and Automation, Complutense University of Madrid, Madrid, Spain",IEEE Transactions on Industrial Informatics,"19 Apr 2017","2017","13","2","680","687","Cyber-physical systems (CPS) provide a strong integration and coordination between computing science, network communications, and the physical world. These systems are usually real-time and embedded applications with stringent requirements, including highly precise timing characteristics, small memory footprints, flexible sensor and actuator interfaces, and robust safety characteristics. This paper outlines opportunities and challenges in the development of CPS by using distributed real-time and embedded Java technologies.","1941-0050","","10.1109/TII.2016.2630801","","https://ieeexplore.ieee.org/stamp/stamp.jsp?arnumber=7748446","Concurrency;distributed systems;embedded systems;Java language extensions;process control systems;real-time systems;validation and verification (V&V)","Java;Real-time systems;Memory management;Programming;Clocks;Timing;Instruction sets","","15","","24","IEEE","18 Nov 2016","April 2017","","IEEE","IEEE Journals"
"An automated software fault injection tool for robustness assessment of java COTs","K. Z. Zamli; M. D. A. Hassan; N. A. M. Isa; S. N. Azizan","School of Electrical and Electronic, University Science Malaysia, Engineering Campus, Penang, Malaysia; School of Electrical and Electronic, University Science Malaysia, Engineering Campus, Penang, Malaysia; School of Electrical and Electronic, University Science Malaysia, Engineering Campus, Penang, Malaysia; School of Electrical and Electronic, University Science Malaysia, Engineering Campus, Penang, Malaysia",2006 International Conference on Computing & Informatics,"2 Oct 2009","2006","","","1","6","In line with market demands and the need for technological innovations, designing and implementing software and hardware components for computing systems is growing in complexity. In order to cope with such complexity whilst meeting market needs, engineers often rely on design integration with commercial-of-the-shelf-components (COTs). In the case where lives and fortunes are at stake, there is a need to ensure dependability of COTs in terms of their robustness before they can be adopted in such an environment. However, it is not often possible to thoroughly test COTs for robustness because their design as well as source codes are usually unavailable. In order to address some of the above issues, we have developed an automated software fault injection tool, ca lled SFIT, based on the use of computational reflection and Java technology. This paper describes our experiences with SFIT performing robustness testing of Java COTs, called Jada, a Linda tuple space implementation.","2166-5729","978-1-4244-0219-9","10.1109/ICOCI.2006.5276549","","https://ieeexplore.ieee.org/stamp/stamp.jsp?arnumber=5276549","","Software tools;Robustness;Java;Testing;Space technology;Technological innovation;Software design;Hardware;Design engineering;Reflection","","2","","24","IEEE","2 Oct 2009","6-8 June 2006","6-8 June 2006","IEEE","IEEE Conferences"
"Javolution-Solution for Real Time Embedded System","R. P. Sonar; R. S. Lande","Department of Computer Science & Engineering, Prof Ram Meghe College of Engineering & Management, Amravati; Department of Computer Science & Engineering, Prof Ram Meghe College of Engineering & Management, Amravati",2018 International Conference on Research in Intelligent and Computing in Engineering (RICE),"25 Oct 2018","2018","","","1","10","Embedded systems are highly used in every field. Embedded system often required to provide Real-Time response. As embedded systems become more and more complex, and the time to market becomes shorter; there is a need in the embedded systems community to find better programming languages that let the programmers develop correct code faster: The programming languages used today typically C and/or Assemblers-are just too error-prone. The Java technology has therefore gained a lot of interest from developers of embedded systems in the last few years [1]. To use Java in Real-Time/Safety-Critical systems calls for significantly green predictable code execution. Techniques to achieve this include Ahead-Of-Time compilation, incremental Garbage Collection and the use of RTSJ-compliant Virtual Machine. However those are not enough as time-predictability can without trouble be ruined through using the same antique library (lazy initialization, array resizing, and so forth.). To reap actual time predictability one should have a time deterministic library. This paper introduces such open deliver library known as Javolution suitable for embedded or server-aspect applications and used for safety important application global [2]. This paper also presents an overview of the most recent and important studies in the area of real-time Java computing. We will study and analysis of Java variations for Real-Time systems.","","978-1-5386-2599-6","10.1109/RICE.2018.8509074","","https://ieeexplore.ieee.org/stamp/stamp.jsp?arnumber=8509074","Embedded Systems;Real-Time Operating Systems;Real-Time Java;JIT Compiler;RTSJ","Task analysis;Real-time systems;Embedded systems;Hardware;Multitasking","","","","25","IEEE","25 Oct 2018","22-24 Aug. 2018","22-24 Aug. 2018","IEEE","IEEE Conferences"
"A Dynamic Memory Management Unit for Real Time Systems","N. Harvey-Lees-Green; M. Biglari-Abhari; A. Malik; Z. Salcic","Electrical and Computer Engineering, University of Auckland Auckland, New Zealand; Electrical and Computer Engineering, University of Auckland Auckland, New Zealand; Electrical and Computer Engineering, University of Auckland Auckland, New Zealand; Electrical and Computer Engineering, University of Auckland Auckland, New Zealand",2017 IEEE 20th International Symposium on Real-Time Distributed Computing (ISORC),"3 Jul 2017","2017","","","84","91","Time predictability is a first class requirement in safety critical system design. Techniques exist for the timing analysis of programs designed in memory managed languages, but these require detailed knowledge of memory allocation. Moreover, enforcing hard real-time guarantees for systems designed in such garbage collected languages is difficult, because of the so called collection pause - however incremental. This paper proposes a novel solution whereby a separate reference counting unit replaces the garbage collector. We present the underlying concepts of the Reference Counting Memory Management Unit (RCMMU) and its use for garbage collection. In addition, we present an implementation that includes a specialized memory arrangement that allows for object management transactions to occur concurrently with program execution, with no resultant impact upon program performance. The RCMMU has been targeted for use with Java but can be adopted to be used with other memory managed languages. The hardware-implemented RCMMU removes all overhead associated with garbage collection operations when compared against a software-only collector. Additionally, it simplifies the static worst-case execution time analysis of programs.","2375-5261","978-1-5386-1574-4","10.1109/ISORC.2017.4","","https://ieeexplore.ieee.org/stamp/stamp.jsp?arnumber=7964874","Garbage collection;real-time Java;real-time systems;embedded systems;FPGA;memory;memory allocation;safety critical systems;time predictability","Java;Memory management;Real-time systems;Resource management;Safety;Timing;Indexes","","1","","19","IEEE","3 Jul 2017","16-18 May 2017","16-18 May 2017","IEEE","IEEE Conferences"
"A static timing analysis environment using Java architecture for safety critical real-time systems","E. Y. . -S. Hu; G. Bernat; A. Wellings","Real-Time Systems Research Group Department of Computer Science, University of York, York, UK; Real-Time Systems Research Group Department of Computer Science, University of York, York, UK; Real-Time Systems Research Group Department of Computer Science, University of York, York, UK",Proceedings of the Seventh IEEE International Workshop on Object-Oriented Real-Time Dependable Systems. (WORDS 2002),"7 Aug 2002","2002","","","77","84","Certainly, in hard real-time systems, it is reasonable to argue that no hard real-time threads should behave in an unpredictable way and that schedulability should be guaranteed before execution. In order to guarantee the timing constraints of portable code for hard real-time applications, a particular static timing analysis is necessary. In this paper, we provide a static timing analysis environment for the development of real-time applications on the Java architecture. The major contributions include introducing a novel Extensible Annotations Class (XAC) format to capture portable annotations from the source level, presenting how to integrate XACs with portable Worst-Case Execution Time (WCET) analysis, describing how to obtain real-time thread parameters from Real-Time Java's specifications, and demonstrating how static timing analysis using the Java architecture can be carried out from portable code.","1530-1443","0-7695-1576-2","10.1109/WORDS.2002.1000039","","https://ieeexplore.ieee.org/stamp/stamp.jsp?arnumber=1000039","","Timing;Java;Safety;Real time systems;Computer architecture;Yarn;Performance analysis;Computer languages;Virtual machining;Computer science","","8","2","17","IEEE","7 Aug 2002","9-9 Jan. 2002","9-9 Jan. 2002","IEEE","IEEE Conferences"
"Green-JEXJ: A new tool to measure energy consumption of improved concolic testing","S. Godboley; A. Dutta; B. Besra; D. P. Mohapatra","Department of Computer Science and Engineering, National Institute of Technology Rourkela, Rourkela, Odisha, India; Department of Computer Science and Engineering, National Institute of Technology Rourkela, Rourkela, Odisha, India; Department of Computer Science and Engineering, National Institute of Technology Rourkela, Rourkela, Odisha, India; Department of Computer Science and Engineering, National Institute of Technology Rourkela, Rourkela, Odisha, India",2015 International Conference on Green Computing and Internet of Things (ICGCIoT),"14 Jan 2016","2015","","","36","41","Green Computing is a solution for environment sustainability, where any part of computer does not pollute the environment system. The main focus of Green Computing is to reduce harmful material used in computers, boost the energy efficiency and create recyclability of waste. Now a days energy consumption of software is very interesting research area. Green Software Testing deals with applying Green Computing technique on software testing. In this paper, we developed a tool to measure energy consumption of improved concolic testing. We have named our tool as Green-JEXJ (Green JEXNCT JCUTE). We have developed Green-JEXJ in Java language with a nice Graphical User Interface (GUI). The GUI provides 100% augmented testing technique on Green-JEXJ. Our proposed method achieves 7.45% of average increase in branch coverage for some sample programs. The average difference of energy consumption of the sample programs is -75945.1008 Joules (`-ve' shows that our transformation approach is energy efficient).","","978-1-4673-7910-6","10.1109/ICGCIoT.2015.7380424","","https://ieeexplore.ieee.org/stamp/stamp.jsp?arnumber=7380424","","Green products;Energy consumption;Java;Calculators;Software testing;Green computing","","4","","15","IEEE","14 Jan 2016","8-10 Oct. 2015","8-10 Oct. 2015","IEEE","IEEE Conferences"
"A Modular Worst-case Execution Time Analysis Tool for Java Processors","T. Harmon; M. Schoeberl; R. Kirner; R. Klefstad","Electrical Engineering and Computer Science, University of California, Irvine, USA; Institute of Computer Engineering, University of Technology, Vienna, Austria; Institute of Computer Engineering, University of Technology, Vienna, Austria; Electrical Engineering and Computer Science, University of California, Irvine, USA",2008 IEEE Real-Time and Embedded Technology and Applications Symposium,"27 Jun 2008","2008","","","47","57","Recent technologies such as the real-time specification for Java promise to bring Java's advantages to real-time systems. While these technologies have made Java more predictable, they lack a crucial element: support for determining the worst-case execution time (WCET). Without knowledge of WCET, the correct temporal behavior of a Java program cannot be guaranteed. Although considerable research has been applied to the theory of WCET analysis, implementations are much less common, particularly for Java. Recognizing this deficiency, we have created an open-source, extensible tool that supports WCET analysis of Java programs. Designed for flexibility, it is built around a plug- in model that allows features to be incorporated as needed. Users can plug in various processor models, loop bound detectors, and WCET analysis algorithms without having to understand or alter the tool's internals.","1545-3421","978-0-7695-3146-5","10.1109/RTAS.2008.34","","https://ieeexplore.ieee.org/stamp/stamp.jsp?arnumber=4550779","","Java;Real time systems;Processor scheduling;Application software;Computer science;Embedded computing;Random access memory;Virtual machining;Plugs;Detectors","","6","","22","IEEE","27 Jun 2008","22-24 April 2008","22-24 April 2008","IEEE","IEEE Conferences"
"The SSP: an example of high-assurance systems engineering","G. L. Wickstrom; J. Davis; S. E. Morrison; S. Roach","Department of Surety Electronics and Software, Sandia National Laboratories, USA; Department of Computer Science, UT Austin, USA; Department of Surety Electronics and Software, Sandia National Laboratories, USA; Department of Computer Science, University of Texas, El Paso, USA","Eighth IEEE International Symposium on High Assurance Systems Engineering, 2004. Proceedings.","24 Aug 2004","2004","","","167","177","The SSP is a high assurance systems engineering effort spanning both hardware and software. Extensive design review, first principle design, n-version programming, program transformation, verification, and consistency checking are the techniques used to provide assurance in the correctness of the resulting system.","1530-2059","0-7695-2094-4","10.1109/HASE.2004.1281741","","https://ieeexplore.ieee.org/stamp/stamp.jsp?arnumber=1281741","","Systems engineering and theory;Java;Hardware;Laboratories;Computer science;Application software;High level languages;US Department of Energy;Programming;Memory management","","4","","28","IEEE","24 Aug 2004","25-26 March 2004","25-26 March 2004","IEEE","IEEE Conferences"
"Optimizing Parallel Java Streams","M. Basso; F. Schiavio; A. Rosà; W. Binder","Faculty of Informatics, Università della Svizzera italiana (USI), Lugano, Switzerland; Faculty of Informatics, Università della Svizzera italiana (USI), Lugano, Switzerland; Faculty of Informatics, Università della Svizzera italiana (USI), Lugano, Switzerland; Faculty of Informatics, Università della Svizzera italiana (USI), Lugano, Switzerland",2022 26th International Conference on Engineering of Complex Computer Systems (ICECCS),"3 May 2022","2022","","","23","32","The Java Stream API increases developer produc-tivity and greatly simplifies exploiting parallel computation by providing a high-level abstraction on top of complex data pro-cessing, parallelization, and synchronization algorithms. However, the usage of the Java Stream API often incurs significant runtime overhead. Method inlining and the automated translation of code using the Java Stream API into imperative code using loops can reduce such overhead; however, existing approaches and tools are applicable only to sequential stream pipelines, leaving the optimization of parallel streams an open issue. We bridge this gap by presenting a novel method to exploit high-level static analysis to characterize stream pipelines, detect parallel streams, and apply transformations removing the abstraction overhead. We evaluate our method on a set of benchmarks, showing that our approach significantly reduces execution time and memory allocation.","","978-1-6654-0162-3","10.1109/ICECCS54210.2022.00012","Swiss National Science Foundation(grant numbers:200020_188688); ","https://ieeexplore.ieee.org/stamp/stamp.jsp?arnumber=9763766","Java;Parallel Streams;Functional Programming;Program Optimization;Bytecode Transformation","Bridges;Java;Codes;Runtime;Pipelines;Static analysis;Benchmark testing","","4","","25","IEEE","3 May 2022","26-30 March 2022","26-30 March 2022","IEEE","IEEE Conferences"
"Model checking programs","W. Visser; K. Havelund; G. Brat; Seungjoon Park","RIACS/NASA Ames Research Center, Moffett Field, CA, USA; Ames Research Center, QSS/NASA, Moffett Field, CA, USA; Ames Research Center, Kestrel/NASA, Moffett Field, CA, USA; Ames Research Center, RIACS/NASA, Moffett Field, CA, USA",Proceedings ASE 2000. Fifteenth IEEE International Conference on Automated Software Engineering,"6 Aug 2002","2000","","","3","11","The majority of the work carried out in the formal methods community throughout the last three decades has (for good reasons) been devoted to special languages designed to make it easier to experiment with mechanized formal methods such as theorem provers and model checkers. In this paper, we give arguments for why we believe it is time for the formal methods community to shift some of its attention towards the analysis of programs written in modern programming languages. In keeping with this philosophy, we have developed a verification and testing environment for Java, called Java PathFinder (JPF), which integrates model checking, program analysis and testing. Part of this work has consisted of building a new Java Virtual Machine that interprets Java bytecode. JPF uses state compression to handle large states, and partial order reduction, slicing, abstraction and run-time analysis techniques to reduce the state space. JPF has been applied to a real-time avionics operating system developed at Honeywell, illustrating an intricate error, and to a model of a spacecraft controller, illustrating the combination of abstraction, run-time analysis and slicing with model checking.","1938-4300","0-7695-0710-7","10.1109/ASE.2000.873645","","https://ieeexplore.ieee.org/stamp/stamp.jsp?arnumber=873645","","Java;Testing;Runtime;Computer languages;Virtual machining;State-space methods;Real time systems;Aerospace electronics;Operating systems;Error correction","","271","7","10","IEEE","6 Aug 2002","11-15 Sept. 2000","11-15 Sept. 2000","IEEE","IEEE Conferences"
"Escaping the Bonds of the Legacy: Step-Wise Migration to a Type-Safe Language in Safety-Critical Embedded Systems","M. Stilkerich; J. Schedel; P. Ulbrich; W. Schröder-Preikschat; D. Lohmann","Department of Computer Science 4-Distributed Systems and Operation Systems, Friedrich-Alexander-Universitat Erlangen-Nuremberg, Germany; Department of Computer Science 4-Distributed Systems and Operation Systems, Friedrich-Alexander-Universitat Erlangen-Nuremberg, Germany; Department of Computer Science 4-Distributed Systems and Operation Systems, Friedrich-Alexander-Universitat Erlangen-Nuremberg, Germany; Department of Computer Science 4-Distributed Systems and Operation Systems, Friedrich-Alexander-Universitat Erlangen-Nuremberg, Germany; Department of Computer Science 4-Distributed Systems and Operation Systems, Friedrich-Alexander-Universitat Erlangen-Nuremberg, Germany",2011 14th IEEE International Symposium on Object/Component/Service-Oriented Real-Time Distributed Computing,"21 Apr 2011","2011","","","163","170","Type-safe high-level languages such as Java have not yet found their way into the domain of deeply embedded systems, even though numerous attempts have been made to make these languages cost attractive. One major challenge that remains is the huge existing code base in many industries. Completely reengineering this code base is not viable for cost and time reasons. We present an approach that allows to isolatedly combine legacy software components and safe software components in an embedded system using the two most common communication idioms found in this domain. Our approach allows the developer to freely choose between hardware- and software-based isolation mechanisms. We demonstrate the feasibility of our approach by porting a non-trivial part of a real-world, hard real-time embedded avionics application. Our results show that the cost of this mixed-mode operation is on the same scale as the pure operation.","2375-5261","978-0-7695-4368-0","10.1109/ISORC.2011.29","","https://ieeexplore.ieee.org/stamp/stamp.jsp?arnumber=5753604","Real-time;embedded systems;Protection mechanisms;Reliability;Java","Java;Runtime;Embedded systems;Engines;Hardware;Sensors","","1","","23","IEEE","21 Apr 2011","28-31 March 2011","28-31 March 2011","IEEE","IEEE Conferences"
"Cost enforcement and deadline monitoring in the real-time specification for Java","A. Wellings; G. Bollella; P. Dibble; D. Holmes","University of York, UK; Sun Microsystems Research Laboratories, USA; TimeSys Corporation, USA; DLTeCH Pty Limited, Australia","Seventh IEEE International Symposium onObject-Oriented Real-Time Distributed Computing, 2004. Proceedings.","24 May 2004","2004","","","78","85","Modem real-time programming languages and operating systems provide support for monitoring the amount of CPU time a thread consumes. However, no system in widespread use fully integrates this monitoring with the scheduling facilities. The real-time specification for Java (RTSJ) provides an integrated approach to scheduling periodic threads and monitoring their CPU execution time. It supports a cost enforcement model whereby a periodic thread is suspended when it consumes more time than it requested. Version 1.0 of the RTSJ is under specified and it is difficult to understand the full model. This paper clarifies the position and defines the conditions under which a real-time thread is resumed. The model presented is the one that is fully defined in version 1.0.1 of the RTSJ. Unfortunately, version 1.0.1 of the specification will not have a general model for handling cost enforcement and deadline monitoring for all schedulable objects. This paper proposes extensions to the RTSJ that allow the cost enforcement model and deadline monitoring model to be consistently applied across all schedulable objects, and for it to be fully integrated with scheduling","","0-7695-2124-X","10.1109/ISORC.2004.1300332","","https://ieeexplore.ieee.org/stamp/stamp.jsp?arnumber=1300332","","Costs;Monitoring;Java;Yarn;Processor scheduling;Real time systems;Computer languages;Timing;Operating systems;Predictive models","","8","3","11","IEEE","24 May 2004","14-14 May 2004","14-14 May 2004","IEEE","IEEE Conferences"
"ScenEval: A Benchmark for Scenario-Based Evaluation of Code Generation","D. G. Paul; H. Zhu; I. Bayley","School of Engineering, Computing and Mathematics, Oxford Brookes University, Oxford, UK; School of Engineering, Computing and Mathematics, Oxford Brookes University, Oxford, UK; School of Engineering, Computing and Mathematics, Oxford Brookes University, Oxford, UK",2024 IEEE International Conference on Artificial Intelligence Testing (AITest),"25 Sep 2024","2024","","","55","63","In the scenario-based evaluation of machine learning models, a key problem is how to construct test datasets that represent various scenarios. The methodology proposed in this paper is to construct a benchmark and attach metadata to each test case. Then a test system can be constructed with test morphisms that filter the test cases based on metadata to form a dataset. The paper demonstrates this methodology with large language models for code generation. A benchmark called ScenEval is constructed from problems in textbooks, an online tutorial website and Stack Overflow. Filtering by scenario is demonstrated and the test sets are used to evaluate ChatGPT for Java code generation. Our experiments found that the performance of ChatGPT decreases with the complexity of the coding task. It is weakest for advanced topics like multi-threading, data structure algorithms and recursive methods. The Java code generated by ChatGPT tends to be much shorter than reference solution in terms of number of lines, while it is more likely to be more complex in both cyclomatic and cognitive complexity metrics, if the generated code is correct. However, the generated code is more likely to be less complex than the reference solution if the code is incorrect.","2835-3560","979-8-3503-6505-4","10.1109/AITest62860.2024.00015","","https://ieeexplore.ieee.org/stamp/stamp.jsp?arnumber=10685215","Machine learning;Large language models;ChatGPT;Code Generation;Benchmark;Performance evaluation;Scenario-based testing","Measurement;Java;Codes;Tutorials;Manuals;Metadata;Benchmark testing","","6","","28","IEEE","25 Sep 2024","15-18 July 2024","15-18 July 2024","IEEE","IEEE Conferences"
"Comparative Analysis on the Impact of Defensive Programming Techniques for Safety-Critical Systems","A. A. J. Zumalde; J. M. Secall; J. B. C. Junior","Computer and Digital Systems Engineering Department, University of São Paulo, Brazil; Computer and Digital Systems Engineering Department, University of São Paulo, Brazil; Computer and Digital Systems Engineering Department, University of São Paulo, Brazil",2009 Fourth Latin-American Symposium on Dependable Computing,"11 Sep 2009","2009","","","95","102","Aiming the reduction of commercial systems time to the market, standardized hardware, as microcontrollers and embedded microprocessors, has been broadly employed for critical applications, transferring to the software issues that once exclusively relied on the hardware design. Defensive programming techniques are preventive engines against hardware and software faults. In order to verify the safety of critical application systems, fault injection techniques were developed, allowing for the testing of fault tolerant techniques under conditions quite close to actual operational environments. The introduction of defensive programming techniques increases the safety of critical application systems. There are no references, on a large research base, on quantitative evaluations of defensive programming techniques. This paper describes an experimental work towards a relative quantitative evaluation, organized in a few stages. First, some defensive programming techniques are shown, characterized and selected as the evaluation target. A fault injection technique is selected as the agent of the experimental work. From this point on, the defensive programming techniques are verified under the fault injection technique chosen. The result is a relative quantitative evaluation on the efficiency of some defensive programming techniques on the unsafe fault tolerance capacity of critical application systems. Finally, indications for further work are presented.","","978-1-4244-4678-0","10.1109/LADC.2009.25","","https://ieeexplore.ieee.org/stamp/stamp.jsp?arnumber=5234312","safety;defensive program;fault injection","Hardware;Application software;System testing;Embedded computing;Microcontrollers;Microprocessors;Software safety;Fault tolerant systems;Military computing;Java","","5","","12","IEEE","11 Sep 2009","1-4 Sept. 2009","1-4 Sept. 2009","IEEE","IEEE Conferences"
"Soundness Proof of EventB2Java","N. Cataño; S. Nishi","Innopolis University, Tatarstan, Russia; Pontificia Universidad Javeriana, Cali, Colombia",2016 Seventh Latin-American Symposium on Dependable Computing (LADC),"15 Dec 2016","2016","","","25","34","The EventB2Java tool generates JML-specified Java implementations for Event-B models. Code generation is based on the definition of some syntactic rules. This paper presents a soundness proof for the translation encoded by those rules. This proof is important as Event-B is typically used to model safety critical systems, and hence we want to increase our trust on that the code generated by EventB2Java is correct. We conduct our proof in Coq. The proof relies on the definition of a state transition semantics for Event-B and JML in Coq. The soundness proof condition states that any transition step in the semantics of JML in Coq is matched by a transition step of the semantic of the Event-B construct from which the JML construct was translated.","","978-1-5090-5120-5","10.1109/LADC.2016.15","","https://ieeexplore.ieee.org/stamp/stamp.jsp?arnumber=7781833","Code Generation;Coq;Event-B;EventB2Java;Formal Methods;Java;JML;Soundness Proof","Java;Semantics;Syntactics;Computational modeling;Safety;Context;Electronic mail","","1","","20","IEEE","15 Dec 2016","19-21 Oct. 2016","19-21 Oct. 2016","IEEE","IEEE Conferences"
"Undertaking the Tokeneer Challenge in Event-B","V. Rivera; S. Bhattacharya; N. Cataño","Innopolis University, Innopolis, Russia; University College London, London, U.K.; Innopolis University, Innopolis, Russia",2016 IEEE/ACM 4th FME Workshop on Formal Methods in Software Engineering (FormaliSE),"9 Jan 2017","2016","","","8","14","This paper describes a case study on the use of a formal methods tool for checking security properties of Tokeneer, a U.S. National Security Agency (NSA) project developed by Praxis, and released in 2008. We modelled Tokeneer as a series of abstract mathematical models related refinement steps in Event-B. We used the Rodin toolset for modelling Tokeneer in Event-B and for discharging associated proof obligations, and we used the EventB2Java code generator to generate Java code for the Event-B model of Tokeneer. After that, we wrote a series of JUnit tests to validate if the Java implementation of Tokeneer adhered to the security properties of Tokeneer described in the documentation provided by Praxis. To the best of our knowledge, modelling Tokeneer in Event-B and checking that its implementation adheres to those security properties is something that hasn’t been attempted before.","","978-1-4503-4159-2","10.1145/2897667.2897671","","https://ieeexplore.ieee.org/stamp/stamp.jsp?arnumber=7809376","Event-B;EventB2Java;Java;JUnit Testing;Safety Critical Systems;Tokeneer","Mathematical model;Java;Calculus;Software;Context;National security","","1","","19","","9 Jan 2017","15-15 May 2016","15-15 May 2016","IEEE","IEEE Conferences"
"Automatic RT-Java Code Generation from AADL Models for ARINC653-Based Avionics Software","Y. Wang; D. Ma; Y. Zhao; L. Zou; X. Zhao","National Laboratory of Software Development Environment, Institute of Advanced Computing Technology, School of Computer Science and Engineering, Beihang University, Beijing, China; National Laboratory of Software Development Environment, Institute of Advanced Computing Technology, School of Computer Science and Engineering, Beihang University, Beijing, China; National Laboratory of Software Development Environment, Institute of Advanced Computing Technology, School of Computer Science and Engineering, Beihang University, Beijing, China; National Laboratory of Software Development Environment, Institute of Advanced Computing Technology, School of Computer Science and Engineering, Beihang University, Beijing, China; National Laboratory of Software Development Environment, Institute of Advanced Computing Technology, School of Computer Science and Engineering, Beihang University, Beijing, China",2012 IEEE 36th Annual Computer Software and Applications Conference,"10 Nov 2012","2012","","","670","679","Modern avionics architecture is evolving from traditional federated architecture to Integrated Modular Avionics (IMA) architecture. ARINC653 standard, which is employed in the avionics industry, supports partitioning core concept in IMA. Furthermore, avionic software has very high safety and reliability requirements in safety- critical domains. Therefore, how to develop high-integrity avionics software constructed on ARINC653 architecture becomes a very significant problem nowadays. In this paper we propose an automatic RT-Java code generation approach based on the AADL model for ARINC653 (AADL653) to enable the development of RT-Java ARINC653-based avionics software more productive and trustworthy. Our main contribution in this paper includes: (1) a mapping from the AADL653 model to a high-integrity RT-Java programming model for ARINC653 (RT-Java653); (2) an ARINC653-compliant RT-Java code generation algorithm suitable for complex multi-task collaboration interaction situation. Accordingly, we implement this RT-Java class library and corresponding code generator. Moreover, a simplified multi-task flight application as a case study is given to illustrate our approach and the preliminary experiment results show the validity of our approach.","0730-3157","978-0-7695-4736-7","10.1109/COMPSAC.2012.94","","https://ieeexplore.ieee.org/stamp/stamp.jsp?arnumber=6340226","IMA;avionics software;safety-critical;high-integrity;ARINC653;AADL653;RT-Java653;code generation","Aerospace electronics;Software;Computational modeling;Computer architecture;Message systems;Collaboration","","1","","22","IEEE","10 Nov 2012","16-20 July 2012","16-20 July 2012","IEEE","IEEE Conferences"
"Delay-Adaptive Causal Markov Decision Processes Achieve Exponential Speedup in Real-Time Safety-Critical Control","Y. Rumanto; R. F. Sari","Department of Electrical Engineering, University of Indonesia, Depok, Indonesia; Department of Electrical Engineering, University of Indonesia, Depok, Indonesia",2025 2nd Beyond Technology Summit on Informatics International Conference (BTS-I2C),"25 Feb 2026","2025","","","329","334","Traditional Markov Decision Process (MDP) formulations have exponential computational complexity that limits their use in real-time safety-critical systems. This paper introduces Causal Structure-Informed MDPs with Delay Adaptation (C-MDP-DA), a framework that uses sparse causal relationships in physical systems to achieve exponential state space reduction and polynomial parameter reduction. The key idea is to factorize the transition function according to the system’s causal structure so that each state variable depends only on its direct causal parents rather than all system variables. This reduces both parameters and computational operations from exponential to linear in the number of causal edges. Our theoretical analysis shows that optimality is preserved and that explicit delay modeling maintains linear complexity without state space augmentation. Validation across six diverse domains (chemical process, drone swarm, autonomous vehicle, robotics, smart grid, biomedical) shows 20-225 times complexity reduction with microsecond decision latencies. A critical innovation is real-time delay adaptation that handles time-varying delays without state space explosion, validated in autonomous driving and chemical process control scenarios with 77-86% performance improvement over fixed-delay assumptions, preventing safety violations and emergency shutdowns.","","979-8-3315-7521-2","10.1109/BTS-I2C67944.2025.11399517","","https://ieeexplore.ieee.org/stamp/stamp.jsp?arnumber=11399517","Markov decision processes;causal inference;delay-adaptive control;real-time systems;computational complexity","Markov decision processes;Optimal control;Aerospace electronics;Real-time systems;Delays;Chemical processes;Smart grids;Safety;Time complexity;Autonomous vehicles","","","","27","IEEE","25 Feb 2026","18-18 Dec. 2025","18-18 Dec. 2025","IEEE","IEEE Conferences"
"Modular verification of synchronization with reentrant locks","T. Bultan; F. Yu; A. B. Can","Department of Computer Science, University of California, Santa Barbara, CA, USA; Department of Computer Science, University of California, Santa Barbara, CA, USA; Informatics Institute, Middle East Technical University, Ankara, Turkey",Eighth ACM/IEEE International Conference on Formal Methods and Models for Codesign (MEMOCODE 2010),"26 Aug 2010","2010","","","59","68","We present a modular approach for verification of synchronization behavior in concurrent programs that use reentrant locks. Our approach decouples the verification of the lock implementation from the verification of the threads that use the lock. This decoupling is achieved using lock interfaces that characterize the allowable execution order for the lock operations. We use a thread modular verification approach to check that each thread obeys the lock interface. We verify the lock implementation assuming that the threads behave according to the lock interface. We demonstrate that this approach can be used to verify synchronization behavior in Java programs that use reentrant lock implementations for synchronization.","","978-1-4244-7886-6","10.1109/MEMCOD.2010.5558623","","https://ieeexplore.ieee.org/stamp/stamp.jsp?arnumber=5558623","","Java;Synchronization;Semantics;Programming;Automation;USA Councils","","2","","23","IEEE","26 Aug 2010","26-28 July 2010","26-28 July 2010","IEEE","IEEE Conferences"
"An Empirical Study of the Effectiveness of ""Forcing"" Diversity Based on a Large Population of Diverse Programs","P. Popov; V. Stankovic; L. Strigini","Centre for Software Reliability, City University London, London, UK; Centre for Software Reliability, City University London, London, UK; Centre for Software Reliability, City University London, London, UK",2012 IEEE 23rd International Symposium on Software Reliability Engineering,"4 Apr 2013","2012","","","41","50","Use of diverse software components is a viable defence against common-mode failures in redundant software-based systems. Various forms of ""Diversity-Seeking Decisions"" (""DSDs"") can be applied to the process of developing, or procuring, redundant components, to improve the chances of the resulting components not failing on the same demands. An open question is how effective these decisions, and their combinations, are for achieving large enough reliability gains. Using a large population of software programs, we studied experimentally the effectiveness of specific ""DSDs"" (and their combinations) mandating differences between redundant components. Some of these combinations produced much better improvements in system probability of failure per demand (PFD) than ""uncontrolled"" diversity did. Yet, our findings suggest that the gains from such ""DSDs"" vary significantly between them and between the application problems studied. The relationship between DSDs and system PFD is complex and does not allow for simple universal rules (e.g. ""the more diversity the better"") to apply.","2332-6549","978-1-4673-4638-2","10.1109/ISSRE.2012.27","","https://ieeexplore.ieee.org/stamp/stamp.jsp?arnumber=6405403","design diversity;multiple version software;software fault tolerance;diversity-seeking decisions;reliability improvement;experimental study","Diversity reception;Software;Phase frequency detector;Java;Software reliability","","7","","24","IEEE","4 Apr 2013","27-30 Nov. 2012","27-30 Nov. 2012","IEEE","IEEE Conferences"
"Implementation of Dynamic Semantic Evolution of Embedded Systems","J. S. Bhanu; V. Babu; P. Trimurthu","NA; Department of Computer Science and Engineering, JNTUH; NA",2015 9th Asia Modelling Symposium (AMS),"31 Oct 2016","2015","","","43","51","Embedded systems which are used for monitoring and controlling safety and mission critical systems cannot be shut down for want of making changes to the ES software for the reasons of updating, adding and deleting tasks. ES software must evolve dynamically while the software is up and running due to the criticality reasons. Many architectures have been presented related to loaded systems and few related to embedded systems for effecting semantic evolution of the embedded software. Dynamic evolution of embedded software is quite complicated due to the availability of fewer resources and especially when the evolution has to be carried under the influence of a real time operating system (RTOS). In this paper the implementation of dynamic semantic evolution of embedded software which runs under an RTOS has been presented.","2376-1172","978-1-4673-8323-3","10.1109/AMS.2015.16","","https://ieeexplore.ieee.org/stamp/stamp.jsp?arnumber=7725297","ES architectures;Dynamic semantic evolution;monitoring and controlling safety critical systems;Software evolution","Java;C++ languages;Semantics;Safety;Embedded systems;Computer architecture","","","","26","IEEE","31 Oct 2016","7-9 Sept. 2015","7-9 Sept. 2015","IEEE","IEEE Conferences"
"VSC Track Report","A. Calvagna; E. Tramontana","Dipartimento di Matematica e Informatica, University of Catania, Italy; Dipartimento di Matematica e Informatica, University of Catania, Italy",2013 Workshops on Enabling Technologies: Infrastructure for Collaborative Enterprises,"29 Jul 2013","2013","","","346","346","This report provides an introduction to the papers accepted for the VSC track at IEEE WETICE 2013.","1524-4547","978-1-4799-0405-1","10.1109/WETICE.2013.69","","https://ieeexplore.ieee.org/stamp/stamp.jsp?arnumber=6570640","","Educational institutions;Java;Safety;Testing;Distributed algorithms;Wireless sensor networks;Software","","","","","IEEE","29 Jul 2013","17-20 June 2013","17-20 June 2013","IEEE","IEEE Conferences"
"An environment for training computer science students on software testing","J. Collofello; K. Vehathiri","Department of Computer Science and Engineering, Arizona State University, Tempe, AZ, USA; Department of Computer Science and Engineering, Arizona State University, Tempe, AZ, USA",Proceedings Frontiers in Education 35th Annual Conference,"3 Apr 2006","2005","","","T3E","6","Software testing is essential to ensure software quality. On most software projects testing activities consume at least 30 percent of the project effort. On safety critical applications, software testing can consume between 50 to 80 percent of project effort. There is a vast amount of information available on software testing techniques and tools and some universities offer software testing courses at the advanced undergraduate and graduate level. Software testing must also be stressed in beginning courses and even in the high schools when students are first learning to program. It is also important in these early years to instill a respect for software testing and some interest in possible testing careers. This paper describes a project to develop a learning and training environment that enables students to develop the knowledge and skills to perform requirement based testing. The target audience for the environment are beginning programming students at either the high school or university level. The software training environment consists of Web-based instructional materials as well as a testing simulator which enables students to actually test software programs. This paper describes the educational objectives of the test training environment, its implementation and results from utilizing the environment with beginning programming students.","2377-634X","0-7803-9077-6","10.1109/FIE.2005.1611937","","https://ieeexplore.ieee.org/stamp/stamp.jsp?arnumber=1611937","software testing;training simulator;web-based training","Computer science;Software testing;Educational institutions;Programming profession;Materials testing;Software quality;Software safety;Application software;Engineering profession;Performance evaluation","","11","","11","IEEE","3 Apr 2006","19-22 Oct. 2005","19-22 Oct. 2005","IEEE","IEEE Conferences"
"Requirements-Aided Automatic Test Case Generation for Industrial Cyber-physical Systems","R. Sinha; C. Pang; G. S. Martínez; J. Kuronen; V. Vyatkin","Computer and Mathematical Sciences, Auckland University of Technology, Auckland, New Zealand; Department of Electrical Engineerineg and Automation, Aalto University, Helsinki, Finland; Department of Electrical Engineerineg and Automation, Aalto University, Helsinki, Finland; Fortum Oyj, Helsinki, Finland; Department of Computer Science, Luleå University of Technology, Sweden",2015 20th International Conference on Engineering of Complex Computer Systems (ICECCS),"18 Jan 2016","2015","","","198","201","Industrial cyber-physical systems require complex distributed software to orchestrate many heterogeneous mechatronic components and control multiple physical processes. Industrial automation software is typically developed in a model-driven fashion where abstractions of physical processes called plant models are co-developed and iteratively refined along with the control code. Testing such multi-dimensional systems is extremely difficult because often models might not be accurate, do not correspond accurately with subsequent refinements, and the software must eventually be tested on the real plant, especially in safety-critical systems like nuclear plants. This paper proposes a framework wherein high-level functional requirements are used to automatically generate test cases for designs at all abstraction levels in the model-driven engineering process. Requirements are initially specified in natural language and then analyzed and specified using a formalized ontology. The requirements ontology is then refined along with controller and plant models during design and development stages such that test cases can be generated automatically at any stage. A representative industrial water process system case study illustrates the strengths of the proposed formalism. The requirements meta-model proposed by the CESAR European project is used for requirements engineering while IEC 61131-3 and model-driven concepts are used in the design and development phases. A tool resulting from the proposed framework called REBATE (Requirements Based Automatic Testing Engine) is used to generate and execute test cases for increasingly concrete controller and plant models.","","978-1-4673-8581-7","10.1109/ICECCS.2015.32","","https://ieeexplore.ieee.org/stamp/stamp.jsp?arnumber=7384248","test case generation;requirements;model-driven engineering;ontologies;CESAR;model-based testing","Ontologies;Testing;Software;Automation;Unified modeling language;Process control;Safety","","11","","16","IEEE","18 Jan 2016","9-12 Dec. 2015","9-12 Dec. 2015","IEEE","IEEE Conferences"
"Reliability Analysis Using Bayesian Belief Network on Drone System: A Case Study","M. Das; B. R. Mohan; R. M. R. G; E. Chhaparwal; K. K. K; S. Chowdhury; S. Sharma","Dept. of Information Technology, NIT Karnataka, Mangalore; Dept. of Information Technology, NIT Karnataka, Mangalore; Dept. of Information Technology, NIT Karnataka, Mangalore; Dept. of Information Technology, NIT Karnataka, Mangalore; Dept. of Information Technology, NIT Karnataka, Mangalore; Dept. of Information Technology, NIT Karnataka, Mangalore; Dept. of Information Technology, NIT Karnataka, Mangalore",2024 IEEE Silchar Subsection Conference (SILCON 2024),"13 Mar 2025","2024","","","1","6","Ensuring the reliability of software components is of paramount importance in safety-critical systems. Grave consequences might occur if software failures in such systems. Hence, predicting software reliability is important in these systems. This research uses Bayesian Belief Network(BBN) and leverages historical failure data to find fault interdependencies, giving much more insights than methodologies like Fault Tree Analysis (FTA) and Reliability Block Diagrams (RBD). By comparing BBNs with these traditional methods, the research shows the dynamic capabilities of BBNs. BBN also shows the capability of using real-time data and machine learning together to increase the software reliability of the software components, making this system much safer.","","979-8-3315-4082-1","10.1109/SILCON63976.2024.10910879","","https://ieeexplore.ieee.org/stamp/stamp.jsp?arnumber=10910879","Bayesian Belief Network;Fault Tree Analysis;Reliability Block Diagram;Failure rate;software reliability;Open Markov;Conditional Probability Table (CPT)","Machine learning;Software;Real-time systems;Software reliability;Bayes methods;Fault trees;Drones","","1","","11","IEEE","13 Mar 2025","15-17 Nov. 2024","15-17 Nov. 2024","IEEE","IEEE Conferences"
"Quantitative Regular Expressions for Arrhythmia Detection","H. Abbas; A. Rodionova; K. Mamouras; E. Bartocci; S. A. Smolka; R. Grosu","Department of Electrical and Systems Engineering, University of Pennsylvania, Philadelphia, PA, USA; Department of Electrical and Systems Engineering, University of Pennsylvania, Philadelphia, PA, USA; Department of Computer and Information Science, University of Pennsylvania, Philadelphia, PA, USA; Faculty of Informatics, Technical University of Vienna, Vienna, Austria; Computer Science Department, Stony Brook University, Stony Brook, NY, USA; Faculty of Informatics, Technical University of Vienna, Vienna, Austria",IEEE/ACM Transactions on Computational Biology and Bioinformatics,"11 Oct 2019","2019","16","5","1586","1597","Implantable medical devices are safety-critical systems whose incorrect operation can jeopardize a patient's health, and whose algorithms must meet tight platform constraints like memory consumption and runtime. In particular, we consider here the case of implantable cardioverter defibrillators, where peak detection algorithms and various others discrimination algorithms serve to distinguish fatal from non-fatal arrhythmias in a cardiac signal. Motivated by the need for powerful formal methods to reason about the performance of arrhythmia detection algorithms, we show how to specify all these algorithms using Quantitative Regular Expressions (QREs). QRE is a formal language to express complex numerical queries over data streams, with provable runtime and memory consumption guarantees. We show that QREs are more suitable than classical temporal logics to express in a concise and easy way a range of peak detectors (in both the time and wavelet domains) and various discriminators at the heart of today's arrhythmia detection devices. The proposed formalization also opens the way to formal analysis and rigorous testing of these detectors' correctness and performance, alleviating the regulatory burden on device developers when modifying their algorithms. We demonstrate the effectiveness of our approach by executing QRE-based monitors on real patient data on which they yield results on par with the results reported in the medical literature.","1557-9964","","10.1109/TCBB.2018.2885274","Air Force Office of Scientific Research(grant numbers:FA9550-14-1-0261); NSF(grant numbers:IIS-1447549,CNS-1446832,CNS-1446664,CNS-1445770,CNS-1445770); Austrian National Research Network(grant numbers:S 11405-N23,S 11412-N23 (RiSE/SHiNE)); Austrian Science Fund; ICT COST Action IC1402 Runtime Verification beyond Monitoring; ","https://ieeexplore.ieee.org/stamp/stamp.jsp?arnumber=8570818","Peak detection;electrocardiograms;arrythmia discrimination;ICDs;quantitative regular expressions","Wavelet domain;Signal processing algorithms;Detectors;Continuous wavelet transforms;Spectrogram;Task analysis","Algorithms;Arrhythmias, Cardiac;Electrocardiography;Humans;Signal Processing, Computer-Assisted","10","","35","IEEE","9 Dec 2018","1 Sept.-Oct. 2019","","IEEE","IEEE Journals"
"Component-based software engineering for resource-constraint systems: what are the needs?","D. K. Hammer; M. R. V. Chaudron","Department of Computing Science, Eindhovan University of Technology, Eindhoven, Netherlands; Department of Computing Science, Eindhovan University of Technology, Eindhoven, Netherlands",Proceedings Sixth International Workshop on Object-Oriented Real-Time Dependable Systems,"7 Aug 2002","2001","","","91","94","The article summarizes the most important problems that must be solved in order to establish a component-based software engineering (CBSE) discipline for resource-constraint systems. Resource-constraints are especially relevant for embedded systems (e.g. telecommunication systems and many modern consumer products), real-time systems and dependable safety-critical systems, but can be encountered in virtually all types of systems. The authors define a number of research challenges in the form of requirements that are not yet met by contemporary component models. For each requirement, we explain its relevance and suggest directions for possible solutions. We concentrate on the architectural level, since it is here that CBSE has the highest benefits in terms of adaptability arid reuse. We also do not consider non functional constraints in general, but only dependability constraints (timeliness, performances, reliability, availability and security). The reason is that the latter directly affect the feasibility of a given component configuration, while this is less obvious for general constraints like scalability, maintainability and interoperability.","1530-1443","0-7695-1068-X","10.1109/WORDS.2001.945118","","https://ieeexplore.ieee.org/stamp/stamp.jsp?arnumber=945118","","Software engineering;Real time systems;Java;Peer to peer computing;Embedded system;Telecommunications;Consumer products;Security;Timing;Filters","","11","","9","IEEE","7 Aug 2002","8-10 Jan. 2001","8-10 Jan. 2001","IEEE","IEEE Conferences"
"Time Predictable CPU and DMA Shared Memory Access","C. Pitter; M. Schoeberl","Institute of Computer Engineering, University of Technology, Vienna, Austria; Institute of Computer Engineering, University of Technology, Vienna, Austria",2007 International Conference on Field Programmable Logic and Applications,"12 Nov 2007","2007","","","317","322","In this paper, we propose a first step towards a time predictable computer architecture for single-chip multiprocessing (CMP). CMP is the actual trend in server and desktop systems. CMP is even considered for embedded realtime systems, where worst-case execution time (WCET) estimates are of primary importance. We attack the problem of WCET analysis for several processing units accesing a shared resource (the main memory) by support from the hardware. In this paper, we combine a time predictable Java processor and a direct memory access (DMA) unit with a regular access pattern (VGA controller). We analyze and evaluate different arbitration schemes with respect to schedulability analysis and WCET analysis. We also implement the various combinations in an FPGA. An FPGA is the ideal platform to verify the different concepts and evaluate the results by running applications with industrial background in real hardware.","1946-1488","978-1-4244-1059-0","10.1109/FPL.2007.4380666","","https://ieeexplore.ieee.org/stamp/stamp.jsp?arnumber=4380666","","Real time systems;Communication system control;Central Processing Unit;Job shop scheduling;Processor scheduling;Displays;Testing;Size control;Hardware;Java","","3","1","12","IEEE","12 Nov 2007","27-29 Aug. 2007","27-29 Aug. 2007","IEEE","IEEE Conferences"
"Two alternative RMI models for real-time distributed applications","D. Tejera; R. Tolosa; M. A. de Miguel; A. Alonso","Departamento de Ingeniería de Sistemas Telemáticos, ETSI Telecomunicación, Universidad Politécnica de Madrid, Madrid, Spain; Departamento de Ingeniería de Sistemas Telemáticos, ETSI Telecomunicación, Universidad Politécnica de Madrid, Madrid, Spain; Departamento de Ingeniería de Sistemas Telemáticos, ETSI Telecomunicación, Universidad Politécnica de Madrid, Madrid, Spain; Departamento de Ingeniería de Sistemas Telemáticos, ETSI Telecomunicación, Universidad Politécnica de Madrid, Madrid, Spain",Eighth IEEE International Symposium on Object-Oriented Real-Time Distributed Computing (ISORC'05),"6 Jun 2005","2005","","","390","397","Java's popularity, facilities and platform independence have made it an interesting language for the real time community. The RTSJ (real-time specification for Java) is a Java extension to allow the development of real-time systems. RTSJ does not supply any support for the development of real-time distributed systems. The goal of this work is to define support for this type of systems, based on RMI (remote method invocation). However, the high diversity of real-time systems implies that there is not a single RT-RMI definition that satisfies their requirements. This article presents the basics of two real-time RMI approaches: safety critical RMI, to support hard real-time and high integrity requirements, and quality of service RMI for soft real-time systems, which is based on resource reservation to provide some minimal required quality.","2375-5261","0-7695-2356-0","10.1109/ISORC.2005.62","","https://ieeexplore.ieee.org/stamp/stamp.jsp?arnumber=1420996","","Real time systems;Java;Object oriented modeling;Computational modeling;Safety;Yarn;Telecommunication standards;Quality of service;Context modeling;Humans","","11","","14","IEEE","6 Jun 2005","18-20 May 2005","18-20 May 2005","IEEE","IEEE Conferences"
"Component behavior prediction and monitoring through built-in test","F. Barbier; N. Belloir","LIUPPA, Université de Pau, Pau, France; LIUPPA, Université de Pau, Pau, France","10th IEEE International Conference and Workshop on the Engineering of Computer-Based Systems, 2003. Proceedings.","22 Apr 2003","2003","","","17","22","Real-time systems or safety-critical applications require high-confidence software components. Component behavior prediction refers to the ability to check, even certify, component specification conformance at development time. Complementarily, odd and varied execution contexts linked to the idea of deployment impose extra checking when components are deployed. This paper proposes incorporation of the test into components. Component states and complex dependencies between these states are methodically specified using UML statechart diagrams. Code is next derived in order to verify at development time component functioning in relation to specification. At deployment time, facilities are offered for (re-)configuring components to carefully fit specific runtime environments. Built-in test (BIT) material may thus be optionally generated in components to capture execution conditions and to make possible component behavior adjustments. All of these principles are powered by means of the BIT/J dedicated Java library that is presented and illustrated in the paper.","","0-7695-1917-2","10.1109/ECBS.2003.1194778","","https://ieeexplore.ieee.org/stamp/stamp.jsp?arnumber=1194778","","Monitoring;Built-in self-test;Real time systems;Application software;Software safety;Testing;Unified modeling language;Runtime environment;Java;Libraries","","8","","16","IEEE","22 Apr 2003","7-10 April 2003","7-10 April 2003","IEEE","IEEE Conferences"
"Development of a Unified Software Quality Platform in the Szeged InfoPólus Cluster","Á. Beszédes; L. Schrettner; T. Gyimóthy","Department of Software Engineering, University of Szeged, Szeged, Hungary; InfoPólus 2009 Ltd., Szeged, Hungary; Department of Software Engineering, University of Szeged, Szeged, Hungary",2012 16th European Conference on Software Maintenance and Reengineering,"5 Apr 2012","2012","","","495","498","In Software Quality Assurance, system status reports are key to the stakeholders for controlling software quality. Although we may rely on a large number of low level measurements to this end, their interpretation and the way of connecting them to high level quality attributes is always a challenge. In this paper we report on a complex project involving industrial partners whose aim is the development of a unified software quality platform that deals with and bridges these low and high level quality aspects, and provides a basis for the industrial applications of the approach. The project is implemented by a consortium of software industry members of the Szeged Software Innovation Pole Cluster and associated researchers with the support from the EU co-financed national grant promoting innovation clusters of small and middle-sized enterprises. The approach to the unified quality platform is based on the Goal-Question-Metric paradigm and a supporting software infrastructure, and its novelty lies in a unified representation of the low level metrics and the high level questions that evaluate them to address software quality assurance goals. It allows the definition of various complex questions involving different types of metrics, while the supporting framework enables the automatic collection of the metrics and the calculation of the answers to the questions. We present details about the design and development of the quality platform and its relation to the applications that are being developed by the industrial members of the consortium.","1534-5351","978-0-7695-4666-7","10.1109/CSMR.2012.65","","https://ieeexplore.ieee.org/stamp/stamp.jsp?arnumber=6178929","Software quality assurance;Metrics;Goal Question Metric;Quality model;Modeling","Measurement;Unified modeling language;Software quality;Data models;Monitoring;Servers","","","","10","IEEE","5 Apr 2012","27-30 March 2012","27-30 March 2012","IEEE","IEEE Conferences"
"Using Semantic Component Interfaces in Software Engineering Training","E. Kantorowitz; A. Lyakas","Computer Science Department, Technion-Israel Institute of Technology, Haifa, Israel; Computer Science Department, Technion-Israel Institute of Technology, Haifa, Israel",2006 International Conference on Information Technology: Research and Education,"2 Jul 2007","2006","","","201","205","Laboratories for training students in software development involve a considerable coding effort, reducing the complexity of the exercises that are possible in the available lab time. In order to reduce this coding effort our laboratory employed the component framework WebSI. An application developed with WebSI is composed of application logic (AL) component and an interaction style (IS) component, containing code for producing and managing the graphical user interface (GUI). In the laboratory the students wrote only the AL component, while the instructor provided a number of ready-made different IS components. If the student didn't like the produced GUI, she could simply exchange the IS component with one that produces a GUI that is more to her liking. The exchange of an IS component is possible since all IS components employ the same abstract semantic interface, which does not specify the geometric and other properties of the GUI to be produced. Changing components is fast, as no compilation is required. The time the students saved by using ready-made IS components was invested in requirement elicitation and specifications, which had a beneficial effect on the usability of the student projects.","","1-4244-0858-X","10.1109/ITRE.2006.381565","","https://ieeexplore.ieee.org/stamp/stamp.jsp?arnumber=4266326","Component;Component-Oriented Programming","Software engineering;Graphical user interfaces;Computer science;Laboratories;Costs;Safety;Programming;Application software;Information technology;Computer science education","","","","14","IEEE","2 Jul 2007","16-19 Oct. 2006","16-19 Oct. 2006","IEEE","IEEE Conferences"
"Robust Real-Time Applications in Timber","P. Lindgren; J. Nordlander; M. Kero; J. Eriksson","EISLAB, Luleå University of Technology, Lulea, Sweden; EISLAB, Luleå University of Technology, Lulea, Sweden; EISLAB, Luleå University of Technology, Lulea, Sweden; EISLAB, Luleå University of Technology, Lulea, Sweden",2006 IEEE International Conference on Electro/Information Technology,"4 Dec 2006","2006","","","191","196","Embedded systems are often operating under hard real-time constraints, for example in automotive applications. For such systems, robustness and reliability are crucial, which calls for rigorous system design and methodologies for validation. In this paper we advocate a design methodology for robust, real-time systems, based on Timber; a pure reactive system model that allows for formal reasoning about various system properties. We outline how system specifications in Timber can be ""compiled"" into efficient standalone executables for general light-weight microcontroller platforms. Methods for resource analysis and implications to system dimensioning and validation are further discussed","2154-0373","0-7803-9592-1","10.1109/EIT.2006.252112","","https://ieeexplore.ieee.org/stamp/stamp.jsp?arnumber=4017690","","Robustness;Real time systems;Embedded system;Yarn;Safety;Automotive applications;Memory management;Operating systems;Java;Timing","","6","","23","IEEE","4 Dec 2006","7-10 May 2006","7-10 May 2006","IEEE","IEEE Conferences"
"Validating quality attribute requirements via execution-based model checking","D. Drusinsky; M. -T. Shing","Department of Computer Science, Naval Postgraduate School, Monterrey, CA, USA; Department of Computer Science, Naval Postgraduate School, Monterrey, CA, USA",Proceedings of 2010 21st IEEE International Symposium on Rapid System Protyping,"3 Dec 2010","2010","","","1","7","This paper is concerned with correct specification and validation of quality attribute requirements (QAR's) that cross-cut through a diverse set of complex system functions. These requirements act as modifiers of the systems level functional requirements thereby having substantial influence on the eventual architectural selection. Because system designers traditionally address these requirements one quality attribute at a time, the process frequently results in QAR's that contain subtle conflicting behaviors. This paper presents an approach to QAR-induced behavior validation and conflict detection via execution-based model checking early in the software development process.","2150-5519","978-1-4244-7074-7","10.1109/RSP.2010.5656438","","https://ieeexplore.ieee.org/stamp/stamp.jsp?arnumber=5656438","Quality attribute requirements;Execution-based model checking;Statechart assertions;Runtime execution monitoring;Automatic white-box testing;Validation;Verification","Availability;Generators;Security;Communication channels;Monitoring;Runtime;Java","","3","","12","IEEE","3 Dec 2010","8-11 June 2010","8-11 June 2010","IEEE","IEEE Conferences"
"FOZCIL: A framework for converting formal specifications in Object-Z to design contracts in OO programming languages","N. S. George; C. Zhang; A. -L. Radimsky","Department of Computer Science California State University, Sacramento, USA; Department of Computer Science California State University, Sacramento, USA; Department of Computer Science California State University, Sacramento, USA",2011 IEEE International Conference on Information Reuse & Integration,"5 Sep 2011","2011","","","218","221","FOZCIL (Framework for Object Z Conversion to Implementation Language) captures and implements language-independent features as the fixed part of a framework, and language-dependent properties as the extensible part of a framework. Once the framework has accepted the language-dependent features of a target OO language, it generates a FOZCIL tool instance. The tool instance is capable of accepting Object-Z specifications and of converting those specifications to skeletal code with dynamically-checkable design contracts written in that target language. This provides a significant improvement over existing tools that are custom built to provide automatic conversion from Object-Z only to a specific implementation language. FOZCIL streamlines the process of developing both the reusual language-independent portions and the language dependent portions of such tools.","","978-1-4577-0966-1","10.1109/IRI.2011.6009549","","https://ieeexplore.ieee.org/stamp/stamp.jsp?arnumber=6009549","Software quality;Design by Contract;Automatic conversion;Software framework","Contracts;XML;Graphical user interfaces;Java;Software;Formal specifications","","1","","10","IEEE","5 Sep 2011","3-5 Aug. 2011","3-5 Aug. 2011","IEEE","IEEE Conferences"
"Teaching Students Property-Based Testing","C. B. Earle; L. -Å. Fredlund; J. Mariño; T. Arts","Babel Group, Universidad Politécnica de Madrid, Spain; Babel Group, Universidad Politécnica de Madrid, Spain; Babel Group, Universidad Politécnica de Madrid, Spain; QuviQ, Gothenburg, Sweden",2014 40th EUROMICRO Conference on Software Engineering and Advanced Applications,"20 Nov 2014","2014","","","437","442","Testing is a crucial aspect of the development of dependable embedded systems, and therefore a significant effort is put into researching and developing efficient testing techniques. However, testing is not normally taught in specific courses at many universities, but rather as a peripheral activity to programming. In this paper, we report on three separate experiences at teaching an advanced testing technique, property-based testing, and a supporting tool, QuviQ Quick Check, to both undergraduate and master students.","2376-9505","978-1-4799-5795-8","10.1109/SEAA.2014.74","","https://ieeexplore.ieee.org/stamp/stamp.jsp?arnumber=6928850","Testing and debugging;Computer science education","Testing;Software;Java;Programming;Libraries;Educational institutions","","","","12","IEEE","20 Nov 2014","27-29 Aug. 2014","27-29 Aug. 2014","IEEE","IEEE Conferences"
"MLHCBugs: A Framework to Reproduce Real Faults in Healthcare Machine Learning Applications","G. S. Jaganathan; N. Kazi; I. Kahanda; U. Kanewala","School of Computing, University of North Florida, Jacksonville, FL, USA; School of Computing, University of North Florida, Jacksonville, FL, USA; School of Computing, University of North Florida, Jacksonville, FL, USA; School of Computing, University of North Florida, Jacksonville, FL, USA","2024 IEEE Conference on Software Testing, Verification and Validation (ICST)","27 Aug 2024","2024","","","445","447","Machine Learning (ML) is the field of study that allows computers to learn from experiences without being explicitly programmed [1]. ML models are currently used in many safety-critical applications in healthcare [2]–[4] and survival analyses [5]. Thus, faults in this software can directly impact the quality of human life. In an ML application, the program logic is typically derived by a ML algorithm using the currently available data (i.e., training data) rather than explicitly being programmed [6]. Therefore, the program's behavior would evolve as it is exposed to new data. Further, healthcare ML applications are inherently complex and typically constructed by the interconnection of several components, such as data that is used to derive the logic, the ML framework that contains the algorithms used by the program, and the program itself that is written by the programmer for a specific task involved with healthcare [7]. Faults in any of these components may produce an observable incorrect output or the statistical nature of these programs may mask the incorrect output altogether, making it more challenging to understand the root causes of these failures.","2159-4848","979-8-3503-0818-1","10.1109/ICST60714.2024.00050","","https://ieeexplore.ieee.org/stamp/stamp.jsp?arnumber=10638625","Healthcare Machine Learning Applications;Real Faults in ML Applications;Extensible Framework to Test ML Programs;Reproduce Real Faults","Software testing;Software algorithms;Training data;Medical services;Machine learning;Manuals;Software","","","","11","IEEE","27 Aug 2024","27-31 May 2024","27-31 May 2024","IEEE","IEEE Conferences"
"Development of Verification Condition Generator for Process-Oriented Programs in PoST Language","I. M. Chernenko; I. S. Anureev","Cyber-physical lab, Institute of Automation and Electrometry, Novosibirsk, Russia; Cyber-physical lab, Institute of Automation and Electrometry, Novosibirsk, Russia",2023 IEEE 24th International Conference of Young Professionals in Electron Devices and Materials (EDM),"29 Aug 2023","2023","","","1760","1765","The process-oriented paradigm is an approach to the development of control software. The poST language is a process-oriented extension of the ST language from the IEC 61131–3 family. In many control systems, control software is safety-critical. This requires the use of formal verification of such software, one of the methods of which is deductive verification. In deductive verification, the requirements for a program are formalized as annotations (formulas of some logical language). These annotations are added to the program, and the resulting annotated program is reduced to verification conditions - logical formulas. This method assumes that if all the verification conditions are true, then the program is considered to be correct. To automate the generation of verification conditions, verification systems have a special component - a verification condition generator. Verification condition generators were developed for various programming languages, but they have not yet been developed for the poST language. This paper presents a verification condition generator for poST programs with the output in the format of the generic proof assistant Isabelle/HOL.","2325-419X","979-8-3503-3687-0","10.1109/EDM58354.2023.10225217","","https://ieeexplore.ieee.org/stamp/stamp.jsp?arnumber=10225217","process-oriented programming;poST language;control software;deductive verification;verification conditions","Java;Annotations;Source coding;Semantics;Process control;Control systems;Generators","","2","","16","IEEE","29 Aug 2023","29 June-3 July 2023","29 June-3 July 2023","IEEE","IEEE Conferences"
"Ubtl UML testing profile based testing language","J. Iber; N. Kajtazović; A. Höller; T. Rauter; C. Kreiner","Institute for Technical Informatics, Graz University of Technology, Graz, Austria; Institute for Technical Informatics, Graz University of Technology, Graz, Austria; Institute for Technical Informatics, Graz University of Technology, Graz, Austria; Institute for Technical Informatics, Graz University of Technology, Graz, Austria; Institute for Technical Informatics, Graz University of Technology, Graz, Austria",2015 3rd International Conference on Model-Driven Engineering and Software Development (MODELSWARD),"12 Nov 2015","2015","","","1","12","The continuous increase of software complexity is one of the major problems associated with the development of today's complex technical systems. In particular, for safety-critical systems, which usually require to be thoroughly verified and validated, managing such a complexity is of high importance. To this end, industry is utilizing Model-Driven Development (MDD) in many aspects of systems engineering, including verification and validation activities. Until now many specifications and standards have been released by the MDD community to support those activities by putting models in focus. The general problem is, however, that applying those specifications is often difficult, since they comprise a broader scope than usually required to solve specific problems. In this paper we propose a domain-specific language (DSL) that allows to specify tests from the UML Testing Profile (UTP). The main contribution is that only particular aspects of UTP are captured, thereby allowing the MDD process to be narrowed to specific needs, such as supporting code generation facilities for certain types of tests or even specific statements in tests. In the end we show the application of the DSL using a simple example within a MDD process, and we report on performance of that process.","","978-989-758-136-6","","","https://ieeexplore.ieee.org/stamp/stamp.jsp?arnumber=7323087","UML Testing Profile;UML;Textual Domain-Specific Language;Test Specification Language;Software Testing;Model-Driven Development","Unified modeling language;Testing;Generators;Biological system modeling;DSL;Software;Concrete","","1","","30","","12 Nov 2015","9-11 Feb. 2015","9-11 Feb. 2015","IEEE","IEEE Conferences"
"SCJ: A Breakpoint-Like Distance that Simplifies Several Rearrangement Problems","P. Feijao; J. Meidanis","Institute of Computing, State University of Campinas-UNICAMP, Brazil; Institute of Computing, State University of Campinas-UNICAMP, Brazil",IEEE/ACM Transactions on Computational Biology and Bioinformatics,"21 Jul 2011","2011","8","5","1318","1329","The breakpoint distance is one of the most straightforward genome comparison measures. Surprisingly, when it comes to defining it precisely for multichromosomal genomes with both linear and circular chromosomes, there is more than one way to go about it. Pevzner and Tesler gave a definition in a 2003 paper, Tannier et al. defined it differently in 2008, and in this paper we provide yet another alternative, calling it SCJ for single-cut-or-join, in analogy to the popular double cut and join (DCJ) measure. We show that several genome rearrangement problems, such as median and halving, become easy for SCJ, and provide linear and higher polynomial time algorithms for them. For the multichromosomal linear genome median problem, this is the first polynomial time algorithm described, since for other distances this problem is NP-hard. In addition, we show that small parsimony under SCJ is also easy, and can be solved by a variant of Fitch's algorithm. In contrast, big parsimony is NP-hard under SCJ. This new distance measure may be of value as a speedily computable, first approximation to distances based on more realistic rearrangement models.","1557-9964","","10.1109/TCBB.2011.34","","https://ieeexplore.ieee.org/stamp/stamp.jsp?arnumber=5719602","Biology and genetics;combinatorial algorithms;computations on discrete structures.","Bioinformatics;Genomics;Biological cells;Extremities;Polynomials;Phylogeny","Algorithms;Gene Rearrangement;Genomics;Models, Genetic;Phylogeny","75","1","50","IEEE","24 Feb 2011","Sept.-Oct. 2011","","IEEE","IEEE Journals"
"A Dead Code Evaluation Method based on Complex Network","X. Liu; C. Tao","College of Computer Science and Technology, Nanjing University of Aeronautics and Astronautics, Nanjing, China; College of Computer Science and Technology, Nanjing University of Aeronautics and Astronautics, Nanjing, China","2022 IEEE 22nd International Conference on Software Quality, Reliability, and Security Companion (QRS-C)","30 Mar 2023","2022","","","431","436","Dead code is widespread in open-source and commercial software systems. While there is some work on dead code detection, there is no work on evaluating the risk of removing dead code. This paper introduces complex network into dead code evaluation and proposes a dead code evaluation method based on weighted technique for order preference by similarity to ideal solution(TOPSIS). We regard degree centrality, closeness centrality, betweeness centrality and the proportion of alive codes as the multi-attribute of weighted TOPSIS, which overcomes the shortage of using the same weight for each attribute in the original method. We evaluate dead code in two open-source Java projects. The results show that this method can well evaluate the risk of deleting dead code in nodes.","2693-9371","979-8-3503-1991-0","10.1109/QRS-C57518.2022.00069","","https://ieeexplore.ieee.org/stamp/stamp.jsp?arnumber=10077055","dead code;complex network;Centrality measures;TOPSIS","Weight measurement;Java;Codes;Complex networks;Software quality;Software systems;Software reliability","","","","25","IEEE","30 Mar 2023","5-9 Dec. 2022","5-9 Dec. 2022","IEEE","IEEE Conferences"
"Application of Superconducting Cable Joint for Fault Current Limitation in Urban Distribution Network","Z. -C. Zou; P. Chen; R. Ou; Y. Lei; K. -T. Jiang; H. -B. Li","State Grid Chongqing Shibei Power Supply Company, Chongqing, China; State Grid Chongqing Shibei Power Supply Company, Chongqing, China; State Grid Chongqing Shibei Power Supply Company, Chongqing, China; Sichuan Energy Internet Research Institute, Tsinghua University, Chengdu, China; Sichuan Energy Internet Research Institute, Tsinghua University, Chengdu, China; Sichuan Energy Internet Research Institute, Tsinghua University, Chengdu, China",2020 IEEE International Conference on Applied Superconductivity and Electromagnetic Devices (ASEMD),"15 Dec 2020","2020","","","1","2","To limit the fault grid current in urban distribution network when a three-phase-to-ground fault occurs in the conventional cross-linked polyethylene (XLPE) power cable joint (CCJ), this paper presents a novel superconducting fault current limitation (FCL) scheme by using a superconducting cable joint (SCJ). The basic principle, circuit modeling and distribution network integrated with the SCJ are presented in detail. Then intensive study is conducted without and with the proposed novel SCJ scheme. The simulation results obtained show that the harmful large fault grid current can be largely reduced by using the proposed SCJ when a grounded fault occurs in the CCJ. Thus the operating environment of the cable trench can be maintained without causing large area power off.","","978-1-7281-5215-8","10.1109/ASEMD49065.2020.9276050","","https://ieeexplore.ieee.org/stamp/stamp.jsp?arnumber=9276050","XLPE;SCJ;FCL;Urban Distribution Network","Power cables;Circuit faults;Distribution networks;Superconducting cables;Resistance;Fault currents;Substations","","","","4","IEEE","15 Dec 2020","16-18 Oct. 2020","16-18 Oct. 2020","IEEE","IEEE Conferences"
"Exploring True Test Overfitting in Dynamic Automated Program Repair using Formal Methods","A. Nilizadeh; G. T. Leavens; X. -B. D. Le; C. S. Păsăreanu; D. R. Cok","University of Central Florida, Orlando, Florida, USA; University of Central Florida, Orlando, Florida, USA; University of Melbourne, Melbourne, Australia; Carnegie Mellon University and NASA Ames Research Center, California, USA; Safer Software Consulting, LLC, Rochester, New York, USA","2021 14th IEEE Conference on Software Testing, Verification and Validation (ICST)","24 May 2021","2021","","","229","240","Automated program repair (APR) techniques have shown a promising ability to generate patches that fix program bugs automatically. Typically such APR tools are dynamic in the sense that they find bugs by testing and they validate patches by running a program’s test suite. Patches can also be validated manually. However, neither of these methods for validating patches can truly tell whether a patch is correct. Test suites are usually incomplete, and thus APR-generated patches may pass the tests but not be truly correct; in other words, the APR tools may be overfitting to the tests. The possibility of test overfitting leads to manual validation, which is costly, potentially biased, and can also be incomplete. Therefore, we must move past these methods to truly assess APR’s overfitting problem.We aim to evaluate the test overfitting problem in dynamic APR tools using ground truth given by a set of programs equipped with formal behavioral specifications. Using these formal specifications and an automated verification tool, we found that there is definitely overfitting in the generated patches of seven well-studied APR tools, although many (about 59%) of the generated patches were indeed correct. Our study further points out two new problems that can affect APR tools: changes to the complexity of programs and numeric problems. An additional contribution is that we introduce the first publicly available data set of formally specified and verified Java programs, their test suites, and buggy variants, each of which has exactly one bug.","2159-4848","978-1-7281-6836-4","10.1109/ICST49551.2021.00033","","https://ieeexplore.ieee.org/stamp/stamp.jsp?arnumber=9438573","Automated Program Repair (APR);test overfitting;formal methods","Software testing;Java;Annotations;Conferences;Computer bugs;Manuals;Tools","","38","","84","IEEE","24 May 2021","12-16 April 2021","12-16 April 2021","IEEE","IEEE Conferences"
"Integer Range Analysis for Whiley on Embedded Systems","D. J. Pearce","School of Engineering and Computer Science Victoria University of Wellington, New Zealand",2015 IEEE International Symposium on Object/Component/Service-Oriented Real-Time Distributed Computing Workshops,"16 Jul 2015","2015","","","26","33","Programs written in the Whiley programming language are verified at compile-time to ensure all function specifications are met. The purpose of doing this is to eliminate as many software bugs as possible and, thus, Whiley is ideally suited for use in safety-critical systems. The language was designed from scratch to simplify verification as much as possible. To that end, arithmetic types in Whiley consist of unbounded integers and rationals and this poses a problem for use in memory constrained embedded devices. However, function specifications in Whiley provide a rich source of information from which finite bounds for integer variables can be determined. In this paper, we present a technique for range analysis of integer variables in Whiley. Previous work is typically based on dataflow analysis which requires a fixed-point computation and necessitates the use of imprecise widenings to ensure termination. However, the presence of loop and data type invariants in Whiley means that loops can be handled quickly and precisely.","","978-1-4673-7709-6","10.1109/ISORCW.2015.54","","https://ieeexplore.ieee.org/stamp/stamp.jsp?arnumber=7160120","Integer range analysis;embedded systems;compilers","Registers;Embedded systems;Program processors;Java;Lattices;Finite element analysis","","6","","26","IEEE","16 Jul 2015","13-17 April 2015","13-17 April 2015","IEEE","IEEE Conferences"
"RobusTest: A Framework for Automated Testing of Software Robustness","A. Shahrokni; R. Feldt","Department of Computer Science and Engineering, Chalmers University of Technology, Gothenburg, Sweden; Department of Computer Science and Engineering, Chalmers University of Technology, Gothenburg, Sweden",2011 18th Asia-Pacific Software Engineering Conference,"16 Jan 2012","2011","","","171","178","Robustness of a software system is defined as the degree to which the system can behave ordinarily and in conformance with the requirements in extraordinary situations. By increasing the robustness many failures which decrease the quality of the system can be avoided or masked. When it comes to specifying, testing and assessing software robustness in an efficient manner the methods and techniques are not mature yet. This paper presents RobusTest, a framework for testing robustness properties of a system with currently focus on timing issues. The expected robust behavior of the system is formulated as properties. The properties are then used to automatically generate robustness test cases and assess the results. An implementation of RobusTest in Java is presented here together with results from testing different, open-source implementations of the XMPP instant messaging protocol. By executing 400 test cases that were automatically generated from properties on two such implementations we found 11 critical failures and 15 nonconformance problems as compared to the XMPP specification.","1530-1362","978-1-4577-2199-1","10.1109/APSEC.2011.58","","https://ieeexplore.ieee.org/stamp/stamp.jsp?arnumber=6130684","Robustness;real time systems;testing;timing;temporal property;property based testing","Robustness;Testing;Computer crashes;Silicon;Java;Delay","","11","","13","IEEE","16 Jan 2012","5-8 Dec. 2011","5-8 Dec. 2011","IEEE","IEEE Conferences"
"A tool suite for diagnosis and testing of software design specifications","J. J. Li; J. R. Horgan","Telcordia Technologies, Inc., Morristown, NJ, USA; Telcordia Technologies, Inc., Morristown, NJ, USA",Proceeding International Conference on Dependable Systems and Networks. DSN 2000,"6 Aug 2002","2000","","","295","304","Available statistical data shows that the cost of finding and repairing software rises dramatically in later development stages. Much research has been done using verification and validation techniques to prove correctness in terms of certain properties. Such approaches and the approach of software testing are complementary. Testing reveals some errors that cannot be easily identified through verification, and vice versa. The new technology of generating implementation code from design specifications if based on highly reliable designs is another approach to reliable software. This paper presents a dynamic slicing technology and an accompanying tool suite for understanding, diagnosis and testing of software design specifications. We apply state-of-the-art technology in coverage testing, diagnosis and understanding of software source code to those of software designs. We use a simulation of the specifications to collect the execution trace for computing the coverage and slicing data. Our technology first generates a flow diagram from a specification and then automatically analyses the coverage features of the diagram. It collects the corresponding flow data during simulation to be mapped to the flow diagram. The coverage information for the original specification is then obtained from the coverage information of the flow diagram. This technology has been used for C, C++, and Java, and has proven effective.","","0-7695-0707-7","10.1109/ICDSN.2000.857553","","https://ieeexplore.ieee.org/stamp/stamp.jsp?arnumber=857553","","Software testing;Software design;Software tools;Debugging;Computational modeling;Java;Costs;Software engineering;Data structures;Software algorithms","","4","","10","IEEE","6 Aug 2002","25-28 June 2000","25-28 June 2000","IEEE","IEEE Conferences"
"Aspects on “Architecture for Independent Distributed Avionics” (AIDA)","R. M. A. Coutinho","Embraer, Sao Paulo, Brazil",2008 IEEE/AIAA 27th Digital Avionics Systems Conference,"9 Dec 2008","2008","","","1.A.1-1","1.A.1-9","Sponsored by the European Community under the 6th framework program (FP6), the ""Distributed equipment Independent environment for Advanced avioNic Applications"", also known by its acronym, DIANA, is a consortium working to enhance existing IMA platforms and development means. The existing industry open standards for integrated modular avionics (IMA) such as ARINC 653 do not cover all aspects to promote factual host application modularity. And also, it does not provide a friendly system level avionic integration support. The ""architecture for independent distributed avionics"" (AIDA) middleware, under definition by the DIANA consortium aims to improve current ARINC 653 middleware by providing new services to: (i) increase interoperability between applications; (ii) support Safety Critical Java applications; (iii) reduce the impact of software changes; (iv) provide better support at system level, enhancing the integration between services on different processing modules and non AIDA systems; and finally, (v) improve aircraft dispatchability with less processing modules, an important system reconfigurability feature proposed by AIDA.","2155-7209","978-1-4244-2207-4","10.1109/DASC.2008.4702746","","https://ieeexplore.ieee.org/stamp/stamp.jsp?arnumber=4702746","","Aerospace electronics;Application software;Computer architecture;Programming;Certification;Software testing;Hardware;Middleware;Software safety;Aircraft","","3","","11","IEEE","9 Dec 2008","26-30 Oct. 2008","26-30 Oct. 2008","IEEE","IEEE Conferences"
"Towards Making NekoStat a Proper Measurement Tool for the Validation of Distributed Systems","A. Bondavalli; A. Ceccarelli; L. Falai; M. Vadursi","University of Florence, Florence, Italy; University of Florence, Florence, Italy; University of Florence, Florence, Italy; University of Naples, Parthenope, Napoli, Italy",Eighth International Symposium on Autonomous Decentralized Systems (ISADS'07),"2 Apr 2007","2007","","","377","386","NekoStat is a Java framework and tool developed for qualitative and quantitative evaluation of dependability attributes of distributed algorithms. In this paper, NekoStat is analyzed along the lines of metrology. First the relevant metrological properties that a tool such as NekoStat should possess are introduced. The lack of a rigorous metrological characterization of the accuracy of collected measures is noticed as there is no estimation of how biased the collected data can be. To solve this, a new component, called OffsetDetector, is introduced and described. OffsetDetector allows to estimate the uncertainty of collected data and enables NekoStat to be aware of the accuracy level of the local clocks during distributed executions. The collected time measurements can thus be distinguished depending on the synchronization quality at the instant they were collected. In this way, the trustworthiness in the results is widely enhanced as shown through a case study illustrated in the paper","1541-0056","0-7695-2804-X","10.1109/ISADS.2007.74","","https://ieeexplore.ieee.org/stamp/stamp.jsp?arnumber=4144693","","Distributed algorithms;Bonding;Metrology;Particle measurements;Algorithm design and analysis;Quality of service;Java;Clocks;Time measurement;Synchronization","","2","","12","IEEE","2 Apr 2007","21-23 March 2007","21-23 March 2007","IEEE","IEEE Conferences"
"Evaluating the Robustness of Object Detectors Via Delta Debugging, Quickxplain, and A Combinatorial Hybrid","L. Jahaj; F. Wotawa","Graz University of Technology, Institute of Software Engineering and Artificial Intelligence, Graz, Austria; Graz University of Technology, Institute of Software Engineering and Artificial Intelligence, Graz, Austria",2025 12th International Conference on Dependable Systems and Their Applications (DSA),"12 Jan 2026","2025","","","284","294","This paper presents a thorough evaluation of YOLO's object detection performance and robustness using and comparing the performance of three minimization algorithms, which are Delta Debugging, Quick Explain, and combinatorial testing. The objective is to search for the maximal occluded image so that YOLO can still detect the object above a given confidence threshold. For this purpose, we implemented an automated testing framework in JAVA and Python. For the evaluation task, we conducted experiments by taking a set of images with different object classes and dividing them into grids of different sizes. Each algorithm masks these tiles iteratively by calling YOLO in each iteration to check whether the object can still be detected. In the end, the framework produces an image with a minimal number of tiles that results in detecting the object. We compare the results of the three algorithms using several criteria like the number of remaining tiles in the output image, the YOLO confidence score of the final image, execution time, and a subjective evaluation of the result. Our experiments show that in different categories of comparison, the performance standing of the algorithms alters.","2767-6684","978-1-6654-7769-7","10.1109/DSA66321.2025.00041","","https://ieeexplore.ieee.org/stamp/stamp.jsp?arnumber=11320423","object detection;object detection minimization;yolo;minimization algorithm","YOLO;Java;Runtime;Statistical analysis;Combinatorial testing;Debugging;Minimization;Search problems;Robustness;Testing","","","","14","IEEE","12 Jan 2026","24-26 Nov. 2025","24-26 Nov. 2025","IEEE","IEEE Conferences"
"Vulnerability Name Prediction Based on Enhanced Multi-Source Domain Adaptation","Y. Xing; M. Zhao; B. Yang; Y. Zhang; W. Li; J. Gu; J. Yuan; L. Xu","School of Artificial Intelligence, Beijing University of Posts and Telecommunications, Beijing, China; School of Artificial Intelligence, Beijing University of Posts and Telecommunications, Beijing, China; China Unicom Research Institute, Beijing, China; School of Computer Science, Peking University, Beijing, China; NSFOCUS Technologies Group Co., Ltd., Beijing, China; NSFOCUS Technologies Group Co., Ltd., Beijing, China; NSFOCUS Technologies Group Co., Ltd., Beijing, China; China Unicom Research Institute, Beijing, China","2023 IEEE 22nd International Conference on Trust, Security and Privacy in Computing and Communications (TrustCom)","29 May 2024","2023","","","2115","2121","Software products have brought convenience to modern society but also pose significant security risks due to various types of vulnerabilities. Identifying vulnerability names is vital for program repair and software maintenance, but the lack of training data presents a challenge. Big data analytics and machine learning can help overcome this challenge by processing large amounts of data and improving the accuracy of vulnerability name prediction. Considering that the data is often from datasets composed of multiple sources, a feature-based or attention-based multi-source domain adaptation (MSDA) approach is required. In this paper, we propose an MSDA method based on both feature and attention to accomplish the task of predicting vulnerability names, called Multi-Source Domain Adaptation for Vulnerability Name Prediction (MSDA-VNP). First, MSDA-VNP reduces domain divergence by adversarial training and then uses domain-invariant features to obtain feature correlations between individual source and target domains. In combination with the obtained domain correlations, Weighted multi-kernel Maximum Mean Discrepancy (WMK-MMD) is proposed as the attention mechanism. Second, a data augmentation strategy is employed to enhance MSDA-VNP to identify privacy-related vulnerabilities. To evaluate our approach, we conducted experiments on eight Java real-world projects in the Software Assurance Reference Dataset (SARD). The experimental results show that the proposed method MSDA-VNP performed efficiently and stably for the 44 types of vulnerabilities involved. The data augmentation strategy has also been proved to be effective as an enhancement for the proposed method MSDA-VNP.","2324-9013","979-8-3503-8199-3","10.1109/TrustCom60117.2023.00294","","https://ieeexplore.ieee.org/stamp/stamp.jsp?arnumber=10538701","vulnerability name prediction;multi-source domain adaptation;data augmentation;adversarial training;attention mechanism","Training;Software maintenance;Java;Data privacy;Correlation;Training data;Maintenance engineering","","","","29","IEEE","29 May 2024","1-3 Nov. 2023","1-3 Nov. 2023","IEEE","IEEE Conferences"
"SCJ: Segment Cleaning Journaling for Log-Structured File Systems","H. Gwak; D. Shin","Department of Electrical and Computer Engineering, Sungkyunkwan University, Suwon, South Korea; Department of Electrical and Computer Engineering, Sungkyunkwan University, Suwon, South Korea",IEEE Access,"26 Oct 2021","2021","9","","142437","142448","The append-only write scheme of the log-structured file system (LFS), which does not permit in- place updates, is suitable for flash memory. Therefore, LFSs have been adopted to manage various flash-memory-based storage systems. However, LFSs amplify user write requests owing to segment cleaning and frequent metadata write operations. Hence, the IO performance is degraded and the life span of the flash memory is reduced. In particular, when each segment cleaning invokes checkpointing to store dirty metadata modified via block relocation, irrelevant dirty metadata are written by the checkpointing operation, and the metadata write overhead occupies a significant proportion of the segment cleaning latency. Hence, we propose segment cleaning journaling (SCJ), which logs the block relocation information of segment cleaning at a specific journal area without invoking checkpointing. We implemented and evaluated the proposed SCJ by modifying F2FS. Experimental results show that SCJ can improve file system performance by 1.13–1.63 times compared with normal segment cleaning.","2169-3536","","10.1109/ACCESS.2021.3121423","Institute of Information and Communications Technology Planning and Evaluation (IITP) Grant; Korean Government through MSIT (Software Star Laboratory)(grant numbers:IITP-2017-0-00914); ","https://ieeexplore.ieee.org/stamp/stamp.jsp?arnumber=9580883","File systems;flash memory;operating systems;log-structured file systems;segment cleaning","Metadata;Cleaning;Checkpointing;Ash;Optimization;System performance;Performance evaluation","","4","","37","CCBY","19 Oct 2021","2021","","IEEE","IEEE Journals"
"An Energy Shaping-Based Control Barrier Function for Constrained Control of Robot Manipulator","T. A. Tamba; B. Hu","Department of Electrical Engineering, Parahyangan Catholic University Bandung, West Java, Indonesia; Department of Engineering Technology, University of Houston, Houston, Texas, USA",2024 14th Asian Control Conference (ASCC),"19 Sep 2024","2024","","","2313","2316","This paper presents our initial results on the construction of a class of control barrier function (CBF) for safety-critical filter of constrained robotic manipulator control within the framework of energy shaping method. The proposed CBF construction directly includes the robot's joint variable constraints to the robot's total energy which includes its kinetic energy and artificial potential function. It is shown the proposed CBF can be used to construct feedback controller to guarantee the forward invariance of the robot's safe operational sets.","2770-8373","978-9-8875-8159-8","","","https://ieeexplore.ieee.org/stamp/stamp.jsp?arnumber=10665582","Robot manipulator;constrained control;safety-critical control;control barrier function","Manipulators;Kinetic energy;Adaptive control","","1","","12","","19 Sep 2024","5-8 July 2024","5-8 July 2024","IEEE","IEEE Conferences"
"Reliability Analysis of Operating Systems for Embedded SoC","T. Santini; L. Carro; F. R. Wagner; P. Rech","Instituto de Informatica, Federal University of Rio Grande do Sul (UFRGS), Porto Alegre, RS, Brazil; Instituto de Informatica, Federal University of Rio Grande do Sul (UFRGS), Porto Alegre, RS, Brazil; Instituto de Informatica, Federal University of Rio Grande do Sul (UFRGS), Porto Alegre, RS, Brazil; Instituto de Informatica, Federal University of Rio Grande do Sul (UFRGS), Porto Alegre, RS, Brazil",2015 15th European Conference on Radiation and Its Effects on Components and Systems (RADECS),"4 Jan 2016","2015","","","1","5","In this paper, we investigate how the presence of a general purpose operating system influences the reliability of modern embedded Systems-on-Chips (SoCs). We experimentally study the difference in the neutron-induced error rate of SoCs when executing the application bare to the metal and on top of the Linux kernel. Our analysis demonstrates that Linux presence barely affects the Silent Data Corruption (SDC) rate while it greatly increases the system Functional Interruption (SEFI) rate (up to 7.48 times) if no preventive measures are taken. Furthermore, we analytically show that cache conflicts between the operating system and application can significantly reduce the Linux-induced SEFI rate increase. Additionally, we evaluate the OS software stack masking effect and show that the higher the abstraction layer in which an application is implemented, the lower its SDC rate.","","978-1-5090-0232-0","10.1109/RADECS.2015.7365659","","https://ieeexplore.ieee.org/stamp/stamp.jsp?arnumber=7365659","","Linux;Reliability;Metals;Kernel;Smart phones","","7","","13","IEEE","4 Jan 2016","14-18 Sept. 2015","14-18 Sept. 2015","IEEE","IEEE Conferences"
"Run-Time Assurance for Learning-Based Aircraft Taxiing","D. Cofer; I. Amundson; R. Sattigeri; A. Passi; C. Boggs; E. Smith; L. Gilham; T. Byun; S. Rayadurgam",Collins Aerospace; Collins Aerospace; Collins Aerospace; Collins Aerospace; Collins Aerospace; Kestrel Institute; Kestrel Institute; University of Minnesota; University of Minnesota,2020 AIAA/IEEE 39th Digital Avionics Systems Conference (DASC),"18 Nov 2020","2020","","","1","9","Aircraft systems that include learning-enabled components (LECs) and their software implementations are not amenable to verification and certification using current methods. We have produced a demonstration of a run-time assurance architecture based on a neural network aircraft taxiing application that shows how several advanced technologies could be used to ensure safe operation.","2155-7209","978-1-7281-9825-5","10.1109/DASC50938.2020.9256581","DARPA(grant numbers:FA8750-18-C-0099); ","https://ieeexplore.ieee.org/stamp/stamp.jsp?arnumber=9256581","machine learning;run-time assurance","Monitoring;Aircraft;Safety;Global Positioning System;Computer architecture;Cameras;Atmospheric modeling","","24","","22","IEEE","18 Nov 2020","11-15 Oct. 2020","11-15 Oct. 2020","IEEE","IEEE Conferences"
"Using a model checker to test safety properties","P. Ammann; Wei Ding; Daling Xu","ISE Department, George Mason University, Fairfax, VA, USA; ISE Department, George Mason University, Fairfax, VA, USA; ISE Department, George Mason University, Fairfax, VA, USA",Proceedings Seventh IEEE International Conference on Engineering of Complex Computer Systems,"7 Aug 2002","2001","","","212","221","In addition to providing a sound basis for analysis, formal methods can support other development activities; in our case the target is specification-based testing at the system level. We use the formal method of model checking to either generate new test sets or analyze existing test sets with respect to safety properties expressed in a temporal logic. We consider two types of tests: failing tests, in which a system must reject (fail) a specific dangerous action, and passing tests, in which a system must accept (pass) a safe action in a context that also includes a plausible dangerous action. We formalize our notion of dangerous actions with a mutation model for model checking specifications, and we develop coverage criteria to assess test sets. The coverage criteria are based on the logic operators from the Computation Tree Logic (CTL) and encompass the idea of scenarios where a dangerous action is either inevitable (A) or possible (E) as of the next state (X) or at some point in the future (F). We demonstrate the feasibility of our approach with an example.","","0-7695-1159-7","10.1109/ICECCS.2001.930180","","https://ieeexplore.ieee.org/stamp/stamp.jsp?arnumber=930180","","System testing;Logic testing;Genetic mutations;Software safety;Acoustic testing;Software testing;NIST;Traffic control;Aerospace engineering;Automatic testing","","23","","28","IEEE","7 Aug 2002","11-13 June 2001","11-13 June 2001","IEEE","IEEE Conferences"
"Hidden dependencies in software systems","R. Vanciu; V. Rajlich","Department of Computer Science, Wayne State University, Detroit, MI, USA; Department of Computer Science, Wayne State University, Detroit, MI, USA",2010 IEEE International Conference on Software Maintenance,"25 Oct 2010","2010","","","1","10","In this paper, we study the hidden dependencies that are a special kind of data flows. They play an important role in software maintenance and evolution because they propagate changes among the classes and they are hard to detect. We propose a technique that finds hidden dependencies through the computation of an “execute completely after” relation that is filtered using dynamically generated preconditions and postconditions. We show that these hidden dependencies exist even in well-structured software, like the open source programs JUnit, Drawlets, and Apache FtpServer. We also discuss the precision of this technique.","1063-6773","978-1-4244-8629-8","10.1109/ICSM.2010.5609657","","https://ieeexplore.ieee.org/stamp/stamp.jsp?arnumber=5609657","Software evolution;program comprehension;dependency analysis;execute completely after relation;invariants","Radio frequency;Integrated circuits","","12","","51","IEEE","25 Oct 2010","12-18 Sept. 2010","12-18 Sept. 2010","IEEE","IEEE Conferences"
"Responsive systems: An introduction","R. F. Berry; P. E. McKenney; F. N. Parr","IBM Software Group, Hursley, UK; IBM Linux Technology Center, Beaverton, OR, USA; IBM Research Division, IBM Thomas J. Watson Research Center, Hawthorne, NY, USA",IBM Systems Journal,"6 Apr 2010","2008","47","2","197","206","This paper introduces responsive systems: systems that are real-time, event-based, or time-dependent. There are a number of trends that are accelerating the adoption of responsive systems: timeliness requirements for business information systems are becoming more prevalent, embedded systems are increasingly integrated into soft real-time command-and-control systems, improved message-oriented middleware is facilitating growth in event-processing applications, and advances in service-oriented and component-based techniques are lowering the costs of developing and deploying responsive applications. The use of responsive systems is illustrated here in two application areas: the defense industry and online gaming. The papers in this special issue of the IBM Systems Journal are then introduced. The paper concludes with a discussion of the key remaining challenges in this area and ideas for further work.","0018-8670","","10.1147/sj.472.0197","","https://ieeexplore.ieee.org/stamp/stamp.jsp?arnumber=5386546","","","","4","","","","6 Apr 2010","2008","","IBM","IBM Journals"
"Enforcing Interaction Properties in AOSD-Enabled Systems","C. Serban; S. Tyszberowicz","Department of Computer Science, Rutgers University, Piscataway, NJ, USA; School of Computer Science, The Academic College of Tel-Aviv Yaffo and Tel, Aviv University, Tel-Aviv, Israel",2006 International Conference on Software Engineering Advances (ICSEA'06),"19 Dec 2006","2006","","","8","8","The construction and maintenance of large and complex software systems depend on the existence of global principles describing the structure and the interaction among its various components. Due to their critical nature, such principles have to be explicitly formulated and strictly verified and enforced throughout the lifetime of the software product. Aspect Oriented Software Development (AOSD) provides necessary tools for the formulation of such principles as aspects--called here structural aspects, and for their compile-time verification and dynamic enforcement. This enforcement, however, becomes problematic when aspects are also used as a vehicle for programming the components themselves, due to aspect interference. In this paper we show how the aspects embedded in system's components--called here programming aspects--can interact unfavourably with other components thus invalidating the role of the structural aspects. We present a number of methods that address this problem, and we introduce a DirectedPairWiseWeaver tool we have developed in order to prevent this interference.","","0-7695-2703-5","10.1109/ICSEA.2006.261264","","https://ieeexplore.ieee.org/stamp/stamp.jsp?arnumber=4031793","AOSD;Law-Governed Architecture;Aspects;Architecture;Enforcement","Security;Programming;Control systems;Contracts;Computer architecture;Software systems;Interference;Computer science;Vehicles;Encapsulation","","1","","19","IEEE","19 Dec 2006","29 Oct.-3 Nov. 2006","29 Oct.-3 Nov. 2006","IEEE","IEEE Conferences"
"Improving Defect Detection Ability of Derived Test Cases Based on Mutated UML Activity Diagrams","H. Sun; M. Chen; M. Zhang; J. Liu; Y. Zhang","Shanghai Key Laboratory of Trustworthy Computing, East China Normal University, Shanghai, China; Shanghai Key Laboratory of Trustworthy Computing, East China Normal University, Shanghai, China; Shanghai Key Laboratory of Trustworthy Computing, East China Normal University, Shanghai, China; Shanghai Key Laboratory of Trustworthy Computing, East China Normal University, Shanghai, China; Software Engineering Institute, East China Normal University, Shanghai, China",2016 IEEE 40th Annual Computer Software and Applications Conference (COMPSAC),"25 Aug 2016","2016","1","","275","280","Structure coverage driven test generation is the key approach for automatic testing at source code level. However, the defect detection ability of the generated test cases should be carefully evaluated since the correlation between coverage and test effectiveness is in doubt. In this paper, we propose a test generation approach based on mutation testing with the intent to derive test cases towards finding defects rather than just covering certain syntactic structures. Moreover, instead of generating test cases from the code under test directly, we base our approach on UML activity diagrams to make it possible to decide verdicts of test inputs. Mutation operators for activity diagrams are defined and the test generation algorithms are based on solving mutated path constraints. Experimental results have shown that by applying the proposed mutated testing approach, test cases with higher defect detection ability can be generated.","0730-3157","978-1-4673-8845-0","10.1109/COMPSAC.2016.136","","https://ieeexplore.ieee.org/stamp/stamp.jsp?arnumber=7552021","Test Generation;Mutation Testing;Activity Diagram","Testing;Unified modeling language;Pins;Software;Electronic mail;Correlation","","","","14","IEEE","25 Aug 2016","10-14 June 2016","10-14 June 2016","IEEE","IEEE Conferences"
"A new robust distributed real time scheduling services for RT-CORBA applications","A. S. Karuppan; B. T. Mathew; K. Shanthakumari",SSNCE; KU; KU,"2008 International Conference on Computing, Communication and Networking","24 Feb 2009","2008","","","1","7","Distributed computing environment is flexible to control in complex embedded systems and their software components gain complexity when these systems are equipped with many microcontrollers and software object which covers diverse platforms and electronic control units connecting hundreds or thousands of analog and digital sensors and actuators, the simply known as DRE system. These DRE systems need new inter-object communication solution thus QoS-enabled middleware services and mechanisms have begun to emerge. It is also, widely known that scheduling services are used in real-time. We show how high performance scheduling services over the real time distributed environment can be achieved, when adopting the use of RT-CORBA specification which implements a dynamic scheduling policy to achieve end-to-end predictability and performance through novel dynamic scheduling service.","","978-1-4244-3594-4","10.1109/ICCCNET.2008.4787672","","https://ieeexplore.ieee.org/stamp/stamp.jsp?arnumber=4787672","QOS;DRE;RT-CORBA;EDF;RMS","Robustness;Dynamic scheduling;Control systems;Embedded software;Processor scheduling;Application software;Distributed computing;Embedded system;Software systems;Microcontrollers","","","","23","IEEE","24 Feb 2009","18-20 Dec. 2008","18-20 Dec. 2008","IEEE","IEEE Conferences"
"On the Benefits of Using MVC Pattern for Structuring Event-B Models of WIMP Interactive Applications","N. K. Singh; Y. Aït-Ameur; R. Geniet; D. Méry; P. Palanque","INPT-ENSEEIHT/IRIT, University of Toulouse, 2 Rue Charles Camichel, BP 7122, 31071 Toulouse Cedex 7, France; nsingh@enseeiht.fr; INPT-ENSEEIHT/IRIT, University of Toulouse, 2 Rue Charles Camichel, BP 7122, 31071 Toulouse Cedex 7, France; Université de Rennes 1, Rennes, 2 Rue Charles Camichel, BP 7122, 31071 Toulouse Cedex 7, France; LORIA, Université de Lorraine & Telecom Nancy, Nancy, Campus Scientifique, BP 239, 54506, Vandœuvre lès Nancy, France; IRIT, Université de Toulouse, Toulouse, CS-IRIT, Université Paul Sabatier – Toulouse III, 118, route de Narbonne, 31042 Toulouse Cedex 9, France",Interacting with Computers,"23 Aug 2021","2021","33","1","92","114","This paper presents a formal development approach for designing interactive applications using a correct-by-construction approach. In this work, we propose a refinement strategy using model-view-controller (MVC) to structure and design Event-B formal models of the interactive application. The proposed MVC-based refinement strategy facilitates the development of an abstract model and a series of refined models by introducing the possible modes, controller’s behaviour and visual components of the interactive application while preserving the required interaction-related safety properties. To demonstrate the effectiveness, scalability, reliability and feasibility of our approach, we use a small example (from automotive domain) and real-life industrial case studies (from aviation). The entire development is realized in Event-B and the associated Rodin tool is used to analyse and verify the correctness of the formalized model. Finally, the developed Event-B models are used to generate source code using EB2ALL tool for going from the specification to the implementation of the interactive application.","1873-7951","","10.1093/iwcomp/iwab016","","https://ieeexplore.ieee.org/stamp/stamp.jsp?arnumber=9520844","formal description techniques;interactive applications;model-view-controller;refinement and proofs;Event-B;safety-critical interactive systems","","","","","","","23 Aug 2021","May 2021","","OUP","OUP Journals"
"Exception Handling Defects: An Empirical Study","P. Sawadpong; E. B. Allen; B. J. Williams","Department of Computer Science and Engineering, Mississippi State University, MS, USA; Department of Computer Science and Engineering, Mississippi State University, MS, USA; Department of Computer Science and Engineering, Mississippi State University, MS, USA",2012 IEEE 14th International Symposium on High-Assurance Systems Engineering,"6 Dec 2012","2012","","","90","97","Exception handling mechanisms are a feature common in many programming languages. Improper handling of exceptions can cause failures in software systems. This is especially critical for high-assurance systems where software failures may have severe consequences. Understanding the impact of misusing exception handling is important for better utilization of these constructs. This paper presents an exploratory study to determine whether using exception handling is relatively risky by analyzing the defect densities of exception handling code and the overall source code. Also, statistics representing the prevalence of exception handling code are proposed. The study was conducted with six major Eclipse releases. Essential data was collected using custom scripts to extract exception handling information from the source code and exception handling defects information from bug reports. We found that the density of defects that are closely related to exception handling constructs is relatively high compared to the overall defect density. This implies a relationship between the use of exception handling constructs and the risk of defects. Further studies should be conducted to better determine proper ways to implement exception handling and the root causes of exception defects in the software systems.","1530-2059","978-1-4673-4742-6","10.1109/HASE.2012.24","","https://ieeexplore.ieee.org/stamp/stamp.jsp?arnumber=6375642","empirical study;exception handling;measurement;defects;Eclipse","Java;Equations;Mathematical model;Density measurement;Software systems;Communities","","28","","22","IEEE","6 Dec 2012","25-27 Oct. 2012","25-27 Oct. 2012","IEEE","IEEE Conferences"
"Injecting Memory Leaks to Accelerate Software Failures","J. Zhao; Y. Jin; K. S. Trivedi; R. Matias Jr.","Computer Science and Technology Department, Harbin Engineering of Technology, Harbin, China; Computer Science and Technology Department, Harbin Engineering of Technology, Harbin, China; Electrical and Computer Engineering Department, Duke University, Durham, USA; School of Computer Science, Federal University of Uberlandia (UFU), Uberlandia, Brazil",2011 IEEE 22nd International Symposium on Software Reliability Engineering,"19 Jan 2012","2011","","","260","269","A number of studies have reported the phenomenon of ""Software aging"", caused by resource exhaustion and characterized by progressive software performance degradation. We develop experiments that simulate an on-line bookstore application, following the standard configuration of TPC-W benchmark. We study the application failures caused by memory leaks, using the accelerated life tests method. In our experiments, the memory consumption rate is selected as the acceleration factor, and an IPL-lognormal model is used to estimate the time to failure at each acceleration level. Subsequently, the estimate of the time to failure distribution at normal condition is obtained. Our acceleration experimental results based on the IPL-lognormal model show that it can be used to greatly reduce the cost to obtain the time to failure at normal level, which can be used in scheduling software rejuvenation. Finally, we select the Weibull time to failure distribution at normal level, to be used in a semi-Markov process, to optimize the software rejuvenation trigger interval.","2332-6549","978-1-4577-2060-4","10.1109/ISSRE.2011.24","","https://ieeexplore.ieee.org/stamp/stamp.jsp?arnumber=6132974","accelerated life tests;memory leaks;optimal software rejuvenation;semi-Markov process;software aging","Aging;Stress;Memory management;Acceleration;Java;Web servers","","19","","29","IEEE","19 Jan 2012","29 Nov.-2 Dec. 2011","29 Nov.-2 Dec. 2011","IEEE","IEEE Conferences"
"Decision-Centric Traceability of architectural concerns","J. Cleland-Huang; M. Mirakhorli; A. Czauderna; M. Wieloch","School of Computing, DePaul University, Chicago, IL, USA; School of Computing, DePaul University, Chicago, IL, USA; School of Computing, DePaul University, Chicago, IL, USA; School of Computing, DePaul University, Chicago, IL, USA",2013 7th International Workshop on Traceability in Emerging Forms of Software Engineering (TEFSE),"7 Oct 2013","2013","","","5","11","We present an architecture-centric approach for achieving traceability between stakeholders' quality concerns, architecturally significant requirements, design rationales, and source code. In Decision-Centric Traceability (DCT), all trace links are focused around architectural decisions that include factors as varied as platforms, languages, frameworks, patterns, and lower-level architectural tactics. We show how DCT supports critical software engineering activities such as safety-case construction, impact analysis, stakeholder satisfaction analysis, requirements validation, and architectural preservation. Our approach is illustrated and validated with examples drawn from the architectural decisions and subsequent design of the TraceLab project funded by the US National Science Foundation under a Major Research Infrastructure grant.","2157-2194","978-1-4799-0495-2","10.1109/TEFSE.2013.6620147","","https://ieeexplore.ieee.org/stamp/stamp.jsp?arnumber=6620147","requirements;architecture;traceability","Discrete cosine transforms;Usability;Reliability;Cloning;Runtime;Java;Semiconductor optical amplifiers","","12","","23","IEEE","7 Oct 2013","19-19 May 2013","19-19 May 2013","IEEE","IEEE Conferences"
"A survey of software runtime monitoring","L. Gao; M. Lu; L. Li; C. Pan","Science and Technology on Reliability and Environmental Engineering Laboratory, Beihang University, Beijing, China; Science and Technology on Reliability and Environmental Engineering Laboratory, Beihang University, Beijing, China; Science and Technology on Reliability and Environmental Engineering Laboratory, Beihang University, Beijing, China; Science and Technology on Reliability and Environmental Engineering Laboratory, Beihang University, Beijing, China",2017 8th IEEE International Conference on Software Engineering and Service Science (ICSESS),"23 Apr 2018","2017","","","308","313","With the wide application of complex software systems in various fields of social life, how to ensure the reliability of software systems at runtime becomes a hot issue to be solved. By observing the behavior information of the running software, software runtime monitoring can support the credibility of the software behavior, and can be used for software fault analysis and localization. In this paper, starting from the basic concepts of software runtime monitoring, the basic architecture and monitoring levels of software runtime monitoring are introduced. Then the typical software runtime monitoring methods are presented and classified. Moreover, these different monitoring methods are analyzed and compared. Finally, the existing problems are discussed, and possible future research directions are given.","2327-0594","978-1-5386-0497-7","10.1109/ICSESS.2017.8342921","","https://ieeexplore.ieee.org/stamp/stamp.jsp?arnumber=8342921","software runtime monitoring;runtime monitor;monitoring level;non-intrusive monitoring;intrusive monitoring","Monitoring;Runtime;Software systems;Real-time systems;Computer architecture;Java","","8","","43","IEEE","23 Apr 2018","24-26 Nov. 2017","24-26 Nov. 2017","IEEE","IEEE Conferences"
"CRAM: Code Recommendation With Programming Context Based on Self-Attention Mechanism","C. Tao; K. Lin; Z. Huang; X. Sun","College of Computer Science and Technology, Nanjing University of Aeronautics and Astronautics, Nanjing, China; College of Computer Science and Technology, Nanjing University of Aeronautics and Astronautics, Nanjing, China; College of Computer Science and Technology, Nanjing University of Aeronautics and Astronautics, Nanjing, China; School of Information Engineering, Yangzhou University, Jiangsu, China",IEEE Transactions on Reliability,"2 Mar 2023","2023","72","1","302","316","Code recommendation with programming context is to use the contextual code surrounding the missing code to automatically find that which of the code snippets would be useful to assist in the completion of the program. In this way, the developers need not take time to formulate explicit queries or write descriptions. Existing work only treats code as textual documents and use information retrieval techniques to retrieve relevant code snippets, which is difficult to capture the semantics of code adequately. The self-attention mechanism have achieved promising progress in various natural language processing tasks, especially for extracting deep semantic information from long sequences. Inspired from this, we propose a novel code recommendation with programming context based on self-attention mechanism (CRAM). The proposed approach first builds a small-scale candidate set from codebase. Then, it utilizes self-attention networks in the abstract syntax tree to capture the deep semantics of code, and finally recommend the relevant code to developers. We conduct several experiments to evaluate our approach in a large-scale codebase containing 741 148 code snippets. The experimental results show that CRAM can effectively recommend code and outperforms related work in recall, precision, and NDCG.","1558-1721","","10.1109/TR.2022.3171309","National Key R&D Program of China(grant numbers:2018YFB1003900); National Natural Science Foundation of China(grant numbers:61602267,61402229); State Key Laboratory for Novel Software Technology(grant numbers:KFKT2018B19); Fundamental Research Funds for the Central Universities(grant numbers:NS2019058); China Postdoctoral Science Foundation Funded Project(grant numbers:2019M651825); ","https://ieeexplore.ieee.org/stamp/stamp.jsp?arnumber=9773971","Abstract syntax tree (AST);code recommendation;programming context;self-attention mechanism;structural information","Codes;Programming;Semantics;Task analysis;Natural languages;Symbols;Java","","8","","55","IEEE","12 May 2022","March 2023","","IEEE","IEEE Journals"
"Real-time distributed object computing: ready for mission-critical embedded system applications","D. Sharp","Boeing Aerospace Company, Saint Louis, MO, USA",Proceedings 3rd International Symposium on Distributed Objects and Applications,"7 Aug 2002","2001","","","3","4","","","0-7695-1300-X","10.1109/DOA.2001.954064","","https://ieeexplore.ieee.org/stamp/stamp.jsp?arnumber=954064","","Real time systems;Distributed computing;Embedded computing;Mission critical systems;Embedded system;Middleware;Aerospace electronics;Military computing;Java;Research and development","","6","","","IEEE","7 Aug 2002","17-20 Sept. 2001","17-20 Sept. 2001","IEEE","IEEE Conferences"
"A Heap Model for Java Bytecode to Support Separation Logic","C. Luo; G. He; S. Qin","Department of Computer Science, Durham University, UK; Department of Computer Science, Durham University, UK; Department of Computer Science, Durham University, UK",2008 15th Asia-Pacific Software Engineering Conference,"22 Dec 2008","2008","","","127","134","Memory usage analysis is an important problem for resource-constrained mobile devices, especially under mission- or safety-critical circumstances. Program codes running on or being downloaded into such devices are often available in low-level bytecode forms. We propose in this paper a formal heap model for Java bytecode language, on top of which we can then provide separation logic support for further memory usage verification. Our low-level heap model for Java bytecode would allow us to reason about the size and alignment properties of primitive values stored in the heap. To support type-related reasoning such as guaranteeing type and alignment safety, this model is also lifted with both base types and user-defined classes. Based on such model, we have also defined a separation logic proof system whose assertions are interpreted using the lifted heap with types. We envision, with further extension, the system would provide good support for memory usage analysis and verification for mobile devices.","1530-1362","978-0-7695-3446-6","10.1109/APSEC.2008.72","","https://ieeexplore.ieee.org/stamp/stamp.jsp?arnumber=4724540","","Java;Logic devices;Software engineering;Helium;Computer science;Mobile computing;Safety;Security;Shape;Virtual machining","","2","","14","IEEE","22 Dec 2008","3-5 Dec. 2008","3-5 Dec. 2008","IEEE","IEEE Conferences"
"Fault Protection of Urban Distribution Network Using a Superconducting Cable Joint","Z. -C. Zou; J. Yao","School of Electrical Engineering, State Key Laboratory of Power Transmission Equipment & System Security and New Technology, Chongqing University, Chongqing, China; School of Electrical Engineering, State Key Laboratory of Power Transmission Equipment & System Security and New Technology, Chongqing University, Chongqing, China",IEEE Transactions on Applied Superconductivity,"18 Oct 2021","2021","31","8","1","5","To enhance the operating security and stability of the cross-linked polyethylene power cable based urban distribution network due to conventional cable joint (CCJ) faults, this paper presents a novel superconducting fault current limitation scheme by using a superconducting cable joint (SCJ). The basic principle, circuit modeling, conceptual design and distribution network integrated with the SCJ are presented in detail. The comparative study without and with the proposed SCJ scheme and comprehensive evaluation are carried out. The simulation results obtained under symmetrical and asymmetrical CCJ faults show that the harmful large fault grid currents can be limited effectively and the fault grid voltage can be well improved. Thus the high temperature electric arc in the fault location caused by CCJ faults can be safely controlled. And large area power failure in actual power system can be avoided.","1558-2515","","10.1109/TASC.2021.3117191","National Natural Science Foundation of China(grant numbers:51977019); ","https://ieeexplore.ieee.org/stamp/stamp.jsp?arnumber=9556558","Urban distribution network;cross-linked polyethylene (XLPE) power cable;superconducting cable joint (SCJ);fault current limitation","Power cables;Superconducting cables;Distribution networks;Resistance;Impedance;High-temperature superconductors;Copper","","7","","15","IEEE","1 Oct 2021","Nov. 2021","","IEEE","IEEE Journals"
"Artificial immune wireless intelligent sensor and actuator network (WISAN) for more electrical aircraft performance monitoring system (Study case: 80 passenger aircraft)","N. Hendrarini; Ema","Computer Engineering Department, Telkom University, Bandung; Avionic Department, Nurtanio University, Bandung, West Java",2015 1st International Conference on Wireless and Telematics (ICWT),"9 Apr 2016","2015","","","1","8","The issue of this paper is about computer development in the field of aviation. This is in accordance with the technological development of aircraft that shifted from manual to computer-based conditions. Many things can be learned about computerization in the aviation world especially associated with the control mechanism of the aircraft or aircraft communications system. The research related to control of aircraft by utilizing wireless technology and computers. This control technology embeds a special system on another system-computer based. Intelligent system is a system that is filed with artificial immune algorithm. This algorithm is expected to be known to prevent all potential failures. This control technology is intended to be implemented on electrical-based aircraft Redundancy became a matter of support in obtaining reliable and robust performance of system. Sensor system with the support of the microprocessor as a data processor becomes major system of this control system. Setup and configuration of sensors with certain consideration, good data communication systems and realtime applications become necessary to obtain the expected outcomes. Wireless data communication based on certain setting and proper topology is important thing to support the aircraft control system. System to be built also considers the existing standard computer on airplanes.","","978-1-4673-8434-6","10.1109/ICWT.2015.7449217","","https://ieeexplore.ieee.org/stamp/stamp.jsp?arnumber=7449217","artificial immune;wireless communication;aviation;sensor","","","1","","6","IEEE","9 Apr 2016","17-18 Nov. 2015","17-18 Nov. 2015","IEEE","IEEE Conferences"
"Is ""Better Data"" Better Than ""Better Data Miners""?","A. Agrawal; T. Menzies","Department of Computer Science, North Carolina State University, Raleigh, NC, USA; Department of Computer Science, North Carolina State University, Raleigh, NC, USA",2018 IEEE/ACM 40th International Conference on Software Engineering (ICSE),"2 Sep 2018","2018","","","1050","1061","We report and fix an important systematic error in prior studies that ranked classifiers for software analytics. Those studies did not (a) assess classifiers on multiple criteria and they did not (b) study how variations in the data affect the results. Hence, this paper applies (a) multi-performance criteria while (b) fixing the weaker regions of the training data (using SMOTUNED, which is an auto-tuning version of SMOTE). This approach leads to dramatically large increases in software defect predictions when applied in a 5*5 cross-validation study for 3,681 JAVA classes (containing over a million lines of code) from open source systems, SMOTUNED increased AUC and recall by 60% and 20% respectively. These improvements are independent of the classifier used to predict for defects. Same kind of pattern (improvement) was observed when a comparative analysis of SMOTE and SMOTUNED was done against the most recent class imbalance technique. In conclusion, for software analytic tasks like defect prediction, (1) data pre-processing can be more important than classifier choice, (2) ranking studies are incomplete without such pre-processing, and (3) SMOTUNED is a promising candidate for pre-processing.","1558-1225","978-1-4503-5638-1","10.1145/3180155.3180197","","https://ieeexplore.ieee.org/stamp/stamp.jsp?arnumber=8453183","Search based SE;defect prediction;classification;data analytics for software engineering;SMOTE;imbalanced data;preprocessing","Software;Measurement;Couplings;Tuning;Task analysis;Complexity theory;Software engineering","","61","","71","","2 Sep 2018","27 May-3 June 2018","27 May-3 June 2018","IEEE","IEEE Conferences"
"KST: Executable Formal Semantics of IEC 61131-3 Structured Text for Verification","Y. Huang; X. Bu; G. Zhu; X. Ye; X. Zhu; J. Shi","Shanghai Key Laboratory of Trustworthy Computing, East China Normal University, Shanghai, China; National Trusted Embedded Software Engineering Technology Research Center, East China Normal University, Shanghai, China; National Trusted Embedded Software Engineering Technology Research Center, East China Normal University, Shanghai, China; National Trusted Embedded Software Engineering Technology Research Center, East China Normal University, Shanghai, China; National Trusted Embedded Software Engineering Technology Research Center, East China Normal University, Shanghai, China; Hardware/Software Co-Design Technology and Application Engineering Research Center, East China Normal University, Shanghai, China",IEEE Access,"8 Feb 2019","2019","7","","14593","14602","Programmable logic controllers (PLCs) are special purpose computers designed to perform industrial automation tasks. They require highly reliable control programs, particularly when used in safetycritical systems such as nuclear power stations. In the development of reliable control programs, formal methods are “highly recommended”because the correctness of intended programs can be mathematically proven. Formal methods generally require precise semantics indicating how the program behaves during execution. However, for PLC programming languages, formal semantics is not always available rendering the application of formal methods highly challenging. In this paper, we present formal operational semantics of structured text, a widely used PLC programming language. The semantics is based on the ST language specification provided by IEC 61131-3, a generally acknowledged international standard for PLCs. We define the formal semantics in K which is a rewriting-based semantic framework and has been successfully applied in defining the semantics of many general-purpose programming languages such as C [1] and, Java [2]. We validate our formal semantics by testing examples from the standard and then apply the semantics on the verification of control programs for PLCs.","2169-3536","","10.1109/ACCESS.2019.2894026","Shanghai Science and Technology Committee Rising-Star Program(grant numbers:18QB1402000); National Natural Science Foundation of China(grant numbers:61602178); ","https://ieeexplore.ieee.org/stamp/stamp.jsp?arnumber=8620198","Formal verification;K framework;operational semantics;programmable logic controller","Computer languages;Semantics;Programmable logic devices;Rendering (computer graphics);Reliability;IEC Standards;Task analysis","","9","","33","OAPA","20 Jan 2019","2019","","IEEE","IEEE Journals"
"From off-Line to continuous on-line maintenance","M. Pezzè","Universita della Svizzera Italiana, Lugano, TI, CH",2012 28th IEEE International Conference on Software Maintenance (ICSM),"10 Jan 2013","2012","","","2","3","Software is the cornerstone of the modern society. Many human activities rely on software systems that shall operate seamlessly 24/7, and failures in such systems may cause severe problems and considerable economic loss. To efficiently address a growing variety of increasingly complex activities, software systems rely on sophisticated technologies. Most software systems are assembled from modules and subsystems that are often developed by third party organization, and sometime are not even available at the system build time. This is the case for example of many Web applications that link Web services built and changed independently by third party organizations while the Web applications are running. The progresses of software engineering in the last decades have increased the productivity, reduced the costs and improved the reliability of software products, but have not eliminated the occurrence of field failures. Detecting and removing all faults before deployment is practically too expensive even for systems that are simple and fully available at design time, and impossible when systems are large and complex, and are dynamically linked to modules that may be developed and distributed only after the deployment of the system. The classic stop-and-go maintenance approaches that locate and fix field faults offline before deploying new system versions are important, but not sufficient to guarantee a seamless 24/7 behavior, because the faulty systems remain in operation until the faults have been removed and new systems redeployed [1]. On the other hand, classic fault tolerant approaches that constrain developers' freedom and rely on expensive mechanisms to avoid or mask faults do not match the cost requirements of many modern systems, and do not extend beyond the set of safety critical systems [2]. Self-healing systems and autonomic computing tackle these new challenges by moving activities from design to runtime. In self-healing systems, the borderline between design and runtime activities fades, and both design and maintenance activities must change to enable activities such as fault diagnoses and fixes to be performed fully automatically and at runtime. Maintenance activities rely on information that are usually available at design time are are not part of the system runtime infrastructure. For example, corrective maintenance requires some knowledge about the expected system behavior to locate and fix the faults, while adaptive and perfective maintenance requires some knowledge about libraries and components to identify new modules that better cope with the the changes in the requirements and in the environment. In classic maintenance approaches, this knowledge is mastered by the developers, who gather and use the required information offline to deal with the emerging maintenance problems. In self healing systems the knowledge required for maintenance activities shall be available at runtime. Self healing systems shall be designed with enough embedded knowledge to deal with unplanned events, and shall be able to exploit this information automatically and at runtime to recover from unexpected situations, like field failures. The challenges of designing powerful self-healing systems relies in the ability to minimize the amount of extra knowledge to be provided at design time, while feeding a powerful automatic recovery mechanism. An interesting approach relies on the observation that software systems are redundant by nature, and exploits the intrinsic redundancy of software system to fix faults, thus minimizing the extra effort required at design time to feed the self-healing mechanism [3]. The intrinsic redundancy of software stems from design and reusability practice: the reuse of libraries may results in different ways to achieve the same or similar results, the design for modularity may produce methods with equivalent behavior, backward compatibility may keep deprecated and new implementations in the same system. For example, libraries like Ant and Log4J implement several functionalities already available in the standard Java libraries to improve efficiency or usability, while graphical libraries, like SWT, Swing and AWT, provide overlapping functionality that may be available in systems that include two or more of these libraries. This redundancy is available for free at runtime, and can be exploited both to design self-healing mechanisms that can be automatically activated to solve faulty situations at runtime, and to improve maintenance mechanisms by facilitating failure reproduction and fault localization and fixing.","1063-6773","978-1-4673-2312-3","10.1109/ICSM.2012.6405244","","https://ieeexplore.ieee.org/stamp/stamp.jsp?arnumber=6405244","Self-healing systems;autonomic computing;runtime maintenance;implicit software redundancy","Maintenance engineering;Educational institutions;Runtime;Software systems;Libraries","","","","3","IEEE","10 Jan 2013","23-28 Sept. 2012","23-28 Sept. 2012","IEEE","IEEE Conferences"
"Development and Implementation of Smart Environmental and Safety Monitoring System Using CANBus and MQTT with Real-Time Visualization","A. Djajadi; M. Widjaja; V. Marlino; I. D. Tasdid; B. Martin Wibawa; H. K. Widyadhana","Department of Physics Engineering, Faculty of Engineering and Informatics, Universitas Multimedia Nusantara, Tangerang, Indonesia; Department of Informatics, Faculty of Engineering and Informatics, Universitas Multimedia Nusantara, Tangerang, Indonesia; Department of Informatics, Faculty of Engineering and Informatics, Universitas Multimedia Nusantara, Tangerang, Indonesia; Department of Informatics, Faculty of Engineering and Informatics, Universitas Multimedia Nusantara, Tangerang, Indonesia; Department of Informatics, Faculty of Engineering and Informatics, Universitas Multimedia Nusantara, Tangerang, Indonesia; Department of Informatics, Faculty of Engineering and Informatics, Universitas Multimedia Nusantara, Tangerang, Indonesia",2025 2nd Beyond Technology Summit on Informatics International Conference (BTS-I2C),"25 Feb 2026","2025","","","323","328","Modern smart buildings require deterministic monitoring systems to ensure environmental quality and occupant safety. Conventional wireless protocols like Wi-Fi, ZigBee, and LoRa often suffer from latency and instability, limiting their use in safety-critical applications. Similarly, standard wired protocols like Modbus often lack priority messaging capabilities. This study presents a hybrid monitoring architecture integrating the Controller Area Network (CANBus) and Message Queuing Telemetry Transport (MQTT) protocol. An Arduino Mega transmitter node, interfaced with a multi-modal sensor suite (gas, sound, vibration, temperature, and light), transmits data via CANBus to an ESP32 IoT gateway. The ESP32 aggregates data over 2-second intervals and publishes structured JSON payloads to an MQTT broker for web visualization. Experimental results demonstrate robust performance with a 100% frame capture rate over the local CANBus link, confirming the reliability of the wired protocol for deterministic acquisition. The aggregation mechanism effectively reduced network load while producing stable data streams. The proposed platform offers a cost-effective, scalable, and reliable foundation for smart building monitoring while highlighting the trade-off between data smoothing and transient event detection.","","979-8-3315-7521-2","10.1109/BTS-I2C67944.2025.11399311","","https://ieeexplore.ieee.org/stamp/stamp.jsp?arnumber=11399311","CANBus;Hybrid Communication;IoT Gateway;MQTT;Real-Time Monitoring","Wireless communication;Protocols;Transmitters;Architecture;Data visualization;Logic gates;Real-time systems;Safety;Reliability;Monitoring","","","","30","IEEE","25 Feb 2026","18-18 Dec. 2025","18-18 Dec. 2025","IEEE","IEEE Conferences"
"The SCJ Small Parsimony Problem for Weighted Gene Adjacencies","N. Luhmann; M. Lafond; A. Thévenin; A. Ouangraoua; R. Wittler; C. Chauve","Faculty of Technology and Center for Biotechnology, Bielefeld University, Bielefeld, Germany; Department of Computer Science and Operational Research, Université de Montréal, Montréal, Canada; Genome Informatics Group, Bielefeld University, Bielefeld, Germany; Department of Computer Science, Université de Sherbrooke, Sherbrooke, QC, Canada; Faculty of Technology and Center for Biotechnology, Bielefeld University, Bielefeld, Germany; Department of Mathematics, Simon Fraser University, Burnaby, BC, Canada",IEEE/ACM Transactions on Computational Biology and Bioinformatics,"7 Aug 2019","2019","16","4","1364","1373","Reconstructing ancestral gene orders in a given phylogeny is a classical problem in comparative genomics. Most existing methods compare conserved features in extant genomes in the phylogeny to define potential ancestral gene adjacencies, and either try to reconstruct all ancestral genomes under a global evolutionary parsimony criterion, or, focusing on a single ancestral genome, use a scaffolding approach to select a subset of ancestral gene adjacencies, generally aiming at reducing the fragmentation of the reconstructed ancestral genome. In this paper, we describe an exact algorithm for the Small Parsimony Problem that combines both approaches. We consider that gene adjacencies at internal nodes of the species phylogeny are weighted, and we introduce an objective function defined as a convex combination of these weights and the evolutionary cost under the Single-Cut-or-Join (SCJ) model. The weights of ancestral gene adjacencies can, e.g., be obtained through the recent availability of ancient DNA sequencing data, which provide a direct hint at the genome structure of the considered ancestor, or through probabilistic analysis of gene adjacencies evolution. We show the NP-hardness of our problem variant and propose a Fixed-Parameter Tractable algorithm based on the Sankoff-Rousseau dynamic programming algorithm that also allows to sample co-optimal solutions. We apply our approach to mammalian and bacterial data providing different degrees of complexity. We show that including adjacency weights in the objective has a significant impact in reducing the fragmentation of the reconstructed ancestral gene orders. An implementation is available at http://github.com/nluhmann/PhySca.","1557-9964","","10.1109/TCBB.2017.2661761","International DFG Research Training Group(grant numbers:GRK 1906/1); NSERC(grant numbers:RGPIN-249834); ","https://ieeexplore.ieee.org/stamp/stamp.jsp?arnumber=7837680","Comparative genomics;ancestral reconstruction;parsimony;genome rearrangements","Genomics;Labeling;Phylogeny;Sequential analysis;Heuristic algorithms;Vegetation;Extremities","Algorithms;Animals;Biological Evolution;Computational Biology;Computer Simulation;Databases, Genetic;Evolution, Molecular;Gene Order;Genetic Markers;Genome, Bacterial;Genomics;Models, Genetic;Opossums;Phylogeny;Plasmids;Probability;Reproducibility of Results;Swine;Yersinia","7","","37","OAPA","31 Jan 2017","1 July-Aug. 2019","","IEEE","IEEE Journals"
"Automated Requirements Traceability: The Study of Human Analysts","D. Cuddeback; A. Dekhtyar; J. Hayes","Computer Science Department, California Polytechnic State University, San Louis Obispo, CA, USA; Computer Science Department, California Polytechnic State University, San Louis Obispo, CA, USA; Computer Science Department, University of Kentucky, Lexington, KY, USA",2010 18th IEEE International Requirements Engineering Conference,"15 Nov 2010","2010","","","231","240","The requirements traceability matrix (RTM) supports many software engineering and software verification and validation (V&V) activities such as change impact analysis, reverse engineering, reuse, and regression testing. The generation of RTMs is tedious and error-prone, though, thus RTMs are often not generated or maintained. Automated techniques have been developed to generate candidate RTMs with some success. When using RTMs to support the V&V of mission-or safety-critical systems, however, a human analyst must vet the candidate RTMs. The focus thus becomes the quality of the final RTM. This paper investigate show human analysts perform when vetting candidate RTMs. Specifically, a study was undertaken at two universities and had 26 participants analyze RTMs of varying accuracy for a Java code formatter program. The study found that humans tend to move their candidate RTM toward the line that represents recall = precision. Participants who examined RTMs with low recall and low precision drastically improved both.","2332-6441","978-1-4244-8022-7","10.1109/RE.2010.35","","https://ieeexplore.ieee.org/stamp/stamp.jsp?arnumber=5636537","traceability;requirements;information retrieval;decision support","Humans;Accuracy;Training;Information retrieval;Computer science;Software;Large scale integration","","68","","17","IEEE","15 Nov 2010","27 Sept.-1 Oct. 2010","27 Sept.-1 Oct. 2010","IEEE","IEEE Conferences"
"An approach to analyzing adaptive intelligent vehicle system using SMT solver","Y. Fu; M. H. Shuvo","Department of Electrical Engineering & Computer Science, Alabama A&M University, Normal, AL; Department of Electrical Engineering & Computer Science, Alabama A&M University, Normal, AL","2016 International Conference on Control, Decision and Information Technologies (CoDIT)","20 Oct 2016","2016","","","313","319","Self-adaptive intelligent vehicle system has become more attractive due to its capability of adaptation to varying and stochastic environments in an efficient and autonomous manner. The dynamic demeanor in adaptation and reconfiguration of intelligent vehicle systems will facilitate the existing federal and civil construction in better planning as well as in abbreviating the huge amount of budget of government and will ameliorate and impoverish the day to day lifestyle of mass generation with enhanced efficiency in green-energy oriented transportation systems. However, such systems may be prone to runtime failures when the overall environmental dynamics as well as the required parameters cannot be adequately considered during design time. In this project, we have examined and investigated the typical safety critical issues using SMT solver on a speed synchronization racing car example in both design and implementation level. In the design level, a Petri Net model is adopted as the high level abstraction of the racing car. In the implementation level, the system was developed in Java and Lejos package since the application toolkit is LEGO mindstorm EV3 robotic kit. In addition to this, both a set of safety properties and Petri Net model was rewritten in Z3 specification, where the safety properties are verified against the system model. The observed results of the specified properties have demonstrated that all required system constraints for hardware and firmware were analyzed and verified on an optimized version of Petri Net model of the system. This is the first time, from our literature review, to see the validation of the both design and implementation level using SMT Solver. Furthermore, this result has provided strong and rigid foundation for the runtime verification of cyber physical systems.","","978-1-5090-2188-8","10.1109/CoDIT.2016.7593580","","https://ieeexplore.ieee.org/stamp/stamp.jsp?arnumber=7593580","SMT solver;Petri Net;cyber physical system;adaptation;concurrency;formal verification","Automobiles;Petri nets;Safety;Intelligent vehicles;Synchronization;Control systems","","4","","23","IEEE","20 Oct 2016","6-8 April 2016","6-8 April 2016","IEEE","IEEE Conferences"
"Strategies for product-line verification: Case studies and experiments","S. Apel; A. von Rhein; P. Wendler; A. Größlinger; D. Beyer","University of Passau, Germany; University of Passau, Germany; University of Passau, Germany; Universitat Passau, Passau, Bayern, DE; University of Passau, Germany",2013 35th International Conference on Software Engineering (ICSE),"26 Sep 2013","2013","","","482","491","Product-line technology is increasingly used in mission-critical and safety-critical applications. Hence, researchers are developing verification approaches that follow different strategies to cope with the specific properties of product lines. While the research community is discussing the mutual strengths and weaknesses of the different strategies — mostly at a conceptual level — there is a lack of evidence in terms of case studies, tool implementations, and experiments. We have collected and prepared six product lines as subject systems for experimentation. Furthermore, we have developed a model-checking tool chain for C-based and Java-based product lines, called SPLverifier, which we use to compare sample-based and family-based strategies with regard to verification performance and the ability to find defects. Based on the experimental results and an analytical model, we revisit the discussion of the strengths and weaknesses of product-line-verification strategies.","1558-1225","978-1-4673-3076-3","10.1109/ICSE.2013.6606594","","https://ieeexplore.ieee.org/stamp/stamp.jsp?arnumber=6606594","","Electronic mail;Cryptography;Java;Encoding;Feature extraction;Analytical models;Data structures","","73","","30","IEEE","26 Sep 2013","18-26 May 2013","18-26 May 2013","IEEE","IEEE Conferences"
"Verilog Code Generation Scheme from Signal Language","H. M. Amjad; J. Niu; K. Hu; N. Akram; L. Besnard","School of Computer Science & Engineering, Beihang University, Beijing, China; School of Computer Science & Engineering, Beihang University, Beijing, China; School of Computer Science & Engineering, Beihang University, Beijing, China; School of Computer Science & Engineering, Beihang University, Beijing, China; Campus de Beaulieu, Univ. Rennes, CNRS, IRISA, France, Rennes, France",2019 16th International Bhurban Conference on Applied Sciences and Technology (IBCAST),"18 Mar 2019","2019","","","457","462","Signal is a high-level declarative data flow language and has been successfully used for the design and implementation of reactive safety-critical embedded systems. The verified automatic code can be generated for various languages (C, C++, and Java) from the open source Signal framework (Polychrony Toolset). However, open source tool for automatic code generation from Signal language to Hardware Description Languages (HDLs) is not available. In this paper, we present a methodology of code generation from Signal language to Verilog. Verilog code is generated from the transformed Signal program based on guard's hierarchy and their associated sub-graph. Hardware structure is by default concurrent in nature; therefore, it is well-suited to generate code from Signal to HDL. It will provide more options for the designer when some part or complete application is required to be implemented in hardware.","2151-1411","978-1-5386-7729-2","10.1109/IBCAST.2019.8667266","","https://ieeexplore.ieee.org/stamp/stamp.jsp?arnumber=8667266","Embedded systems;safety-critical;Verilog;HDL;Signal language;code generation","Java;Codes;Embedded systems;C++ languages;Tools;Hardware;Software","","3","","24","IEEE","18 Mar 2019","8-12 Jan. 2019","8-12 Jan. 2019","IEEE","IEEE Conferences"
"Light-Weight API-Call Safety Checking for Automotive Control Software Using Constraint Patterns","D. Kim; Y. Choi","School of Computer Science and Engineering Kyungpook, National University, Daegu, Republic of Korea; School of Computer Science and Engineering Kyungpook, National University, Daegu, Republic of Korea",2016 6th International Conference on IT Convergence and Security (ICITCS),"10 Nov 2016","2016","","","1","5","We present a background constraint checker that helps to detect constraint violations regarding API call sequences in automotive software development. Our tool traces API call sequences in a program and warns programmers if they violate pre-defined constraint patterns identified from international standard for automotive operating systems. The background constraint checker implements constraint patterns as C library functions and uses the model checker CBMC as its underlying checking engine. The tool is developed in JAVA and is validated through a series of experiments.","","978-1-5090-3765-0","10.1109/ICITCS.2016.7740348","","https://ieeexplore.ieee.org/stamp/stamp.jsp?arnumber=7740348","","Libraries;Automata;Safety;Automotive engineering;Operating systems;Standards;Monitoring","","3","","12","IEEE","10 Nov 2016","26-26 Sept. 2016","26-26 Sept. 2016","IEEE","IEEE Conferences"
"UniComp: A Semantics-Aware Model Compiler for Optimised Predictable Software","F. Ciccozzi","IDT, Mälardalen University, Västerås, Sweden",2018 IEEE/ACM 40th International Conference on Software Engineering: New Ideas and Emerging Technologies Results (ICSE-NIER),"23 Aug 2018","2018","","","41","44","In Model-Driven Engineering, executables are generated from domain-specific modelling languages (DSMLs) through two steps: generation of program code in a third-generation programming languages (3GLs, like C++ or Java) from a model, and compilation of the generated code to object code. 3GL code generation raises three issues. (1) Code generators are DSML- and 3GL-specific, hence they can not be used for other DSMLs or 3GLs than those they were designed for. (2) Existing code generators do not exploit model semantics; hence, 3GL programs do not always semantically reflect models. (3) Existing 3GL compilers are unable to exploit model semantics; hence, they are not able to operate model-specific optimisations. (2) and (3) seriously threaten predictability of the generated executables. We advocate the need and provides a solution proposal for an innovative model compilation framework based on model semantics to produce executables without translations to 3GLs. Model compilation will be based on a common semantics, the Semantics of a Foundational Subset for Executable UML Models (fUML), and will semantically underpin any DSML whose execution semantics can be specified with fUML.","","978-1-4503-5662-6","","","https://ieeexplore.ieee.org/stamp/stamp.jsp?arnumber=8444834","UML;ALF;fUML;compilation;model-driven engineering;predictability;semantics","Unified modeling language;Semantics;Analytical models;Generators;Predictive models;Optimization;Software","","1","","34","","23 Aug 2018","27 May-3 June 2018","27 May-3 June 2018","IEEE","IEEE Conferences"
"Performance assessment of GPS augmentation systems","R. L. Houghton; T. P. Strelich; C. M. Cluff; J. C. Valine","Illgen Simulation Technologies, Inc., Goleta, CA, USA; Illgen Simulation Technologies, Inc., Goleta, CA, USA; Illgen Simulation Technologies, Inc., Goleta, CA, USA; Illgen Simulation Technologies, Inc., Goleta, CA, USA",IEEE Oceanic Engineering Society. OCEANS'98. Conference Proceedings (Cat. No.98CH36259),"6 Aug 2002","1998","3","","1340","1343 vol.3","GPS augmentation systems such as the Wide-Area Augmentation System (WAAS) require independent performance evaluation. ISTI has developed the Performance Assessment System (PAS) for the FAA to independently monitor and evaluate the performance of the WAAS. The PAS uses National Satellite Test Bed (NSTB) receiver output, plus other sources of independent data, to calculate WAAS-compliant user position solutions. Accuracy and integrity performance is determined in near real-time from user position solutions distributed throughout the WAAS service volume. PAS is currently being enhanced to include near real-time ionospheric displays including a total electron content (TEC) map and independent evaluation of the ionospheric correction and the grid ionospheric vertical error (GIVE). The PAS is implemented as an n-tier, client-server, distributed software application using the Internet, Java, and the common object request brokering architecture (CORBA) as the core implementation technologies to make PAS capabilities available over the World Wide Web.","","0-7803-5045-6","10.1109/OCEANS.1998.726286","","https://ieeexplore.ieee.org/stamp/stamp.jsp?arnumber=726286","","Global Positioning System;FAA;Monitoring;Satellites;Testing;Displays;Electrons;Error correction;Application software;Internet","","1","2","","IEEE","6 Aug 2002","28 Sept.-1 Oct. 1998","28 Sept.-1 Oct. 1998","IEEE","IEEE Conferences"
"Proceedings of the Fourth International Conference on Parallel and Distributed Computing, Applications and Technologies (IEEE Cat. No.03EX684)","",,"Proceedings of the Fourth International Conference on Parallel and Distributed Computing, Applications and Technologies","20 Oct 2003","2003","","","","","The following topics are dealt with: IP networks; QoS; routing protocols; interconnection networks; Internet; packet switching; network routing; queuing theory; open systems; fault tolerant computing; network management; computational complexity; ad hoc network; mobile agents; ATM network; mobile computing; WDM; network topology; CDMA; message passing; processor scheduling; client-server system; XML; workstation clusters; grid computing; parallel algorithms; distributed algorithms; parallel computing applications; Java; multithreading; telecommunication network security; and distributed architecture.","","0-7803-7840-7","10.1109/PDCAT.2003.1236246","","https://ieeexplore.ieee.org/stamp/stamp.jsp?arnumber=1236246","","Computer networks;Parallel processing","","1","","","IEEE","20 Oct 2003","29-29 Aug. 2003","29-29 Aug. 2003","IEEE","IEEE Conferences"
"On the Use of Component-Based Principles and Practices for Architecting Cyber-Physical Systems","I. Crnkovic; I. Malavolta; H. Muccini; M. Sharaf","Chalmers and Mälardalen University, Gothenburg and Västerås, Sweden; Gran Sasso Science Institute, L'Aquila, Italy; DISIM Departments, University of L'Aquila, Italy; DISIM Departments, University of L'Aquila, Italy",2016 19th International ACM SIGSOFT Symposium on Component-Based Software Engineering (CBSE),"23 Jun 2016","2016","","","23","32","By focussing on Cyber Physical Systems (CPS), this paper investigates how component-based principles and practices are used and support the activity of architecting CPS. For doing so, by running a systematic process, we selected 49 primary studies from the most important publishers search engines. Those papers have been analyzed and their contents classified according to the Classification Framework for Component Models proposed in our previous work. The results show that the main concerns handled by CPS component models are those of integration, performance, and maintainability. The instruments to satisfy those concerns, while architecting CPS, are ad-hoc software/system architecture, model-based approaches, architectural and component languages, and design. The IEC 61499 standard with its functions block is remarkably used to drive the work on six papers. Java is the most frequently used programming language used for implementing the components. Components are deployed mostly at compile time. Interfaces are almost equally distributed into port-based and operation-based. Overall, the results show a transition of technologies and approaches used in Embedded Systems to CPS, but still lacking methods for integrated architecting, in particular in incremental development.","","978-1-5090-2569-5","10.1109/CBSE.2016.9","","https://ieeexplore.ieee.org/stamp/stamp.jsp?arnumber=7497427","Component-Based Software Engineering;Cyber-Physical Systems;Systematic Literature Review","Data mining;Software engineering;Protocols;Embedded systems;Cyber-physical systems;Systematics;Electronic mail","","18","","13","IEEE","23 Jun 2016","5-8 April 2016","5-8 April 2016","IEEE","IEEE Conferences"
"A Multi-objective Metaheuristic Approach to Search-Based Stress Testing","N. Gois; P. Porfírio; A. Coelho","Serviço Federal de Processamento de Dados Av. Pontes Vieira, Fortaleza, CE, Brazil; Universidade de Fortaleza Av. Washington Soares, Fortaleza, CE, Brazil; Universidade de Fortaleza Av. Washington Soares, Fortaleza, CE, Brazil",2017 IEEE International Conference on Computer and Information Technology (CIT),"14 Sep 2017","2017","","","55","62","Nowadays applications need to deal with a large number of concurrent requests. These systems must be stress tested to ensure that they can function correctly under a load. In this context, a research field called Search-based Software Testing has become increasingly important. Most of the search-based test methods are based on single objective optimization. In the case of multi-objective optimization of tests, usually researchers assign different weight values to different objectives and combine them as a single objective. This research paper verifies the use of a multi-objective algorithm in search-based stress testing. The NSGA-II algorithm was implemented in the IAdapter tool using the jMetal framework. IAdapter is a JMeter plugin used for performing search-based stress tests. jMetal is an object-oriented Java-based framework for multi-objective optimization with metaheuristics. One experiment was conducted to validate the proposed approach.","","978-1-5386-0958-3","10.1109/CIT.2017.19","","https://ieeexplore.ieee.org/stamp/stamp.jsp?arnumber=8031452","Multi-Objective Metaheuristic;Search-Based Stress Test;Pareto Frontier","Testing;Stress;Load modeling;Search problems;Time factors;Software;Genetic algorithms","","2","","36","IEEE","14 Sep 2017","21-23 Aug. 2017","21-23 Aug. 2017","IEEE","IEEE Conferences"
"Automated test case generation for an autopilot requirement prototype","D. Giannakopoulou; N. Rungta; M. Feary","NASA Ames Research Center, Moffett Field, CA, USA; NASA Ames Research Center, Moffett Field, CA, USA; NASA Ames Research Center, Moffett Field, CA, USA","2011 IEEE International Conference on Systems, Man, and Cybernetics","21 Nov 2011","2011","","","1825","1830","Designing safety-critical automation with robust human interaction is a difficult task that is susceptible to a number of known Human-Automation Interaction (HAI) vulnerabilities. It is therefore essential to develop automated tools that provide support both in the design and rapid evaluation of such automation. The Automation Design and Evaluation Prototyping Toolset (ADEPT) enables the rapid development of an executable specification for automation behavior and user interaction. ADEPT supports a number of analysis capabilities, thus enabling the detection of HAI vulnerabilities early in the design process, when modifications are less costly. In this paper, we advocate the introduction of a new capability to model-based prototyping tools such as ADEPT. The new capability is based on symbolic execution that allows us to automatically generate quality test suites based on the system design. Symbolic execution is used to generate both user input and test oracles; user input drives the testing of the system implementation, and test oracles ensure that the system behaves as designed. We present early results in the context of a component in the Autopilot system modeled in ADEPT, and discuss the challenges of test case generation in the HAI domain.","1062-922X","978-1-4577-0653-0","10.1109/ICSMC.2011.6083936","","https://ieeexplore.ieee.org/stamp/stamp.jsp?arnumber=6083936","human computer interactions;symbolic execution;testing;formal methods","Java;Automation;Presses;Semantics;Prototypes;Analytical models","","6","","24","IEEE","21 Nov 2011","9-12 Oct. 2011","9-12 Oct. 2011","IEEE","IEEE Conferences"
"Incremental Checkpointing with Application to Distributed Discrete Event Simulation","T. H. Feng; E. A. Lee","Center for Hybrid and Embedded Software Systems, Department of Electrical Engineering and Computer Sciences, University of California, Berkeley, CA, USA; Center for Hybrid and Embedded Software Systems, Department of Electrical Engineering and Computer Sciences, University of California, Berkeley, CA, USA",Proceedings of the 2006 Winter Simulation Conference,"5 Mar 2007","2006","","","1004","1011","Checkpointing is widely used in robust fault-tolerant applications. We present an efficient incremental checkpointing mechanism. It requires to record only the state changes and not the complete state. After the creation of a checkpoint, state changes are logged incrementally as records in memory, with which an application can spontaneously roll back later. This incrementalism allows us to implement checkpointing with high performance. Only small constant time is required for checkpoint creation and state recording. Rollback requires linear time in the number of recorded state changes, which is bounded by the number of state variables times the number of checkpoints. We implement a Java source transformer that automatically converts an existing application into a behavior-preserving one with checkpointing functionality. This transformation is application-independent and application-transparent. A wide range of applications can benefit from this technique. Currently, it has been used for distributed discrete event simulation using the time warp technique","1558-4305","1-4244-0500-9","10.1109/WSC.2006.323188","","https://ieeexplore.ieee.org/stamp/stamp.jsp?arnumber=4117712","","Checkpointing;Discrete event simulation;Application software;Java;Robustness;Fault tolerance;Databases;Computer crashes;Protection;Computational modeling","","6","1","16","IEEE","5 Mar 2007","3-6 Dec. 2006","3-6 Dec. 2006","IEEE","IEEE Conferences"
"Towards a Model Compilation Framework Based on a Unified Model Execution Semantics","F. Ciccozzi","School of Innovation, Design and Engineering Mälardalen University, Västerås, Sweden",2017 IEEE/ACM 39th International Conference on Software Engineering Companion (ICSE-C),"3 Jul 2017","2017","","","350","352","Due to the increasing complexity of software systems, model-driven engineering has been introduced to shift the developer's focus from machine-centric program code to human-centric models of the software under development. In model-driven approaches, program code in conventional programming languages (e.g., C++, Java) is commonly generated from models and then compiled or interpreted. Intermediate translation of models to program code raises two fundamental issues: (1) semantic inconsistency and information loss between an executable and its source model, and (2) suboptimality of executables, since compilers are unable to exploit model semantics. These issues are not tolerable in embedded real-time and safety-critical applications. To tame them, we propose direct compilation of models bypassing intermediate translations to conventional programming languages.","","978-1-5386-1589-8","10.1109/ICSE-C.2017.125","","https://ieeexplore.ieee.org/stamp/stamp.jsp?arnumber=7965355","UML;ALF;fUML;compilation;model-driven engineering","Unified modeling language;Semantics;Generators;Optimization;Standards;Analytical models;Software","","","","10","IEEE","3 Jul 2017","20-28 May 2017","20-28 May 2017","IEEE","IEEE Conferences"
"Revisiting Test Cases to Boost Generate-and-Validate Program Repair","J. Zhang; K. Liu; D. Kim; L. Li; Z. Liu; J. Klein; T. F. Bissyandé","Nanjing University of Aeronautics and Astronautics, Nanjing, China; Nanjing University of Aeronautics and Astronautics, Nanjing, China; Kyungpook National University, Daegu, South Korea; Monash University, Melbourne, Australia; Nanjing University of Aeronautics and Astronautics, Nanjing, China; Interdisciplinary Centre for Security, Reliability and Trust (SnT), University of Luxembourg, Luxembourg; Interdisciplinary Centre for Security, Reliability and Trust (SnT), University of Luxembourg, Luxembourg",2021 IEEE International Conference on Software Maintenance and Evolution (ICSME),"24 Nov 2021","2021","","","35","46","Fault localization produces bug positions as the basic input for many automated program repair (APR) systems. Given that test cases are the common means that automatic fault localization techniques leverage, we investigate the impact of their characteristics (in terms of quality and quantity) on APR. In particular, we analyze the statements that appear in crash stack traces when test cases fail (note that stack traces are available when an ordinary test case fails since its verdict is often made by assertions that produce errors such as AssertError in Java and JUnit), and explore the possibility of using some relevant crash information to enhance fault localization; this ultimately improves the effectiveness of APR tools. Our study reveals that the considered state-of-the-art APR systems achieve the best performance when fixing bugs associated with boolean type expected values (e.g., assertTrue ()) or assertFalse(). In contrast, they achieve their worst performance when addressing bugs related to null check assertions. Meanwhile, null check bugs as well as the bugs associated with boolean and string type expected values are still the main challenge that should be addressed by the future APR. For exception throwing bugs, existing APR systems present the best performance on fixing NullPointerException bugs, while the tough task of them is to resolve the bugs throwing developer-defined exceptions. The information in stack traces after executing the bug-triggering test cases can be used to effectively improve the performance on fault localization and program repair.","2576-3148","978-1-6654-2882-8","10.1109/ICSME52107.2021.00010","","https://ieeexplore.ieee.org/stamp/stamp.jsp?arnumber=9609138","Automated program repair;test case;fault localization","Location awareness;Software maintenance;Java;Computer bugs;Manuals;Debugging;Maintenance engineering","","4","","61","IEEE","24 Nov 2021","27 Sept.-1 Oct. 2021","27 Sept.-1 Oct. 2021","IEEE","IEEE Conferences"
"Two architectures for testing distributed real-time systems","S. H. Siddiquee; A. En-Nouaary","Department of electrical and computer engineering, Concordia University, Montreal, Canada; Department of electrical and computer engineering, Concordia University, Montreal, Canada",2006 2nd International Conference on Information & Communication Technologies,"16 Oct 2006","2006","2","","3388","3393","A real-time system is a system that is required to react to stimuli from the environment within time intervals dictated by the environment. In real-time applications, the timing requirements are the main constraints and their mastering is the predominant factor for assessing the quality of service. The safety-critical nature of their domain and their inherent complexity advocate the use of formal methods in the software development process. Testing is one of the formal techniques that can be used to ensure the quality ofreal-time systems. This paper addresses andproposes a centralized architecture and a distributed architecture for the execution of test cases on distributed real-time systems. These two architectures are implemented in CORBA and JAVA. The specification model used is n-ports Timed Input Output Automata, a variant of timed automata of Alur and Dill [1].","","0-7803-9521-2","10.1109/ICTTA.2006.1684961","","https://ieeexplore.ieee.org/stamp/stamp.jsp?arnumber=1684961","","System testing;Real time systems;Computer architecture;Automata;Synchronization;Java;Timing;Quality of service;Application software;Programming","","1","","15","IEEE","16 Oct 2006","24-28 April 2006","24-28 April 2006","IEEE","IEEE Conferences"
"Robust Beamforming for Sensing Assisted Integrated Communication and Jamming Systems","J. Gu; G. Ding; H. Wang; Y. Xu","College of Communications Engineering, Army Engineering University of PLA, Nanjing, China; College of Communications Engineering, Army Engineering University of PLA, Nanjing, China; College of Communications Engineering, Army Engineering University of PLA, Nanjing, China; College of Communications Engineering, Army Engineering University of PLA, Nanjing, China",IEEE Transactions on Vehicular Technology,"17 Oct 2023","2023","72","10","13649","13654","This paper investigates the robust beamforming design problem in a sensing assisted integrated communication and jamming (ICAJ) system, which aims to minimize the transmission energy consumption in a time duration while ensuring the communication requirements for multiple legitimate users and jamming demands for the suspicious network with multiple communication groups. To achieve these goals, we first design a sensing-communication and jamming (SCJ) protocol. Then, a robust beamforming design problem with both communication and jamming channel state information (CSI) estimation error is formulated as a non-convex optimization. To solve it, a joint optimization (JO) algorithm is developed to jointly optimize the beamforming matrices of communication and jamming, by leveraging the General S-procedure, Schur' complement and General Sign-definiteness techniques. Simulation results show that the proposed SCJ protocol with JO algorithm has superior performance, as compared to benchmark methods.","1939-9359","","10.1109/TVT.2023.3271437","National Natural Science Foundation of China(grant numbers:U20B2038,62231027,62171462,61931011,62001514,62271501); ","https://ieeexplore.ieee.org/stamp/stamp.jsp?arnumber=10111027","Robust beamforming design;integrated communication and jamming (ICAJ);sensing-communication and jamming (SCJ) protocol;general S-procedure;CSI error","Jamming;Sensors;Protocols;Array signal processing;Optimization;Interference;Base stations","","18","","29","IEEE","28 Apr 2023","Oct. 2023","","IEEE","IEEE Journals"
"Reliability Analysis of Operating Systems and Software Stack for Embedded Systems","T. Santini; L. Carro; F. Rech Wagner; P. Rech","Wilhelm-Schikard-Institute for Computer Science, University of Tübingen, Germany; Institute of Informatics, Federal University of Rio Grande do Sul (UFRGS), Brazil; Institute of Informatics, Federal University of Rio Grande do Sul (UFRGS), Brazil; Institute of Informatics, Federal University of Rio Grande do Sul (UFRGS), Brazil",IEEE Transactions on Nuclear Science,"16 Aug 2016","2016","63","4","2225","2232","In this paper, we investigate how the presence of a general purpose operating system influences the reliability of modern embedded Systems-on-Chips (SoCs). We experimentally study the difference in the neutron-induced error rate of SoCs when executing the application bare to the metal (i.e., without an underlying operating system) and on top of the Linux kernel. Our analysis demonstrates that Linux presence barely affects the Silent Data Corruption (SDC) rate whereas it greatly increases the system Functional Interruption (SEFI) rate (up to 7.48 times) if no preventive measures are taken. Nevertheless, we experimentally demonstrate that cache conflicts between the operating system and application can be leveraged to significantly reduce the Linux-induced SEFI rate increase. Moreover, we evaluate the OS software stack masking effect and show that the higher the abstraction layer in which an application is implemented, the lower its SDC rate. Furthermore, we analyze system reliability taking into account not only the resulting failure rates, but also the execution (and, thus, exposure) times.","1558-1578","","10.1109/TNS.2015.2513384","","https://ieeexplore.ieee.org/stamp/stamp.jsp?arnumber=7438934","Neutron radiation effects;operating systems;software reliability","Linux;Embedded systems;Software reliability;Metals","","33","","21","IEEE","22 Mar 2016","Aug. 2016","","IEEE","IEEE Journals"
"Detecting Compiler Error Recovery Defects via Program Mutation Exploration","Y. Tang; J. Zhang; X. Li; Z. Huang; H. Jiang","College of Computer Science and Technology, Nanjing University of Aeronautics and Astronautics, Nanjing, China; College of Computer Science and Technology, Nanjing University of Aeronautics and Astronautics, Nanjing, China; School of Software, Dalian University of Technology (DUT), Dalian, China; College of Computer Science and Technology, Nanjing University of Aeronautics and Astronautics, Nanjing, China; School of Software, Dalian University of Technology (DUT), Dalian, China",IEEE Transactions on Software Engineering,"13 Feb 2025","2025","51","2","389","412","Compiler error recovery diagnostics facilitates software development as it provides the possible causes and suggestions on potential programming errors. However, due to compiler bugs, error recovery diagnostics could be erroneous, spurious, missing, or even crashing for mature production compilers like GCC and Clang. Compiler testing is one of the most widely used ways of ensuring its quality. However, existing compiler diagnostics testing approaches (e.g., DIPROM) only consider the typically syntactically valid test programs as inputs, which are unlikely to trigger compiler error recovery defects. Therefore, in this paper, we propose the first mutation based approach for Compiler Error Recovery diagnostics Testing, called CERTest. Specifically, CERTest first explores the mutation space for a given seed program, and leverages a series of mutation configurations (which are referred as a series of mutators applying for a seed) to iteratively mutate the structures of the seed, so as to generate error-sensitive program variants for triggering compiler error recovery mechanisms. To effectively construct error-sensitive structures, CERTest then applies a novel furthest-first based selection approach to select a set of representative mutation configurations to generate program variants in each iteration. With the generated program variants, CERTest finally leverages differential testing to detect error recovery defects in different compilers. The experiments on GCC and Clang demonstrate that CERTest outperforms five state-of-the-art approaches (i.e., DIPROM, Ccoft, Clang-fuzzer, AFL++, and HiCOND) by up to 13.10%$\sim$∼221.61% on average in the term of bug-finding capability, and CERTest detects 9 new error recovery defects, 5 of which have been confirmed or fixed by developers.","1939-3520","","10.1109/TSE.2024.3510912","National Natural Science Foundation of China(grant numbers:62302212,62032004,62272225); Natural Science Foundation of Jiangsu Province(grant numbers:BK20230877); Key Program of the National Natural Science Foundation of China(grant numbers:U224120044); ","https://ieeexplore.ieee.org/stamp/stamp.jsp?arnumber=10794601","Compiler testing;test program generation;program mutation;differential testing","Program processors;Codes;Testing;Programming;Periodic structures;Software development management;Software;Java;Internet;Computer languages","","","","53","IEEE","11 Dec 2024","Feb. 2025","","IEEE","IEEE Journals"
"Assurance for Integrating Advanced Algorithms in Autonomous Safety-Critical Systems","M. Stafford; S. Bhattacharyya; M. Clark; N. Neogi; T. C. Eskridge","Department of Computer Science, Florida Institute of Technology, Melbourne, FL, USA; Department of Computer Science, Florida Institute of Technology, Melbourne, FL, USA; Galois Inc., Dayton, OH, USA; NASA Langley Research Center, Hampton, VA, USA; Department of Computer Science, Florida Institute of Technology, Melbourne, FL, USA",IEEE Systems Journal,"9 Dec 2021","2021","15","4","4852","4863","Although advanced algorithms are needed to enable increasingly autonomous civil aviation applications, there are limitations in assurance technologies, which must be addressed to gain trust in the performance of these algorithms. This gap emphasizes the need to guarantee safety by capturing performance boundaries, as these algorithms are integrated. Additionally, multiple similar algorithms might need to be executed sequentially or concurrently to accomplish a mission or provide guidance for safety-critical operations. The selection among algorithm functionalities is a complex and critical activity that needs to be systematically designed and analyzed before actual implementation. Toward this end, we discuss our proposed process, which includes formally modeling abstractions of the algorithms in an architectural framework, then identifying the key performance parameters, followed by verification of the composition of these algorithms with formal contracts based on assumptions and guarantees. Finally, to reduce the gap between design and implementation, an automated translation from the architectural model to source code has been developed, which is a Java-based outline of the implementation. We demonstrate our compositional approach in assuring the behavior of an autonomous aerial system via a collision avoidance case study with advanced algorithms to handle critical emerging situations.","1937-9234","","10.1109/JSYST.2020.3023286","Harris Institute of Assured Information; Florida Institute of Technology; ","https://ieeexplore.ieee.org/stamp/stamp.jsp?arnumber=9212655","Architecture design analysis;automated reasoning;autonomous system design;formal methods","Computer architecture;Monte Carlo methods;Cognition;Software engineering;Safety;Software algorithms;Autonomous systems","","","","31","IEEE","5 Oct 2020","Dec. 2021","","IEEE","IEEE Journals"
"Using JavaBeans to Realize a Domain-Specific Component Model","J. Feljan; J. Carlson; M. Žagar","Mälardalen Real-Time Research Centre, Mälardalen University, Sweden; Mälardalen Real-Time Research Centre, Mälardalen University, Sweden; Fac. of Electr. Eng. & Comput., Univ. of Zagreb, Zagreb, Croatia",2009 35th Euromicro Conference on Software Engineering and Advanced Applications,"8 Dec 2009","2009","","","474","477","SaveCCM is a domain-specific component model developed specifically for safety-critical hard real-time embedded systems in the vehicular domain. This paper expands the scope of SaveCCM to make it usable also outside this narrow domain, as the general concepts behind SaveCCM are applicable for a wider range of embedded systems. We describe the extensions made to SaveCCM in order to adjust it to a broader scope, focusing on a new realization mechanism. In its original form, SaveCCM systems are realized by components being grouped and transformed into real-time tasks. We propose an alternative realization of SaveCCM - by transformation to JavaBeans, which makes the executable system more general and portable, and maintains the structure of the component-based design.","2376-9505","978-0-7695-3784-9","10.1109/SEAA.2009.22","","https://ieeexplore.ieee.org/stamp/stamp.jsp?arnumber=5350026","component-based software engineering;embedded systems;SaveCCM;JavaBeans","Java;Embedded system;Real time systems;Power system modeling;Software engineering;Switches;Joining processes;Delay;Application software;Embedded computing","","1","","12","IEEE","8 Dec 2009","27-29 Aug. 2009","27-29 Aug. 2009","IEEE","IEEE Conferences"
"Care, feeding and growth of software systems","M. Joseph","Tata Consultancy Services Limited, India","Proceedings of the Second International Conference on Software Engineering and Formal Methods, 2004. SEFM 2004.","25 Oct 2004","2004","","","186","","The attention of practitioners and proponents of the use of formal methods has for a long time been focused on relatively small and complex applications. The hardware domain lends itself well to this and it has therefore been the target of some of the most significant applications of formal methods. The software applications that have typically been considered are for safety-critical systems though there have also been some experiments in the specification of parts of large subsystems, such as CICS.","","0-7695-2222-X","10.1109/SEFM.2004.1347519","","https://ieeexplore.ieee.org/stamp/stamp.jsp?arnumber=1347519","","Software systems;Application software;Software maintenance;Costs;Java;Error correction;Programming;Hardware;Software safety;Computer industry","","","","","IEEE","25 Oct 2004","30-30 Sept. 2004","30-30 Sept. 2004","IEEE","IEEE Conferences"
"Research on the necking effect of pulse current on Shaped-charge Jet in passive electromagnetic armor","W. Qi; B. Lei; Z. Li; X. -C. Yuan; H. Li","Shijiazhuang Mechanical Engineering College, Shijiazhuang, China; Shijiazhuang Mechanical Engineering College, Shijiazhuang, China; Shijiazhuang Mechanical Engineering College, Shijiazhuang, China; Shijiazhuang Mechanical Engineering College, Shijiazhuang, China; Military Representative Office, Factory Taiyuan, China",2014 17th International Symposium on Electromagnetic Launch Technology,"13 Oct 2014","2014","","","1","6","When Shaped-charge Jet (SCJ) penetrates front armor and approach to back armor, powerful pulse current flows it immediately and produces θ magnetic field simultaneously. Due to the effect of electromagnetic force F = J × B, the necking of SCJ occurs and leads to the breakup of SCJ into individual fragments and the penetration capability of SCJ is decreased significantly. In this paper, in order to improve defense capability of the passive electromagnetic armor against SCJ, the necking mechanism of the high-temperature SCJ is studied through Maxwell's equations and elastic-plastic constitutive equations. A 3-D simulation model, supposed to be sine-disturbance and axial-symmetry, is developed to analyze the necking law of SCJ through electromagnetic-structure co-simulation. Take the skin-effect of pulse current into account, the distribution of current density, magnetic field, magnetic force and stress field are obtained through electromagnetic-structure co-simulation by finite element software, and the SCJ deformation is also calculated. The results indicate that, a powerful pulse current can accelerate the break-up of SCJ. At last, defense experiments of the passive electromagnetic armor against SCJ with high explosive anti-tank cartridge proceeded. The results demonstrate that, the penetration capability of SCJ with pulse current is lower than that without pulse current, and the penetration capability of SCJ declines remarkably with the increasing of charging voltage.","","978-1-4799-2733-3","10.1109/EML.2014.6920152","","https://ieeexplore.ieee.org/stamp/stamp.jsp?arnumber=6920152","","Stress;Strain;Electromagnetic forces;Mathematical model;Equations;Solid modeling","","","","13","IEEE","13 Oct 2014","7-11 July 2014","7-11 July 2014","IEEE","IEEE Conferences"
"Framework for Evaluation of Schedulability Tests for Mixed-Criticality Systems","I. Pavić; H. Džapo","Faculty of Electrical Engineering and Computing, University of Zagreb; Faculty of Electrical Engineering and Computing, University of Zagreb","2021 44th International Convention on Information, Communication and Electronic Technology (MIPRO)","15 Nov 2021","2021","","","886","891","Mixed-criticality real-time system models were proven to be useful in the processes of system verification, system validation, and safety assessment in safety-critical embedded systems. In recent years, a great number of various mixed-criticality models were investigated. These models are usually accompanied with corresponding schedulability tests. In the literature, schedulability tests are typically compared following the results of evaluation on synthetically generated task sets. Due to the large number of possible test scenarios and a significant effort that needs to be undertaken to implement a certain test, it is not an easy task to reproduce these results. Furthermore, as schedulability tests are used in safety-critical systems it is crucial that tests and results are reproducible. In this paper, we present a framework for evaluation of schedulability tests and show how it can be used to reproduce the most common results.","2623-8764","978-953-233-101-1","10.23919/MIPRO52101.2021.9596794","European Regional Development Fund(grant numbers:KK.01.2.1.02.0119); ","https://ieeexplore.ieee.org/stamp/stamp.jsp?arnumber=9596794","real-time;mixed-criticality;schedulability;framework","Embedded systems;System verification;Publishing;Real-time systems;Safety;Task analysis;System validation","","","","22","","15 Nov 2021","27 Sept.-1 Oct. 2021","27 Sept.-1 Oct. 2021","IEEE","IEEE Conferences"
"Rearrangement-Based Phylogeny Using the Single-Cut-or-Join Operation","P. Biller; P. Feijão; J. Meidanis","Institute of Computing University of Campinas, Brazil; University of Campinas, Campinas; Institute of Computing, University of Campinas, Brazil",IEEE/ACM Transactions on Computational Biology and Bioinformatics,"20 May 2013","2013","10","1","122","134","Recently, the Single-Cut-or-Join (SCJ) operation was proposed as a basis for a new rearrangement distance between multichromosomal genomes, leading to very fast algorithms, both in theory and in practice. However, it was not clear how well this new distance fares when it comes to using it to solve relevant problems, such as the reconstruction of evolutionary history. In this paper, we advance current knowledge, by testing SCJ's ability regarding evolutionary reconstruction in two aspects: 1) How well does SCJ reconstruct evolutionary topologies? and 2) How well does SCJ reconstruct ancestral genomes? In the process of answering these questions, we implemented SCJ-based methods, and made them available to the community. We ran experiments using as many as 200 genomes, with as many as 3,000 genes. For the first question, we found out that SCJ can recover typically between 60 percent and more than 95 percent of the topology, as measured through the Robinson-Foulds distance (a.k.a. split distance) between trees. In other words, 60 percent to more than 95 percent of the original splits are also present in the reconstructed tree. For the second question, given a topology, SCJ's ability to reconstruct ancestral genomes depends on how far from the leaves the ancestral is. For nodes close to the leaves, about 85 percent of the gene adjacencies can be recovered. This percentage decreases as we move up the tree, but, even at the root, about 50 percent of the adjacencies are recovered, for as many as 64 leaves. Our findings corroborate the fact that SCJ leads to very conservative genome reconstructions, yielding very few false-positive gene adjacencies in the ancestrals, at the expense of a relatively larger amount of false negatives. In addition, experiments with real data from the Campanulaceae and Protostomes groups show that SCJ reconstructs topologies of quality comparable to the accepted trees of the species involved. As far as time is concerned, the methods we implemented can find a topology for 64 genomes with 2,000 genes each in about 10.7 minutes, and reconstruct the ancestral genomes in a 64-leaf tree in about 3 seconds, both on a typical desktop computer. It should be noted that our code is written in Java and we made no significant effort to optimize it.","1557-9964","","10.1109/TCBB.2012.168","","https://ieeexplore.ieee.org/stamp/stamp.jsp?arnumber=6389675","Genome rearrangement;phylogeny","Genomics;Vegetation;Topology;Phylogeny;Extremities;Biological cells;Polynomials","Animals;Campanulaceae;Computer Simulation;Evolution, Molecular;Gene Rearrangement;Genome;Genomics;Models, Genetic;Phylogeny;Software","16","","39","IEEE","20 Dec 2012","Jan.-Feb. 2013","","IEEE","IEEE Journals"
"Research of the electrothermic action on shaped charge jet in the passive electromagnetic armor","L. Bin; Y. Xichao; L. Zhiyuan; C. Shaohui","Shijiazhuang Mechanical Engineering College, Shijiazhuang, China; Shijiazhuang Mechanical Engineering College, Shijiazhuang, China; Shijiazhuang Mechanical Engineering College, Shijiazhuang, China; Beijing aeronautical technology research center, Beijing 100076, China",2014 17th International Symposium on Electromagnetic Launch Technology,"13 Oct 2014","2014","","","1","6","To enhance protective effect of passive electromagnetic armor (PEA), the electrothermic action mechanism on the shaped charge jet (SCJ) in the PEA was researched. By building the kinematic model of uniformly elongating SCJ, and combined with the equivalent circuit model and action time model, coupled analysis model of electrothermic action on uniformly elongating SCJ in the PEA was established. Compared the static simulation results with the testing results, correctness of the coupled analysis model was proved. Consequently, feasibility of using temperature field to predict copper rod phase transition and electrical explosion was certified. Finally, electrothermic action on the SCJ in PEA was analyzed and temperature distribution of the SCJ at different velocities was obtained. It can be seen from the results, as a result of electrothermic action, drastic temperature change and phase transition even electrical explosion will occur when the SCJ penetrate the PEA. The liquefaction occurs in the middle of the SCJ whose velocity is about 5.8km/s, while the gasification occurs in the SCJ tail whose velocity is less than 4.5km/s. The analysis results indicate the significance of electrothermic action and the effect of temperature, which provides a research base for the optimization of PEA.","","978-1-4799-2733-3","10.1109/EML.2014.6920193","","https://ieeexplore.ieee.org/stamp/stamp.jsp?arnumber=6920193","","Explosions;Analytical models;Copper;Resistance;Integrated circuit modeling;Solids;Liquids","","1","","24","IEEE","13 Oct 2014","7-11 July 2014","7-11 July 2014","IEEE","IEEE Conferences"
"Research on bending and deviating effects of passive electromagnetic armor on shaped-charge jet","B. Lei; W. Qi; Z. Li; P. Lu; H. Li","Shijiazhuang Mechanical Engineering College, China; Shijiazhuang Mechanical Engineering College, China; Shijiazhuang Mechanical Engineering College, China; Shijiazhuang Mechanical Engineering College, China; Military Representative Office in NO.743 Factory, China",2014 17th International Symposium on Electromagnetic Launch Technology,"13 Oct 2014","2014","","","1","6","The lateral deviation and bend of shaped-charge jet (SCJ) are generated when the SCJ penetrates the passive electromagnetic armor (EMA). The lateral deviation is caused by the transverse electromagnetic force and the bend is caused by kinking instability and the transverse electromagnetic force, bending and lateral deviating effects coexist and affect the penetration of SCJ together. In this paper, two 3-D simulation models are developed to study bending and deviating effects produced by passive EMA on SCJ. After all, the static analog experiments proceed by copper wire which diameter is 2mm, the bending degree increases with the rising of voltage, when charging pulse voltage exceeds to several kilo-voltage, the breakup of copper wire appears. Besides, the protected experiments of the passive electromagnetic armor against SCJ proceed by armor piercing projectiles, the deviation of SCJ can be seen from the splash on the back plates. The results of simulations and experiments demonstrate that deviating and bending of SCJ can destroy the axial continuity of SCJ remarkably, which decreases the penetration of SCJ and improves the defense performance of passive electromagnetic armor ultimately.","","978-1-4799-2733-3","10.1109/EML.2014.6920195","","https://ieeexplore.ieee.org/stamp/stamp.jsp?arnumber=6920195","","Electromagnetic forces;Current density;Mathematical model;Magnetic flux density;Strain;Force","","","","7","IEEE","13 Oct 2014","7-11 July 2014","7-11 July 2014","IEEE","IEEE Conferences"
"Theoretical Study of the Jet Formation of a Shaped Charge Liner Driven by Strong Electromagnetic Energy","J. Dou; X. Jia; Z. Huang; B. Ma; H. Zhang; C. Cao","School of Mechanical Engineering, Nanjing University of Science and Technology, Nanjing, China; School of Mechanical Engineering, Nanjing University of Science and Technology, Nanjing, China; School of Mechanical Engineering, Nanjing University of Science and Technology, Nanjing, China; School of Mechanical Engineering, Nanjing University of Science and Technology, Nanjing, China; Shanxi Jiangyang Chemical Company, Ltd., Taiyuan, China; Shanxi Jiangyang Chemical Company, Ltd., Taiyuan, China",IEEE Transactions on Plasma Science,"11 Dec 2019","2019","47","12","5283","5290","On the basis of the RCL circuit model and Pugh-Eichelberger-Rostoker (PER) theory of jet formation and combining with Maxwell equations, the calculation method for the electromagnetic force and the collapse velocity of the liner is obtained through the infinitesimal method. The theoretical model of jet formation of a liner driven by a strong magnetic force is established. The model can calculate the collapse process and jet formation of the liner, jet and tail velocity, jet length, diameter, and other important parameters at any time. Simultaneously, the jet and tail velocity parameters and the shape of the jet under different voltages are calculated using the theoretical model established in this research. To verify the correctness of the theoretical model, a liner has been calculated and compared with the experimental results. The relative error of the jet tip velocity is found to be 3.7%. The results show that the theoretical model established in this research can accurately calculate the jet forming process and the related parameters driven by strong electromagnetic energy.","1939-9375","","10.1109/TPS.2019.2951112","National Natural Science Funds for Distinguished Young Scholar(grant numbers:11602110); Jiangsu Province Graduate Research and Practice Innovation Program(grant numbers:KY CX18_0471); ","https://ieeexplore.ieee.org/stamp/stamp.jsp?arnumber=8903240","Electromagnetic energy;jet formation;shaped charge jet (SCJ);theoretical model","Electromagnetic forces;Loading;Load modeling;Mathematical model;RLC circuits","","9","","13","IEEE","18 Nov 2019","Dec. 2019","","IEEE","IEEE Journals"
"Effect of External Magnetic Field Loaded at the Initial Period of Inertial Stretching Stage on the Stability of Shaped Charge Jet","B. Ma; Z. Huang; Q. Xiao; X. Zu; X. Jia; L. Ji","School of Mechanical Engineering, Nanjing University of Science and Technology, Nanjing, China; School of Mechanical Engineering, Nanjing University of Science and Technology, Nanjing, China; School of Mechanical Engineering, Nanjing University of Science and Technology, Nanjing, China; School of Mechanical Engineering, Nanjing University of Science and Technology, Nanjing, China; School of Mechanical Engineering, Nanjing University of Science and Technology, Nanjing, China; Research Institute of China Ordnance Industries, Xi’an, China",IEEE Transactions on Plasma Science,"8 May 2017","2017","45","5","875","881","In this paper, the effect of external magnetic field loaded at the initial period of inertial stretching stage on a jet produced by Ø56-mm shaped charge is evaluated through the depth-of-penetration (DOP) test method. Experimental results are compared with the results obtained under the field loaded at the later inertial stretching stage. A standoff of 650 mm is used in the experiments, in which the shaped charge jet can undergo formation, elongation, breakup, rotation, and drift. The initial energy is provided by a capacitor bank, which is loaded on the solenoid to generate a magnetic field used for coupling with the jet. The external magnetic field loaded at the initial period of inertial stretching stage can enhance the stability of the jet and increase its DOP. The penetration capability of the jet in the above-mentioned condition is increased by 77.4%.","1939-9375","","10.1109/TPS.2017.2682979","National Natural Science Foundation of China(grant numbers:11272157); National Natural Science Funds for Distinguished Young Scholar(grant numbers:11602110); ","https://ieeexplore.ieee.org/stamp/stamp.jsp?arnumber=7888582","Magnetic field effect;mutual coupling;shaped charge jet (SCJ);stability","Solenoids;Stability analysis;Couplings;Magnetic analysis;Magnetic resonance imaging;Magnetosphere;Timing","","5","","20","IEEE","28 Mar 2017","May 2017","","IEEE","IEEE Journals"
"EvoScenario: Integrating Road Structures into Critical Scenario Generation for Autonomous Driving System Testing","S. Tang; Z. Zhang; J. Zhou; Y. Zhou; Y. -F. Li; Y. Xue","University of Science and Technology of China, China; Kyushu University, Japan; University of Science and Technology of China, China; Nanyang Technological University, Singapore; Tsinghua University, China; University of Science and Technology of China, China",2023 IEEE 34th International Symposium on Software Reliability Engineering (ISSRE),"2 Nov 2023","2023","","","309","320","Autonomous Driving Systems (ADS) are safety-critical and require comprehensive testing before their deployment on public roads. Most existing testing approaches consist in generating scenarios that vary the behaviors of dynamic objects, while leaving a predefined road environment unchanged. Consequently, these approaches overlook the influence of different road structures on ADS safety, e.g., collisions can happen more frequently than usual on a merging road, because of the specific road structure. In this paper, we propose EvoScenario, a novel approach that integrates road structures into the generation of critical scenarios for exposing safety risks of ADS. Specifically, EvoScenario models a driving road as a sequence of road segments characterized in different aspects, such as their shapes and widths. Then, a test case is defined by concatenating the sequence of road segments and the sequence of dynamic object maneuvers. Inspired by EvoSuite that generates sequential method calls for Java unit testing, EvoScenario leverages the sequential models of test cases and constructs a multi-objective optimization framework to search for critical scenarios. We implement and demonstrate EvoScenario on an ADS provided by our industrial partner. Evaluation results show that EvoScenario can identify 6 types of safety violations, and outperform existing baseline testing approaches.","2332-6549","979-8-3503-1594-3","10.1109/ISSRE59848.2023.00054","Anhui Provincial Department of Science and Technology; ","https://ieeexplore.ieee.org/stamp/stamp.jsp?arnumber=10301222","autonomous driving systems;search-based testing;safety violations","System testing;Java;Shape;Roads;Merging;Safety;Software reliability","","21","","64","IEEE","2 Nov 2023","9-12 Oct. 2023","9-12 Oct. 2023","IEEE","IEEE Conferences"
"Shifting temporal and communicational aspects into design phase via AADL and RTSJ","T. Driessen; B. Bauer","Universitat Augsburg, Augsburg, Bayern, DE; Software Methodologies for Distributed Systems, University of Augsburg Augsburg, Germany",2016 IEEE/AIAA 35th Digital Avionics Systems Conference (DASC),"12 Dec 2016","2016","","","1","10","By now, Model-Driven Development is a well-known approach in many domains. By (re)using standardized domain-specific models, productivity is increased and common errors are simultanously avoided. The Architecture Analysis and Design Language is a domain-specific modeling language for embedded, real-time and safety-critical systems. In our approach we utilize this modeling language, with its well-defined semantics, as source language for a mapping into real-time Java. The chosen subset of model elements enables system designers to create a system and subsequently generate a code framework that complies to the model in terms of structure, timing and communicational restrictions. In order to demonstrate the benefits of our approach, we model and generate the code framework for an existing autopilot and compare our results with the original software.","2155-7209","978-1-5090-2523-7","10.1109/DASC.2016.7778056","","https://ieeexplore.ieee.org/stamp/stamp.jsp?arnumber=7778056","","Ports (Computers);Real-time systems;Java;Timing;Semantics;Instruction sets","","","","14","IEEE","12 Dec 2016","25-29 Sept. 2016","25-29 Sept. 2016","IEEE","IEEE Conferences"
"FogZoneSim: A Zone-Based Simulator for Resource Management in Large-Scale IoT–Fog Networks","A. Khorsandi; K. Bakhshi; B. Safaei; A. M. A. Hemmatyar","Department of Computer Engineering, Sharif University of Technology, Tehran, Iran; Department of Computer Engineering, Sharif University of Technology, Tehran, Iran; Department of Computer Engineering, Sharif University of Technology, Tehran, Iran; Department of Computer Engineering, Sharif University of Technology, Tehran, Iran",IEEE Internet of Things Journal,"8 Apr 2026","2026","13","8","17763","17773","While cloud computing offers a more scalable and resource-rich alternative to localized edge and Internet of Things (IoT) device data processes, it falls short in latency-sensitive, safety-critical applications due to delays caused by geographical distance. In domains like healthcare, where real-time analysis of patient vitals and emergency alerts is essential, and in VANETs, where vehicles must instantly exchange data for collision avoidance and traffic safety, such delays can have serious consequences. To address these limitations, fog computing architectures are increasingly adopted to enable proximate, low-latency data processing, ensuring timely and reliable responses in both healthcare and intelligent transportation systems. However, adopting fog computing introduces additional complexities related to task offloading, task scheduling, resource management, heterogeneity, and scalability. While these scientific fields of study have gained significant attention in the past few years, the existing widely used simulation tools, for example, FogWorkflowSim, cannot effectively address critical issues such as supporting large-scale IoT networks, handling environment partitioning for parallel execution, and managing diverse resource management policies. Furthermore, since they are written in Java, they do not support many of the existing Python-based machine learning (ML) libraries, which are significantly attractive to many researchers. To address these limitations, this article introduces FogZoneSim, an advanced modular fog computing simulator specifically designed to manage large-scale IoT environments. FogZoneSim effectively simulates scalable IoT ecosystems by clearly modeling IoT resources, brokers, and the infrastructure, supporting dependent workflows, providing customizable policies, partitioning environments, and scaling across numerous IoT devices. Also, its seamless integration with ML algorithms through Python libraries is another strong point. According to an extensive set of simulations, FogZoneSim has demonstrated its ability to significantly enhance researchers’ capabilities in analyzing and optimizing resource management strategies, energy efficiency, execution time, and overall system performance.","2327-4662","","10.1109/JIOT.2026.3663674","","https://ieeexplore.ieee.org/stamp/stamp.jsp?arnumber=11393577","Big data;fog computing;Internet of Things;mobile networks;modular;scalable;simulator;tool;zoning","Internet of Things;Edge computing;Cloud computing;Resource management;Java;Computational modeling;Processor scheduling;Machine learning;Delays;Computer architecture","","","","23","IEEE","11 Feb 2026","15 April15, 2026","","IEEE","IEEE Journals"
"Drivers of Secure and Correct Code: A Factorial Study of Size, Pre-Training, and Data Quality","P. Liguori; R. Krasniqi; D. Cotroneo","University of Naples Federico II, Naples, Italy; University of North Carolina at Charlotte, Charlotte, NC, USA; University of North Carolina at Charlotte, Charlotte, NC, USA",2026 56th Annual IEEE International Conference on Dependable Systems and Networks Workshops (DSN-W),"8 Jul 2026","2026","","","70","76","Large Language Models (LLMs) are increasingly adopted as code generation tools in professional and safety-critical contexts, yet the factors influencing the correctness and security of their output remain poorly understood. This lack of transparency poses a significant barrier to the deployment of LLMs in regulated environments. This paper presents a systematic, full-factorial study of three controllable factors in the LLM training pipeline (model size, training process, and training data quality) and quantifies their effect on Java code generation. By fine-tuning three BLOOM variants (560M, 1.1B, 3B) under two training regimes on both original and security-sanitized versions of the ""The-Vault"" dataset, we analyze 12 distinct configurations evaluated against CodeBLEU, Edit Distance Similarity, percentage of parsable code and percentage of secure code. Statistical analysis via ANOVA reveals that pre-training and model size are the dominant drivers, jointly explaining over 83% of variance in correctness metrics. Specifically, we identify a significant Size×Dataset interaction (accounting for 20.58% of secure code variance) which shows that security-aware data curation becomes increasingly impactful as model capacity grows, but only when combined with pre-training. These results suggest that security in AI-generated code is not merely a function of data volume, but an emergent property of model scale, initialization strategy, and their interaction with data curation.","2325-6664","979-8-3195-3244-2","10.1109/DSN-W70714.2026.00031","","https://ieeexplore.ieee.org/stamp/stamp.jsp?arnumber=11594498","Code generation;Software security;Code correctness;Training data quality;Design of experiments","Codes;Modeling;Security;Training;Printing;Cleaning;Tuning;Conferences;Java;Measurement","","","","40","IEEE","8 Jul 2026","22-25 June 2026","22-25 June 2026","IEEE","IEEE Conferences"
"Formal Modeling of Sequential Function Charts With Time Petri Nets","N. Wightkin; U. Buy; H. Darabi","Department of Computer Science, University of Illinois, Chicago, Chicago, IL, USA; Department of Computer Science, University of Illinois, Chicago, Chicago, IL, USA; Department of Mechanical and Industrial Engineering, University of Illinois, Chicago, Chicago, IL, USA",IEEE Transactions on Control Systems Technology,"17 Feb 2011","2011","19","2","455","464","Sequential function charts (SFCs) are among the standard languages for programmable logic controllers (PLCs) ubiquitous in automated manufacturing and production systems. While SFCs are quite user friendly to developers, it is not easy to guarantee the correctness of safety-critical SFC programs. Thus, methods and tools for verifying the correctness of SFC programs are highly desirable. Here we introduce a transformation technique that converts a significant subset of an SFC to a time Petri net (TPN). Thanks to a large body of literature and mature tools that can analyze TPNs, our technique will bridge the gap between a user-friendly manufacturing control programming tool, the SFC, and powerful analysis tools for TPNs.","1558-0865","","10.1109/TCST.2010.2047106","","https://ieeexplore.ieee.org/stamp/stamp.jsp?arnumber=5463024","","Petri nets;IEC standards;Programmable control;Humans;Manufacturing automation;Production systems;Bridges;Power system modeling;Discrete event systems;Mathematical model","","25","","15","IEEE","10 May 2010","March 2011","","IEEE","IEEE Journals"
"Engineering Interactive Systems with Model-Driven Code Contracts","J. Bowen; S. Reeves","Dept of Computer Science, University of Waikato, New Zealand; Dept of Computer Science, University of Waikato, New Zealand",2018 25th Australasian Software Engineering Conference (ASWEC),"27 Dec 2018","2018","","","11","20","The use of sound and robust software engineering techniques are essential during the design and development of safety-critical interactive systems. Failure of such systems (such as those found in medical settings or transportation) can lead to serious harm or even fatalities. Model-based development of interactive systems provides a number of benefits which can support correctness of the interface, the interaction and the functional logic of the system. Many different approaches have been proposed which target the models at different aspects of the development process (for example task analysis, interface layouts, functional behaviours etc.) and which can be used in different ways (verification of correctness, usability, testing). Typically these rely on multiple models at differing levels of abstraction. There are challenges in ensuring consistency between the models, and more importantly in ensuring that the final implementation correctly satisfies all of the models. In this paper we propose a method of deriving pre-and post-conditions for both interactive and functional elements of the system from formal models. These are used to generate code contracts within a code framework to support programmers who are implementing the system described in such models. We describe both the process for this and present an initial examination of the applicability of the approach based on a proof-of-concept user study. This small study was intended to examine whether we could correctly derive the code contracts in an automated fashion and whether or not they were usable (and beneficial) for programmers working on a pre-defined task. This initial investigation suggested that such an approach can aid programmers in correctly implementing a specification and that the general approach outlined in the paper is worth developing further.","2377-5408","978-1-7281-1241-1","10.1109/ASWEC.2018.00010","","https://ieeexplore.ieee.org/stamp/stamp.jsp?arnumber=8587281","Model driven development;Assertions;Code contracts;Interactive systems","Task analysis;Object oriented modeling;Interactive systems;Contracts;Software;User interfaces;Semantics","","","","18","IEEE","27 Dec 2018","26-30 Nov. 2018","26-30 Nov. 2018","IEEE","IEEE Conferences"
"Semantic Feature Learning based on Double Sequences Structure for Software Defect Number Prediction","T. Wang; C. Tao; H. Guo; L. Tang","College of Computer Science and Technology, Nanjing University of Aeronautics and Astronautics, Nanjing, China; College of Computer Science and Technology, Nanjing University of Aeronautics and Astronautics, Nanjing, China; College of Computer Science and Technology, Nanjing University of Aeronautics and Astronautics, Nanjing, China; College of Computer Science and Technology, Nanjing University of Aeronautics and Astronautics, Nanjing, China","2022 IEEE 22nd International Conference on Software Quality, Reliability and Security (QRS)","20 Mar 2023","2022","","","157","166","Software defect prediction(SDP), which predicts defective code areas, including files, code blocks, code lines, etc. It can help developers or testers in allocating test resources before the testing phase. Software defect number prediction(SDNP) is an important research direction of SDP. Previous studies mostly used regression-based methods or different neural networks to mine the semantic features contained in AST, but the way to represent code was relatively simple. In this article, we propose a framework for representing the semantic features in terms of sequences of nodes with a double sequence structure, by analyzing the ASTs and the changes in the code blocks between adjacent version. In addition, to combine statistical metric information, we also propose a model that dynamically determines the ratio of semantic features to traditional metric features during model training by using the gated fusion mechanism to perform SDNP. In the experimental part, we select 10 open source Java projects as training and test sets, and conduct a lot of comparative experiments. The experimental results demonstrate the superiority of our proposed method compared to the baseline approach.","2693-9177","978-1-6654-7704-8","10.1109/QRS57517.2022.00026","","https://ieeexplore.ieee.org/stamp/stamp.jsp?arnumber=10062457","Software defect number prediction;ASTs;Code changes;Feature mining;Double sequence structure","Training;Measurement;Codes;Semantics;Neural networks;Predictive models;Logic gates","","3","","30","IEEE","20 Mar 2023","5-9 Dec. 2022","5-9 Dec. 2022","IEEE","IEEE Conferences"
"A low-cost fiber-optic instrument to colorimetrically detect patients with Barrett's esophagus for early detection of esophageal adenocarcinoma","A. Kumar Dattamajumdar; P. L. Blount; J. A. Myers; A. H. Proctor; B. H. Goldman; B. J. Reid; R. W. Martin","Department of Bioengineering, University of Washington, Seattle, WA, USA; Division of Public Health Sciences, Fred Hutchinson Cancer Research Center, Seattle, WA, USA; Department of Bioengineering, University of Washington, Seattle, WA, USA; Department of Anesthesiology, University of Washington, Seattle, WA, USA; Department of Gastroenterology, University of Washington, Seattle, WA, USA; Division of Public Health Sciences, Fred Hutchinson Cancer Research Center, Seattle, WA, USA; Departments of Bioengineering and Anesthesiology, Applied Physics Laboratory-CIMU, University of Washington, Seattle, WA, USA",IEEE Transactions on Biomedical Engineering,"7 Aug 2002","2001","48","6","695","705","In Barrett's esophagus, the precursor to esophageal adenocarcinoma, the squamocolumnar junction (SCJ) between the normal esophagus and the stomach like mucosa is proximally displaced. Currently it can be detected only by an expensive upper GI endoscopic procedure. The authors have developed a minimally invasive and easy to operate colorimetric instrument for the low-cost detection of Barrett's esophagus. The instrument is based on a flexible, narrow diameter, fiber-optic probe that performs a colorimetric scan of the esophageal lumen. The instrument was clinically evaluated in 50 subjects. The instrument could identify both symmetric and asymmetric SCJ's. The SCJ locations determined by the colorimetric instrument correlated strongly (R/sup 2/=0.89) with those determined by endoscopy. The instrument identified the SCJ locations accurately (Mean of difference /spl plusmn/SEM: 0.97/spl plusmn/1.72 cm) and reproducibly (mean of absolute difference /spl plusmn/SEM: 1.33/spl plusmn/1.40 cm). The instrument has a 90% sensitivity of identifying patients with Barrett's esophagus, based on the clinical algorithm that if the SCJ is located at a distance less than 37 cm from the teeth, then the subject has Barrett's esophagus, otherwise the subject does not have Barrett's esophagus. In conclusion, the colorimetric instrument has the potential of being a cost-effective way of determining patients likely to have Barrett's esophagus in the population.","1558-2531","","10.1109/10.923787","","https://ieeexplore.ieee.org/stamp/stamp.jsp?arnumber=923787","","Instruments;Esophagus;Cancer;Endoscopes;Biomedical engineering;Image color analysis;Public healthcare;Biopsy;Stomach;Minimally invasive surgery","Adenocarcinoma;Aged;Algorithms;Barrett Esophagus;Colorimetry;Diagnosis, Differential;Equipment Design;Esophageal Neoplasms;Female;Fiber Optics;Humans;Male;Middle Aged","10","","26","IEEE","7 Aug 2002","June 2001","","IEEE","IEEE Journals"
"Calculation and Verification on the Linear Instability of Shaped-Charge Jet Under Axial Pulse Current","W. Qi; B. Lei; H. -J. Xiang; X. Yuan; X. -P. Meng; H. Li","Shijiazhuang Mechanical Engineering College, Shijiazhuang, China; Shijiazhuang Mechanical Engineering College, Shijiazhuang, China; Shijiazhuang Mechanical Engineering College, Shijiazhuang, China; Shijiazhuang Mechanical Engineering College, Shijiazhuang, China; Shijiazhuang Mechanical Engineering College, Shijiazhuang, China; Military Representative Office in No.743 Factory, Taiyuan, China",IEEE Transactions on Plasma Science,"6 Nov 2015","2015","43","11","3889","3894","To improve the defense capability of passive electromagnetic armor against shaped-charge jet (SCJ), according to the superposition principle and the linear perturbation theory, the SCJ disturbance control equations are constructed and the 3-D equation is reduced to 1-D equation, consequently, the instability growth rates of the pinch and kink of SCJ and the varying law of instability growth rates with time and yield stress are obtained under the axial pulse current, which indicate that the instabilities must occur as long as the perturbations exit. Meanwhile, the SCJ deformation can be calculated through numerical method. The pinching experiments with a 39.2-mm diameter armor-piercing projectile proceeded when the charging voltage is 5370 V and the peak current is 140 kA. The kinking experiments with a 1.75-mm diameter copper wire proceeded when the charging voltage is 5140 V and the peak current is 43 kA. The experimental results demonstrate that axial pulse current can destroy the SCJ because of necking or kinking perturbation and confirm the validity of the theoretical analysis.","1939-9375","","10.1109/TPS.2015.2476602","National Science Foundation of China(grant numbers:51307182); ","https://ieeexplore.ieee.org/stamp/stamp.jsp?arnumber=7277078","Instability;kinking;necking;passive electromagnetic armor (PEMA);pulse current.;Instability;kinking;necking;passive electromagnetic armor (PEMA);pulse current","Mathematical model;Electromagnetics;Copper;Wires;Current density;Stress;Projectiles","","1","","16","IEEE","25 Sep 2015","Nov. 2015","","IEEE","IEEE Journals"
"Pulsed power against terrorists","G. Shvetsov; A. Matrosov","Lavrentyev Institute of Hydronamics, Siberian Division, Russian Academy of Science, Novosibirsk, Russia; Lavrentyev Institute of Hydronamics, Siberian Division, Russian Academy of Science, Novosibirsk, Russia",Digest of Technical Papers. PPC-2003. 14th IEEE International Pulsed Power Conference (IEEE Cat. No.03CH37472),"30 Mar 2004","2003","1","","675","680 Vol.1","In recent years, the problem of the struggle against terrorists has become especially urgent. This has forced researchers and engineers to search for new opportunities for prevention terrorist activities. The paper reports on the possibilities of using various pulsed power technologies for disruption of shaped-charge jets (SCJ). This problem is especially urgent for the protection of objects whose damage can result in environmental disasters. The results from theoretical and experimental studies of SCJ disruption and reduction of jet penetration into various targets using electric pulsed power sources are analyzed. It is shown that a severalfold decrease in SCJ penetration into targets or even complete disruption of a SCJ before its interaction with a target can be achieved by controlling electric pulse parameters.","","0-7803-7915-2","10.1109/PPC.2003.1277799","","https://ieeexplore.ieee.org/stamp/stamp.jsp?arnumber=1277799","","Terrorism;Protection;Current;Power engineering and energy;Steel;Electrodes;Photography;Pulse shaping methods;Paper technology;Containers","","2","","11","IEEE","30 Mar 2004","15-18 June 2003","15-18 June 2003","IEEE","IEEE Conferences"
"The conception of the explosion cumulative effect electromagnetic control optimal realization","S. V. Demidkov","Lykov Heat and Mass Transfer Institute, Minsk, Belarus",2004 12th Symposium on Electromagnetic Launch Technology,"7 Mar 2005","2004","","","435","440","In the present paper one has described approach of the explosion cumulative (EC) effect functioning parameters control with the goal both extremal increase and decrease of a shaped charge jet (SCJ) penetration ability by the way of magnetic cumulation (MC) effect application. One has described the schemes of the devices for MC effect realization at the conditions of the EC effect flowing. The developed schemes of SCJ functioning parameters control have unique principal feature: the SCJ kinetic energy is the governing energy source of electromagnetic (EM) control process. As a result, the EM energy source required values are minimized. It is developed the analytical theory for optimization of the SCJ parameters EM control devices.","","0-7803-8290-0","10.1109/ELT.2004.1398119","","https://ieeexplore.ieee.org/stamp/stamp.jsp?arnumber=1398119","","Explosions;Optimal control;Magnetohydrodynamics;Magnetic fields;Dispersion;Magnetic materials;Shape control;Kinetic energy;Process control;Magnetic analysis","","","","25","IEEE","7 Mar 2005","25-28 May 2004","25-28 May 2004","IEEE","IEEE Conferences"
"Guidance at changing propulsion between vertical and horizontal","T. Minohara","Chiba University for Commerce, Japan",29th Digital Avionics Systems Conference,"3 Dec 2010","2010","","","4.B.6-1","4.B.6-6","Most advanced VTOL airplanes such as V-22, JSF-35, and AV-8 can change the directions of their propulsions from horizontal to vertical at landings, and also from vertical and horizontal after takeoffs. The maneuvers by a pilot of such a VTOL airplane at those changes seem to be difficult and rarely cause some accidents. The more prediction on the behaviors of the airplane including the trajectory and the attitude could be computed in real time and be displayed the result in the cockpit. This paper proposes a display system that displays the predictions on the behaviors with a virtual display on a personal computer. The graphic processors of embedding systems have become to have equivalent performance to the current personal computers. Therefore the prototype system proposed on this paper could be realized also in the most embedding systems using in the guidance. For the predictions, this system calculates a simple physical simulation and a simple hydrodynamic simulation. Comparing to the current situation where the avionics of the VTOL tells no prediction, the simple prediction computed by the guidance computer would much assist the pilot to make an instantaneous decision on the maneuver.","2155-7209","978-1-4244-6618-4","10.1109/DASC.2010.5655343","","https://ieeexplore.ieee.org/stamp/stamp.jsp?arnumber=5655343","","Propulsion;Vehicles;Trajectory;Airplanes;Analytical models;Acceleration;Equations","","","","8","IEEE","3 Dec 2010","3-7 Oct. 2010","3-7 Oct. 2010","IEEE","IEEE Conferences"
"Secure Millimeter-Wave Ad Hoc Communications Using Physical Layer Security","Y. Zhang; Y. Shen; X. Jiang; S. Kasahara","School of Computer Science and Technology, Xidian University, Xi’an, China; School of Computer Science and Technology, Xidian University, Xi’an, China; School of Computer Science and Technology, Xidian University, Xi’an, China; Graduate School of Science and Technology, Nara Institute of Science and Technology, Nara, Japan",IEEE Transactions on Information Forensics and Security,"30 Dec 2021","2022","17","","99","114","Millimeter-wave (mmWave) communications are highly promising to improve the capacity of modern wireless networks, while the physical layer security (PLS) techniques hold great potential to enhance the critical secrecy performance therein. By carefully exploiting the significant signal difference between the Non-Light-of-Sight (NLoS) and Line-of-Sight (LoS) mmWave links, this paper proposes a Sight-based Cooperative Jamming (SCJ) scheme to improve the PLS performance of mmWave ad hoc communications. In this scheme, each potential jammer that has no LoS link to its nearest receiver but may have LoS links to eavesdroppers is selected with a certain probability to generate artificial noise such that channel advantages at legitimate receivers can be achieved. For performance modeling of the new jamming scheme, novel and efficient theoretical approximation approaches are firstly developed to enable the challenging issue of interference distribution modeling to be tackled, and then a theoretical framework based on stochastic geometry is proposed to capture the secrecy transmission capacity behavior under the SCJ scheme. Finally, extensive numerical results are provided to illustrate the SCJ scheme under various network scenarios.","1556-6021","","10.1109/TIFS.2021.3054507","National Key Research and Development Program of China(grant numbers:2018YFE0207600,2018YFB2100403); National Natural Science Foundation of China(grant numbers:61972308,61825104,61941105); Japan Society for the Promotion of Science KAKENHI(grant numbers:19K14983,18H03235); ","https://ieeexplore.ieee.org/stamp/stamp.jsp?arnumber=9335641","Physical layer security;millimeter-wave ad hoc communications;cooperative jamming","Jamming;Ad hoc networks;Transmitting antennas;Millimeter wave communication;Wireless communication;Stochastic processes;Interference","","37","","42","CCBY","25 Jan 2021","2022","","IEEE","IEEE Journals"
"Application of explosive MCG in experiments on current disruption of shaped-charge jets","G. A. Shvetsov; Y. L. Bashkatov; A. D. Matrosov; A. I. Pavlovskii; R. Z. Lyudaev; L. N. Plyashkevich; A. M. Shuvalov; G. M. Spirov; N. P. Shishaev; V. V. Chivilev","Lavrentyev Institute of Hydrodynamics, Siberian Division, Russian Academy of Science, Novosibirsk, Russia; Lavrentyev Institute of Hydrodynamics, Siberian Division, Russian Academy of Science, Novosibirsk, Russia; Lavrentyev Institute of Hydrodynamics, Siberian Division, Russian Academy of Science, Novosibirsk, Russia; Scientific Research Institute of Experimental Physics, Sarov, Russia; Scientific Research Institute of Experimental Physics, Sarov, Russia; Scientific Research Institute of Experimental Physics, Sarov, Russia; Scientific Research Institute of Experimental Physics, Sarov, Russia; Scientific Research Institute of Experimental Physics, Sarov, Russia; Institute of Steel, Moscow, Russia; Institute of Steel, Moscow, Russia",Digest of Technical Papers. 11th IEEE International Pulsed Power Conference (Cat. No.97CH36127),"6 Aug 2002","1997","2","","1423","1427 vol.2","In recent years, the disruption of metallic shaped-charge jets (SCJ) under the action of a high current passing through them have been actively studied both experimentally and theoretically. In particular, it has been shown that when the magnitude of current, current derivative and the duration of electromagnetic action on the jet exceed certain threshold values, the jet breaks into individual fragments and the jet penetration into the target decreases several fold. This paper reports the results of experiments on disruption of SCJ by the pulse current from a small helical magnetocumulative generator (MCG) and C-80 explosive MCG, which has been commercially produced for a long time. The experiments were performed with 55 mm and 100 mm diameter shaped charges. Data on jet-penetration depth decrease are given. The features of explosive MCG application in experiments on current disruption of SCJ are discussed.","","0-7803-4213-5","10.1109/PPC.1997.674602","","https://ieeexplore.ieee.org/stamp/stamp.jsp?arnumber=674602","","Explosives;Capacitors;Switching circuits;Inductance;Electrodes;Hydrodynamics;Physics;Steel;Pulse generation;Explosions","","","","14","IEEE","6 Aug 2002","29 June-2 July 1997","29 June-2 July 1997","IEEE","IEEE Conferences"
"Translation Validation of Code Generation from the SIGNAL Data-Flow Language to Verilog","H. M. Amjad; K. Hu; J. Niu; N. Khan; L. Besnard; J. -P. Talpin","School of Computer Science & Engineering, Beihang University, Beijing, China; School of Computer Science & Engineering, Beihang University, Beijing, China; School of Computer Science & Engineering, Beihang University, Beijing, China; School of Computer Science & Engineering, Beihang University, Beijing, China; IRISA, Rennes, France; INRIA, Campus de Beaulieu, Rennes, France","2019 15th International Conference on Semantics, Knowledge and Grids (SKG)","23 Mar 2020","2019","","","153","160","The SIGNAL is a high-level synchronous data-flow language for the design and implementation of safety-critical embedded systems. It provides a unified framework for specification, modeling, formal analysis, and automatic code generation for different general-purpose languages like Java, C, and C++. However, fully implemented and verified open source tool for code generation from SIGNAL to Hardware Description Language (HDL) is not available. This paper describes the formal verification of the generated Verilog code from the SIGNAL language. Proving the correctness of generated code is very important when it is for safety-critical embedded systems. We use the translation validation technique for verifying the correctness of the generated code. In this approach, the Polychrony Toolset builds the models of source SIGNALprograms with its associated model checker SIGALI. The open source tool Yosys generates models for target Verilog programs in the SMT-LIB standard format. We transform the model generated by Yosys to the model accepted by the SIGALI model checker. Finally, we use the SIGALI model checker to validate the translation by symbolic simulation between both source and target program models. The target program may have fewer behaviors than the source program therefore if the model of the target program implies the model of the source program, it means the target program preserves the semantics of the source program, and the translation is correct.","2325-0623","978-1-7281-5823-5","10.1109/SKG49510.2019.00034","","https://ieeexplore.ieee.org/stamp/stamp.jsp?arnumber=9044129","translation validation, embedded systems, Verilog, SIGNAL, SIGALI, Yosys, semantics","Hardware design languages;Mathematical model;Clocks;Semantics;Tools;Embedded systems;Encoding","","1","","33","IEEE","23 Mar 2020","17-18 Sept. 2019","17-18 Sept. 2019","IEEE","IEEE Conferences"
"The Evaluation of the Coordinated Development between Subsystems: A Case in Nanjing of China","H. Zhang; Y. Zhang; Z. Liu; L. Gu","School of Geographic and Oceanographic Sciences, Nanjing University, Nanjing, P. R. China; School of Geographic and Oceanographic Sciences, Nanjing University, Nanjing, P. R. China; School of Geographic and Oceanographic Sciences, Nanjing University, Nanjing, P. R. China; Department of Applied Foreign Language Studies, Nanjing University, Nanjing, P. R. China",2010 International Conference on Management and Service Science,"16 Sep 2010","2010","","","1","7","In order to evaluate the coordinated development of a system, a method named Synchronous Coordination Judgment (SCJ) is designed, which involves such five procedures as following. Firstly, a system is divided into several subsystems and a number of elements are chosen. Then, based on some criteria these elements are divided into three ranks. Secondly, in each subsystem the number of the elements in each rank is calculated, which is used to determine the state degree of the subsystem. The third step is to determine the line of Ideally Coordinated Development (ICD) and the state point (Q) of system in a specific state space. Fourthly, two distances----the vertical distance (d1) from Q to the line of ICD, and the distance (d2) between Q and the origin, can be calculated. Finally, based on the two distances, both the coordinated development between subsystems and the optimum degree of the system are evaluated. This method is adopted to evaluate the coordinated development between three subsystems (tourism, eco-environment and social economy subsystem) in Nanjing. The results indicate that the subsystems had been approaching coordinated development during 1996-2007. The paper suggests the SCJ method can be applied to evaluate the coordinated development of many subsystems.","","978-1-4244-5325-2","10.1109/ICMSS.2010.5577047","","https://ieeexplore.ieee.org/stamp/stamp.jsp?arnumber=5577047","","Indexes;Cities and towns;Equations;Biological system modeling;Economic indicators;Noise;Investments","","","","16","IEEE","16 Sep 2010","24-26 Aug. 2010","24-26 Aug. 2010","IEEE","IEEE Conferences"
"Evaluation and Characterization of Antioxidant and Immunomodulatory Activities of Colombian Sugar Cane-derived Extracts","L. Rueda-Gensini; J. A. Serna; N. Bolaños; J. Rodriguez; J. C. Cruz; C. Muñoz-Camargo","Department of Biomedical Engineering, Universidad de los Andes, Bogotá, Colombia; Department of Biomedical Engineering, Universidad de los Andes, Bogotá, Colombia; Department of Medicine, Universidad de los Andes, Bogotá, Colombia; Corporación Colombiana de Investigación Agropecuaria, Centro de investigación Tibaitatá, Mosquera, Colombia; Department of Biomedical Engineering, Universidad de los Andes, Bogotá, Colombia; Department of Biomedical Engineering, Universidad de los Andes, Bogotá, Colombia",2021 IEEE 2nd International Congress of Biomedical Engineering and Bioengineering (CI-IB&BI),"1 Dec 2021","2021","","","1","6","The increasing interest in polyphenolic compounds, due to their strong antioxidant activities, has gathered attention around natural extracts for the development of nutraceutical and therapeutic agents. Although sugar cane (SC) has long been known for its high polyphenol content, composition-wise variability in SC-derived products, as well as scattered research in different fields has limited the exploitation of their potential as nutraceuticals and therapeutics for numerous diseases. Here, we assess and characterize the antioxidant and immunomodulatory activities of SC-derived extracts, namely sugar cane juice (SCJ), syrup (SCS) and non-centrifugal sugar (NCS). The radical scavenging potential of all extracts was evaluated and compared with DPPH and ABTS assays, in which SCJ showed a reduced scavenging potential as a result of SC milling, but a prompt recovery was observed upon thermal processing. Moreover, the quantification of secreted cytokines by LPS- and S. aureus-stimulated macrophages in the presence of SC-derived extracts demonstrated that SC derivatives exhibit strong anti-inflammatory activity. These results highlight the enormous therapeutic potential of SC derivatives, which could be exploited for alleviating the effects of diseases associated with chronic inflammation pathologies, such as cancer, diabetes, or neurodegeneration.","","978-1-6654-0855-4","10.1109/CI-IBBI54220.2021.9626048","","https://ieeexplore.ieee.org/stamp/stamp.jsp?arnumber=9626048","sugarcane;non-centrifugal sugar;antioxidant;immunomodulation;polyphenols","Pathology;Peptides;Milling;Sugar industry;Diabetes;Compounds;Immune system","","","","40","IEEE","1 Dec 2021","13-15 Oct. 2021","13-15 Oct. 2021","IEEE","IEEE Conferences"
"Scrapyard Challenge Jr., Adapting an art and design workshop to support STEM to STEAM learning experiences","K. Moriwaki; J. Brucker-Cohen; L. Campbell; J. Saavedra; L. Stark; L. Taylor","School of Art, Media, and Technology, Parsons The New School for Design, New York, NY, USA; School of Art, Media, and Technology, Parsons The New School for Design, New York, NY, USA; School of Art, Media, and Technology, Parsons The New School for Design, New York, NY, USA; School of Art, Media, and Technology, Parsons The New School for Design, New York, NY, USA; School of Art, Media, and Technology, Parsons The New School for Design, New York, NY, USA; School of Art, Media, and Technology, Parsons The New School for Design, New York, NY, USA",IEEE 2nd Integrated STEM Education Conference,"24 May 2012","2012","","","1","6","We present an informal learning experience for youth ages four through eleven and their families utilizing the integration of art, design, and technology to deliver STEM concepts. The workshop, titled Scrapyard Challenge Jr. 1.0 (SCJ 1.0), was developed from modifications made to an interaction design workshop oriented towards adults, in which participants build novel and expressive electronic objects using found materials and junk. Tapping into the momentum surrounding the maker and tinkerer movements, the learning experience introduces basic principles of electricity and systems thinking using hands-on activities that encourage personal and creative self-expression. Through detailing our experience we suggest that current trends in art, design, and technology practice can provide fertile ground for developing STEM learning. Indeed we argue that this triangulated space is the logical starting ground for the development of a wide variety of STEAMD initiatives.","","978-1-4673-1096-3","10.1109/ISECon.2012.6204175","","https://ieeexplore.ieee.org/stamp/stamp.jsp?arnumber=6204175","Art;Design;Education;K-12;STEM;STEAM;STEAMD","Conferences;Educational institutions;Art;Media;Electricity","","8","","7","IEEE","24 May 2012","9-9 March 2012","9-9 March 2012","IEEE","IEEE Conferences"
"Impact of tunneling length on analog/RF performance of L-shaped TFET","P. Singh; D. S. Yadav","Electronics and Communication Engg. Department, National Institute of Technology, Hamirpur, H.P, India; Electronics and Communication Engg. Department, National Institute of Technology, Hamirpur, H.P, India",2021 First International Conference on Advances in Computing and Future Communication Technologies (ICACFCT),"27 Jul 2022","2021","","","114","118","The influence of technological downscaling significantly escalate the vulnerability of semiconductor based devices. The influence of tunneling length variation on the performance of single gate SiGe-based (for source region) L-shaped TFET (SiGe-SGL-TFET) are examined in terms of channel length present between the source and gate oxide (Lateral tunneling length (LT)). This research work carried out to analyze the influence of various LT values on the bending of band at SCJ (source channel junction), Electric field, ON-state current (Ion), ON-voltage (Von) and sub-threshold swing (SS). In addition, the effect of LT variation on analog and high frequency FOMs (figure of merits) also analyzed. SiGe based SGL-TFET shows optimum performance when LT set to 3nm. The Von of proposed device increased as LT increases from 3nm to 9nm. Simulation results show that, enhanced analog/RF FOMs achieved for 3nm LT .","","978-1-6654-2076-1","10.1109/ICACFCT53978.2021.9837344","","https://ieeexplore.ieee.org/stamp/stamp.jsp?arnumber=9837344","Tunnel FET;Lateral tunneling length;TCAD;BTBT (Band-to-band tunneling);tunneling junction","Performance evaluation;TFETs;Simulation;Tunneling;Logic gates;Communications technology;High frequency","","3","","32","IEEE","27 Jul 2022","16-17 Dec. 2021","16-17 Dec. 2021","IEEE","IEEE Conferences"
"The new criterion to evaluate SAR jamming effect based on the statistical distinction","L. Jiangyuan","No.38 Research Institute, CETC, Hefei, China",2009 2nd Asian-Pacific Conference on Synthetic Aperture Radar,"8 Jan 2010","2009","","","899","902","In this paper, a new criterion which is based on the statistical distinction to evaluate SAR jamming effect is proposed. The radar signal and jamming signal come from different signal source, and the statistical characteristics are not same, thereby the two signals are considered as independent. Here, the SAR images jammed can be look as the signal source mixed target signal with jamming signal, the jamming removal problem can also be described as blind signal separation problem. Using Independent Component Analysis (ICA) method, which is regarded as the statistical distinction tool of the mixture signal source (SAR images), estimates the orthogonal basis from the images. Moreover, we introduce the kurtosis as the criterion to classify the basis images and select threshold to decide which basis images span into target signal subspace and which basis images span jamming signal subspace. The SAR images jammed by Gaussian noise jamming and similar clutter jamming(SCJ) method are used as the input to the ICA algorithm respectively, the results provide that the effect on the jamming removing is degraded contrasted to the Gaussian noise jamming, because of the clutter jamming signal is similar to the target returned signal on the statistical characteristic.","","978-1-4244-2731-4","10.1109/APSAR.2009.5374201","","https://ieeexplore.ieee.org/stamp/stamp.jsp?arnumber=5374201","Synthetic Aperture Radar (SAR);Independent Component Analysis (ICA);Kurtosis","Jamming;Independent component analysis;Clutter;Synthetic aperture radar;Signal processing;Gaussian noise;Radar imaging;Degradation;Signal resolution;Blind source separation","","1","","14","IEEE","8 Jan 2010","26-30 Oct. 2009","26-30 Oct. 2009","IEEE","IEEE Conferences"
"A frequency domain method for the pulse current skin effect in the passive electromagnetic armor","X. Yuan; B. Lei; Z. Li; W. Qi","Shijiazhuang Mechanical Engineering College, Shijiazhuang, China; Shijiazhuang Mechanical Engineering College, Shijiazhuang, China; Shijiazhuang Mechanical Engineering College, Shijiazhuang, China; Shijiazhuang Mechanical Engineering College, Shijiazhuang, China",2014 17th International Symposium on Electromagnetic Launch Technology,"13 Oct 2014","2014","","","1","6","To confirm the action mechanism of the passive electromagnetic armor (PEA), the pulse current skin effect in the PEA are researched. Considering the different characteristic of pulse current from the time-harmonic current, a frequency-domain analysis method of skin effect is introduced. With the background of PEA, time and frequency characteristics of pulse current are analyzed based on the equivalent circuit model, and calculation method of pulse current density distribution in SCJ is obtained. Consequently the change rule of the skin depth during the discharging is researched. The validity of the analysis method is approved by contrasting with the FEM analysis results. Finally, distribution of the specific action in the shaped charge jet elements is obtained based on action time model. The results indicate that, pulse current is broadband distribution, and its skin effect phenomena is different from unifrequent time-harmonic current. It shows that current density increases with depth decreases not all the time, but declines on the surface of the conductor at the trailing edge of the pulse current. And the specific action is concentrated on the tail of the jet whose velocity is less than 4km/s. While the action in the radius direction becomes larger as the element closer to the surface.","","978-1-4799-2733-3","10.1109/EML.2014.6920194","","https://ieeexplore.ieee.org/stamp/stamp.jsp?arnumber=6920194","","Skin effect;Frequency-domain analysis;Skin;Integrated circuit modeling;Electromagnetics;Finite element analysis","","","","20","IEEE","13 Oct 2014","7-11 July 2014","7-11 July 2014","IEEE","IEEE Conferences"
"Effect of electric current on shaped-charge operation","G. A. Shvetsov; A. D. Matrosov; S. V. Stankevich","Lavrent'ev Institute of Hydrodynamics, Novosibirsk, Russia; Lavrent'ev Institute of Hydrodynamics, Novosibirsk, Russia; Lavrent'ev Institute of Hydrodynamics, Novosibirsk, Russia",2014 17th International Symposium on Electromagnetic Launch Technology,"13 Oct 2014","2014","","","1","8","This paper presents the results of experimental and numerical studies of the behavior of metallic shaped-charge jets (SCJ) with passage of electric current through them. The possibilities of decreasing or increasing the depth of penetration of shaped-charge jets into targets are discussed. It is shown that the penetration capability of SCJs can be controlled by varying the electric pulse parameters.","","978-1-4799-2733-3","10.1109/EML.2014.6920697","","https://ieeexplore.ieee.org/stamp/stamp.jsp?arnumber=6920697","","Electrodes;Current;Magnetohydrodynamics;Shape;Finite element analysis;Materials;Steel","","","","12","IEEE","13 Oct 2014","7-11 July 2014","7-11 July 2014","IEEE","IEEE Conferences"
"Equatorial MU radar project","M. Yamamoto; H. Hashiguchi; M. Yamamoto; T. Tsuda","Research Institute for Sustainable Humanosphere (RISH), Kyoto University, Uji, Kyoto, Japan; Kyoto Daigaku, Kyoto, JP; Research Institute for Sustainable Humanosphere (RISH), Kyoto University, Uji, Kyoto, Japan; Research Institute for Sustainable Humanosphere (RISH), Kyoto University, Uji, Kyoto, Japan",2014 XXXIth URSI General Assembly and Scientific Symposium (URSI GASS),"20 Oct 2014","2014","","","1","1","Research Institute for Sustainable Humanosphere, Kyoto University (RISH) has been studying the atmosphere by using radars. The first big facility was the MU (Middle and Upper atmosphere) radar installed in Shiga, Japan in 1984. This is one of the most powerful and multi-functional radar, and is successful of revealing importance of atmospheric waves for the dynamical vertical coupling processes. The next big radar was the Equatorial Atmosphere Radar (EAR) installed at Kototabang, West Sumatra, Indonesia in 2001. The EAR was operated under close collaboration with LAPAN (Indonesia National Institute for Aeronautics and Space), and conducted the long-term continuous observations of the equatorial atmosphere/ionosphere for more than 10 years. The MU radar and the EAR are both utilized for inter-university and international collaborative research program for long time. National Institute for Polar Research (NIPR) joined EISCAT Scientific Association together with Nagoya University, and developed the PANSY radar at Syowa base in Antarctica as a joint project with University of Tokyo. These are the efforts of radar study of the atmosphere/ionosphere in the polar region. Now we can find that Japan holds a global network of big atmospheric/ionospheric radars. The EAR has the limitation of lower sensitivity compared with the other big radars shown above. RISH now proposes a plan of Equatorial MU Radar (EMU) that is to establish the MU-radar class radar next to the EAR. The EMU will have an active phased array antenna with the 163 m diameter and 1055 cross-element Yagis. Total output power of the EMU will be more than 500 kW. The EMU can detect turbulent echoes from the mesosphere (60–80 km). In the ionosphere incoherent-scatter observations of plasma density, drift, and temperature would be possible. Multi-channel receivers will realizes radar-imaging observations. The EMU is one of the key element in the project “Study of coupling processes in the solar-terrestrial system” for Master Plan 2014 of the Science Council of Japan (SCJ). We show the EMU project and its science in the presentation.","","978-1-4673-5225-3","10.1109/URSIGASS.2014.6929772","","https://ieeexplore.ieee.org/stamp/stamp.jsp?arnumber=6929772","","Radar;Atmospheric waves;Ear;Educational institutions;Radar antennas;Ionosphere","","","","","IEEE","20 Oct 2014","16-23 Aug. 2014","16-23 Aug. 2014","IEEE","IEEE Conferences"
"Static Extraction of Enforced Authorization Policies SeeAuthz","B. J. Berger; R. W. Nguempnang; K. Sohr; R. Koschke","Software Engineering Group, University of Bremen, Bremen, Germany; Software Engineering Group, University of Bremen, Bremen, Germany; Technologie-Zentrum Informatik und Informationstechnik, University of Bremen, Bremen, Germany; Software Engineering Group, University of Bremen, Bremen, Germany",2020 IEEE 20th International Working Conference on Source Code Analysis and Manipulation (SCAM),"11 Nov 2020","2020","","","187","197","Authorization is an intrinsic part of a software's security. Determining whether a user is allowed to access a resource or not is crucial, not only in safety-critical applications but also in everyday applications to prevent misuse of data or software. There is plenty of research dealing with validating and verifying authorization policies in the security community. Still, an implemented authorization policy does not necessarily match the planned authorization policy, i.e., even a validated and verified authorization policy can pose security issues when implemented incorrectly. This gap between planned and implemented authorization policy poses the risk of unauthorized access to sensitive resources due to insufficient authorization checks. Therefore, it is essential to ensure a system's security to validate the implemented authorization policy against the planned one. We, therefore, describe the authorization pattern and present an algorithm to extract authorization graphs from implemented authorization policies, which can then be used to compare against the planned authorization policy. To that end, we developed a configurable context-sensitive analysis tailored to Java-based software systems, where the context is the authorization facts that hold on each point. Using a configuration for Apache Shiro, a security library that supports authorization, we evaluated our implementation using an open-source repository system for the management and dissemination of digital content and a closed-source manufacturing execution system. We discuss additional usage scenarios of the analysis results and describe how to transfer the approach to other authorization policies and programming languages.","2470-6892","978-1-7281-9248-2","10.1109/SCAM51674.2020.00026","","https://ieeexplore.ieee.org/stamp/stamp.jsp?arnumber=9252008","security;authorization;static analysis","Authorization;Computer languages;Software algorithms;Static analysis;Software systems;Security;Open source software","","1","","34","IEEE","11 Nov 2020","28 Sept.-2 Oct. 2020","28 Sept.-2 Oct. 2020","IEEE","IEEE Conferences"
"Mitigating Sybil Attacks in V2X Communication Through Cryptographic Trust Anchors","M. Fayyad; A. Awad; E. P. De Freitas; W. O. De Morais; A. d. S. Roque","School of Information Technology, Halmstad University, Halmstad, Sweden; School of Information Technology, Halmstad University, Halmstad, Sweden; School of Information Technology, Halmstad University, Halmstad, Sweden; School of Information Technology, Halmstad University, Halmstad, Sweden; School of Information Technology, Halmstad University, Halmstad, Sweden",2026 13th International Conference on Future Internet of Things and Cloud (FiCloud),"26 Aug 2026","2026","","","81","87","Vehicle-to-Everything (V2X) communication enables vehicles to exchange safety-critical messages, but its reliance on temporary pseudonymous identities makes it vulnerable to Sybil attacks, where a single attacker fabricates multiple identities to inject false information into the network. This paper presents a lightweight cryptographic mechanism that combines SHA-256 Proof-of-Work token mining with a time-windowed ratecontrol layer to limit the number of new identities a vehicle can activate within a given interval. The mechanism was implemented in Java and evaluated through a parametric simulation across three independent variables: PoW difficulty, rate limit, and attack intensity. Results show that a difficulty of 4 and a rate limit of 5 tokens per 10-second window provide an effective balance between Sybil resistance and legitimate vehicle access in an 8-vehicle scenario, with an average mining time of 0.227 seconds. The evaluation identifies the rate-control layer as the primary security mechanism, while PoW difficulty increases the computational cost per identity without independently capping accepted tokens. The proposed approach is infrastructure-free and suitable for regulated V2X deployments where attackers represent a minority of the network.","2996-1017","979-8-3195-4739-2","10.1109/FiCloud70576.2026.00019","","https://ieeexplore.ieee.org/stamp/stamp.jsp?arnumber=11659664","Sybil attacks;V2X security;Trust Anchors;SHA- 256;Vehicle authentication","Vehicles;Vehicle-to-everything;Limiting;Timing;Windows;Proof of Work;Printing;Cryptography;Simulation;Signal detection","","","","19","IEEE","26 Aug 2026","20-22 July 2026","20-22 July 2026","IEEE","IEEE Conferences"
"An integrated platform for dynamic reliability and risk applications","J. Yang; X. Zhu; B. Tian; C. Jiang; C. Jiang; Z. He","School of Electric Power Engineering, South China University of Technology, 381 Wushan Road, Guangzhou, 510641, People's Republic of China; School of Electric Power Engineering, South China University of Technology, 381 Wushan Road, Guangzhou, 510641, People's Republic of China; School of Electric Power Engineering, South China University of Technology, 381 Wushan Road, Guangzhou, 510641, People's Republic of China; School of Electric Power Engineering, South China University of Technology, 381 Wushan Road, Guangzhou, 510641, People's Republic of China; China Electronic Product Reliability and Environmental Testing Research Institute, 78 Zhucun Road West, Guangzhou, 511370, People's Republic of China; China Electronic Product Reliability and Environmental Testing Research Institute, 78 Zhucun Road West, Guangzhou, 511370, People's Republic of China","15th International Conference on Quality, Reliability, Risk, Maintenance, and Safety Engineering (QR2MSE 2025)","19 Dec 2025","2025","2025","","346","352","In the paper, an integrated platform for dynamic reliability, risk, and safety analysis is presented. The platform consists of four core modules: (i) a simulation-driven fault injection machine that establishes probabilistic mapping schemes through Monte Carlo trace analysis of system dynamics; (ii) a matrix-based computational architecture supporting autonomous learning algorithms for Markov/CCMT model generation and adaptive updates; (iii) a hybrid compute engine incorporating system interdependencies and phased mission dynamics to enhance dynamic risk-based reliability assessment capabilities; (iv) an enhanced safety monitor that enables configuration risk management. The platform is developed using JAVA in MATLAB/Simulink environments. Considerable potentials can be envisioned to support risk-informed decision making and enhance safety management practices in safety-critical applications using the platform.","","978-1-80705-032-0","10.1049/icp.2025.3430","","https://ieeexplore.ieee.org/stamp/stamp.jsp?arnumber=11304977","","","","","","","","19 Dec 2025","23-26 July 2025","23-26 July 2025","IET","IET Conferences"
"Experimental Study on High-Power Radiation Performance of Shaped Charge Jet Antenna","J. Guo; B. Ma; Z. Huang; J. Shi; Y. Sun; G. Qian","School of Mechanical Engineering, Nanjing University of Science and Technology, Nanjing, China; School of Mechanical Engineering, Nanjing University of Science and Technology, Nanjing, China; School of Mechanical Engineering, Nanjing University of Science and Technology, Nanjing, China; Beijing Electro-Mechanical Engineering Institute, Beijing, China; School of Mechanical Engineering, Nanjing University of Science and Technology, Nanjing, China; School of Mechanical Engineering, Nanjing University of Science and Technology, Nanjing, China",2025 IEEE 8th International Conference on Mechatronics and Computer Technology Engineering (MCTE),"4 Nov 2025","2025","","","293","299","To address the challenge that conventional pulse antennas with fixed structures are difficult to adapt to transient wideband signals in high-power electromagnetic pulse (HPEMP) application scenarios, this study focuses on investigating the high-power radiation performance of shaped charge jet (SCJ) antenna. First, the structure of the jet antenna was improved, and a reverse feeding scheme with the ground plate located above the jet flange was proposed to enhance the stability of the radiation structure during explosive formation. Subsequently, static prototypes of jet antennas with two types of shaped charges (Φ30mm and 056mm) were designed and fabricated. The structural reliability and electromagnetic performance of the prototypes were verified through simulations using Autodyn and CST software, respectively. The simulation results show that after the improvement, the Φ30mm and 056mm jet antennas can maintain structural integrity for 32μs and 46μs after detonation, respectively, with their -lOdB impedance bandwidths reaching 56.9% and 28.6%, respectively. Furthermore, a high-power radiation test system based on a Marx circuit pulse source with a peak voltage of 6kV and a pulse width of O.4ns was built, and high-power pulse source radiation and reception tests were conducted using a log-periodic antenna as the receiving end. The test results indicate that under high-power pulse excitation, the peak power radiation efficiencies of the Φ30mm and 056mm jet antennas are 37.5% and 44%, respectively, and the power capacity reaches 3.6MW. This study confirms the application feasibility of shaped charge jet antennas in wideband high-power microwave systems and provides experimental and theoretical support for their engineering promotion.","","979-8-3315-9972-0","10.1109/MCTE67374.2025.11213524","","https://ieeexplore.ieee.org/stamp/stamp.jsp?arnumber=11213524","Pulse Antenna;HPEMP;Shaped Charge;Transient Antenna;Radiation Test","Microwave antennas;Prototypes;Adaptive arrays;Voltage;Antenna feeds;Broadband antennas;Impedance;Transient analysis;Antennas;Wideband","","","","11","IEEE","4 Nov 2025","29-31 Aug. 2025","29-31 Aug. 2025","IEEE","IEEE Conferences"
"MT27 Conference Chairs’ Introduction","H. Kitaguchi; T. Nakamoto",NA; NA,IEEE Transactions on Applied Superconductivity,"1 Sep 2022","2022","32","6","1","1","Presents the MT27 conference chair introductions. MT27, THE 27th International Conference on Magnet Technology, took place at Fukuoka International Congress Center, Fukuoka, Japan and online from November 15 to 19, 2021. The conference was co-hosted by the Cryogenics and Superconductivity Society of Japan (CSSJ), the Science Council of Japan (SCJ), and The Institute of Electrical Engineers of Japan (IEEJ) and supported by the IEEE Council on Superconductivity (IEEE CSC). After careful consideration on the conference format under the influence of global impact of COVID-19, MT27 was in an interactive hybrid format to allow participants who were unable to attend the onsite from across the globe.","1558-2515","","10.1109/TASC.2022.3197014","","https://ieeexplore.ieee.org/stamp/stamp.jsp?arnumber=9874727","","Special issues and sections;Meetings;Magnets","","","","0","IEEE","1 Sep 2022","Sept. 2022","","IEEE","IEEE Journals"
"[Title page i]","",,2015 IEEE 18th International Symposium on Real-Time Distributed Computing,"13 Jul 2015","2015","","","i","i","The following topics are dealt with: real-time distributed computing; legacy embedded control software; code generator; multicore processor; multihop wireless networks; mixed-criticality automotive systems; Ethernet network; safety-critical vehicular ad-hoc networks; Internet of Things; caches; and Java chip-multiprocessor.","2375-5261","978-1-4799-8781-8","10.1109/ISORC.2015.1","","https://ieeexplore.ieee.org/stamp/stamp.jsp?arnumber=7153775","","","","","","","IEEE","13 Jul 2015","13-17 April 2015","13-17 April 2015","IEEE","IEEE Conferences"
"[Title page i]","",,2008 11th IEEE High Assurance Systems Engineering Symposium,"12 Dec 2008","2008","","","i","i","The following topics are dealt with: path sensitive analysis; security flaws; transaction calculus; system test; security goal indicator trees; security inspection; client-server computation model; security risks; network attack datasets; security metrics; intrusion prevention; diskless checkpointing; hypervisor controlled mobile IP; virtual machine live migration; embedded processors; Trojan circuit detection; multithreaded communication protocol; bounded reachability analysis; program error slicing; interaction-based test sequence generation; contract-oriented specifications; string bugs; Spi calculus protocol specifications; Java code; safety-critical time triggered systems; software reliability analysis; layered memory architecture; sensor nodes security; fault-tolerant mobile ad hoc networks; peer-to-peer storage systems; distributed data management; ripple-based context-cognizant service discovery; service-oriented systems; UML2 sequence diagrams; grammar-based reverse engineering; cryptographic protocols; colored Petri nets; and reuse-oriented password authentication.","1530-2059","978-0-7695-3482-4","10.1109/HASE.2008.1","","https://ieeexplore.ieee.org/stamp/stamp.jsp?arnumber=4708849","","","","","","","IEEE","12 Dec 2008","3-5 Dec. 2008","3-5 Dec. 2008","IEEE","IEEE Conferences"
"[Front matter]","",,International Symposium on Code Generation and Optimization (CGO 2011),"5 May 2011","2011","","","i","ii","The following topics are dealt with: polyhedral compilation; machine learning; software-hardware co-design; DSP; data parallel heterogeneous system; GPU programming model; source-to-source compiler optimisation; safety-critical real-time system; WCET-aware C compiler; high-level language; low level code optimization; performance asymmetric multicore processors; tagless instruction cache; software transactional memory optimization; multiprocessor chip; vapor SIMD; on-chip cache hierarchy aware tile scheduling; data locality; NoC based multicore; embedded language; virtual machine; Java JIT compiler; highly scalable distributed dataflow analysis; and flow sensitive pointer analysis.","","978-1-61284-357-5","10.1109/CGO.2011.5764642","","https://ieeexplore.ieee.org/stamp/stamp.jsp?arnumber=5764642","","","","","","","IEEE","5 May 2011","2-6 April 2011","2-6 April 2011","IEEE","IEEE Conferences"
"Preliminary call for papers","",,URSI Radio Science Bulletin,"13 Jul 2022","2021","2021","377","55","55","The XXXVth URSI General Assembly and Scientific Symposium (URSI GASS 2023) is sponsored by The Institute of Electronics, Information and Communication Engineers (IEICE), the International Union of Radio Science (URSI), and the Science Council of Japan (SCJ), and will be held in Sapporo, Japan on August 19 – 26, 2023.","1024-4530","","10.23919/URSIRSB.2021.9829348","","https://ieeexplore.ieee.org/stamp/stamp.jsp?arnumber=9829348","","","","","","","","13 Jul 2022","June 2021","","URSI","URSI Journals"
